source_file,record_id_1,record_id_2,label,tc_exact_match,tc_conflict,tc_present_both,phone_exact_match,phone_match,phone_last7_match,phone_similarity,phone_present_both,email_exact_match,email_domain_match,email_username_similarity,city_exact_match,city_match,address_similarity,muhatap_no_exact_match,muhatap_no_conflict,muhatap_present_both,phonetic_exact_match,metaphone_exact_match,phonetic_close_match,name_similarity,name_jaro_winkler,name_token_similarity,name_levenshtein_similarity,name_present_both,email_similarity,email_present_both,first_name_similarity,surname_similarity,first_name_jaro_winkler,surname_jaro_winkler,first_name_exact_match,surname_exact_match,shared_contact_flag,shared_contact_name_conflict,household_risk_flag,same_surname_name_conflict,common_non_empty_fields
mukerrer_veri_seti.csv,REC001199,REC000628,0,0,1,1,0,0,0,0.28,1,0,0,0.25,0,0,0.6464,0,1,1,0,0,0,0.5237,0.5237,0.0,0.1667,1,0.2833,1,0.6,0.1818,0.6,0.0,0,0,0,0,0,0,7
mukerrer_veri_seti.csv,REC001972,REC000990,1,1,0,1,1,1,1,1.0,1,1,1,1.0,1,1,0.9474,0,1,1,1,1,1,1.0,1.0,1.0,1.0,1,1.0,1,1.0,1.0,1.0,1.0,1,1,1,0,0,0,7
mukerrer_veri_seti.csv,REC000900,REC000402,1,1,0,1,1,1,1,1.0,1,1,1,1.0,1,1,1.0,0,1,1,1,1,1,1.0,1.0,1.0,1.0,1,1.0,1,1.0,1.0,1.0,1.0,1,1,1,0,0,0,7
mukerrer_veri_seti.csv,REC000078,REC001097,1,1,0,1,1,1,1,1.0,1,1,1,1.0,1,1,0.9283,0,1,1,1,1,1,1.0,1.0,1.0,1.0,1,1.0,1,1.0,1.0,1.0,1.0,1,1,1,0,0,0,7
mukerrer_veri_seti.csv,REC000197,REC000910,1,0,0,0,1,1,1,1.0,1,1,1,1.0,1,1,1.0,0,1,1,1,1,1,1.0,1.0,1.0,1.0,1,1.0,1,1.0,1.0,1.0,1.0,1,1,1,0,0,0,6
mukerrer_veri_seti.csv,REC000821,REC000134,0,0,1,1,0,0,0,0.28,1,0,0,0.25,0,0,0.7446,0,1,1,0,0,0,0.4797,0.4797,0.0,0.3846,1,0.2176,1,0.4921,0.5619,0.4921,0.5619,0,0,0,0,0,0,7
mukerrer_veri_seti.csv,REC001947,REC001547,0,0,1,1,0,0,0,0.28,1,0,0,0.381,0,0,0.6923,0,1,1,0,0,0,0.6736,0.6736,0.5,0.6667,1,0.4459,1,0.4667,1.0,0.4667,1.0,0,1,0,0,0,1,7
mukerrer_veri_seti.csv,REC001625,REC000173,1,1,0,1,1,1,1,1.0,1,1,1,1.0,1,1,1.0,0,1,1,1,1,1,1.0,1.0,1.0,1.0,1,1.0,1,1.0,1.0,1.0,1.0,1,1,1,0,0,0,7
mukerrer_veri_seti.csv,REC000706,REC000480,1,1,0,1,1,1,1,1.0,1,1,1,1.0,1,1,1.0,0,1,1,1,1,1,1.0,1.0,1.0,1.0,1,1.0,1,1.0,1.0,1.0,1.0,1,1,1,0,0,0,7
mukerrer_veri_seti.csv,REC001256,REC001552,1,0,0,0,1,1,1,1.0,1,1,1,1.0,1,1,1.0,0,1,1,1,1,1,1.0,1.0,1.0,1.0,1,1.0,1,1.0,1.0,1.0,1.0,1,1,1,0,0,0,6
mukerrer_veri_seti.csv,REC000704,REC000581,1,0,0,0,1,1,1,1.0,1,1,1,1.0,1,1,1.0,0,1,1,1,1,1,1.0,1.0,1.0,1.0,1,1.0,1,1.0,1.0,1.0,1.0,1,1,1,0,0,0,6
mukerrer_veri_seti.csv,REC001484,REC001913,1,1,0,1,1,1,1,1.0,1,0,0,0.0,1,1,1.0,0,1,1,1,1,1,1.0,1.0,1.0,1.0,1,0.0,0,1.0,1.0,1.0,1.0,1,1,1,0,0,0,6
mukerrer_veri_seti.csv,REC000623,REC000001,0,0,1,1,0,0,0,0.28,1,0,0,0.25,0,0,0.655,0,1,1,0,0,0,0.6083,0.6083,0.5,0.5556,1,0.2947,1,0.575,0.5,0.575,0.5,0,0,0,0,0,0,7
mukerrer_veri_seti.csv,REC000326,REC000914,0,0,1,1,0,0,0,0.28,1,0,0,0.1667,0,0,0.6331,0,1,1,0,0,0,0.4545,0.4545,0.0,0.1818,1,0.151,1,0.4667,0.0,0.4667,0.0,0,0,0,0,0,0,7
mukerrer_veri_seti.csv,REC000500,REC001460,0,0,1,1,0,0,0,0.21,1,0,0,0.4167,0,0,0.6643,0,1,1,0,0,0,0.5515,0.5515,0.0,0.1818,1,0.4152,1,0.2222,0.4,0.0,0.0,0,0,0,0,0,0,7
mukerrer_veri_seti.csv,REC000011,REC000793,1,1,0,1,1,1,1,1.0,1,0,1,0.9412,1,1,1.0,0,1,1,1,1,1,1.0,1.0,1.0,1.0,1,0.9529,1,1.0,1.0,1.0,1.0,1,1,1,0,0,0,7
mukerrer_veri_seti.csv,REC000016,REC001275,1,1,0,1,1,1,1,1.0,1,1,1,1.0,1,1,1.0,0,1,1,1,1,1,1.0,1.0,1.0,1.0,1,1.0,1,1.0,1.0,1.0,1.0,1,1,1,0,0,0,7
mukerrer_veri_seti.csv,REC000031,REC001108,0,0,1,1,0,0,0,0.28,1,0,0,0.5,0,0,0.6458,0,1,1,0,0,0,0.4924,0.4924,0.0,0.1818,1,0.4833,1,0.4667,0.4667,0.4667,0.4667,0,0,0,0,0,0,7
mukerrer_veri_seti.csv,REC001884,REC000517,0,0,1,1,0,0,0,0.21,1,0,0,0.32,0,0,0.6208,0,1,1,0,0,0,0.6111,0.6111,0.35,0.0833,1,0.3034,1,0.7,0.4556,0.7,0.4556,0,0,0,0,0,0,7
mukerrer_veri_seti.csv,REC001322,REC001737,0,0,1,1,0,0,0,0.21,1,0,0,0.1818,1,1,0.6764,0,1,1,0,0,0,0.5944,0.5944,0.0,0.2,1,0.2205,1,0.5,0.4667,0.5,0.4667,0,0,0,0,0,0,7
mukerrer_veri_seti.csv,REC000314,REC000225,0,0,1,1,0,0,0,0.21,1,0,0,0.32,0,0,0.7096,0,1,1,0,0,0,0.5301,0.5301,0.4111,0.1538,1,0.3442,1,0.4556,0.8222,0.4556,0.8222,0,0,0,0,0,0,7
mukerrer_veri_seti.csv,REC000889,REC000701,1,1,0,1,1,1,1,1.0,1,1,1,1.0,1,1,1.0,0,1,1,0,0,0,0.697,0.697,0.6667,0.5909,1,1.0,1,0.55,1.0,0.55,1.0,0,1,1,0,1,1,7
mukerrer_veri_seti.csv,REC001301,REC001248,0,0,1,1,0,0,0,0.35,1,0,0,0.16,0,0,0.7761,0,1,1,0,0,0,0.6282,0.6282,0.0,0.2308,1,0.1467,1,0.6,0.5179,0.6,0.5179,0,0,0,0,0,0,7
mukerrer_veri_seti.csv,REC001803,REC000634,0,0,1,1,0,0,0,0.28,1,0,0,0.087,0,0,0.6292,0,1,1,0,0,0,0.4528,0.4528,0.0,0.25,1,0.1643,1,0.0,0.4833,0.0,0.4833,0,0,0,0,0,0,7
mukerrer_veri_seti.csv,REC001481,REC001466,1,1,0,1,1,1,1,1.0,1,1,1,1.0,1,1,0.9364,0,1,1,1,1,1,1.0,1.0,1.0,1.0,1,1.0,1,1.0,1.0,1.0,1.0,1,1,1,0,0,0,7
mukerrer_veri_seti.csv,REC001488,REC000958,0,0,1,1,0,0,0,0.21,1,0,0,0.2105,0,0,0.6136,0,1,1,0,0,0,0.5556,0.5556,0.0,0.1111,1,0.2434,1,0.0,0.6333,0.0,0.6333,0,0,0,0,0,0,7
mukerrer_veri_seti.csv,REC000943,REC000409,0,0,1,1,0,0,0,0.14,1,0,0,0.0741,0,0,0.7182,0,1,1,0,0,0,0.5,0.5,0.5,0.5,1,0.1122,1,0.4556,0.0,0.4556,0.0,0,0,0,0,0,0,7
mukerrer_veri_seti.csv,REC000725,REC000211,0,0,1,1,0,0,0,0.35,1,0,0,0.4167,0,0,0.6352,0,1,1,0,0,0,0.9205,0.9205,0.85,0.7692,1,0.4152,1,1.0,0.7,1.0,0.7,1,0,0,0,0,0,7
mukerrer_veri_seti.csv,REC000111,REC001898,0,0,1,1,0,0,0,0.21,1,0,0,0.25,1,1,0.9733,0,1,1,0,0,0,0.4571,0.4571,0.0,0.0833,1,0.2947,1,0.4476,0.4833,0.4476,0.4833,0,0,0,0,0,0,7
mukerrer_veri_seti.csv,REC001081,REC001860,0,0,1,1,0,0,0,0.28,1,0,1,0.2,0,0,0.6528,0,1,1,0,0,0,0.3106,0.3106,0.0,0.1818,1,0.36,1,0.0,0.0,0.0,0.0,0,0,0,0,0,0,7
mukerrer_veri_seti.csv,REC000287,REC000873,1,1,0,1,1,1,1,1.0,1,1,1,1.0,1,1,1.0,0,1,1,1,1,1,1.0,1.0,1.0,1.0,1,1.0,1,1.0,1.0,1.0,1.0,1,1,1,0,0,0,7
mukerrer_veri_seti.csv,REC000439,REC000995,0,0,1,1,0,0,0,0.28,1,0,0,0.2857,0,0,0.6266,0,1,1,0,0,0,0.6182,0.6182,0.0,0.1818,1,0.2917,1,0.67,0.51,0.67,0.51,0,0,0,0,0,0,7
mukerrer_veri_seti.csv,REC001281,REC001783,0,0,1,1,0,0,0,0.14,1,0,0,0.5217,1,1,0.5732,0,1,1,0,0,0,0.4904,0.4904,0.0,0.25,1,0.4361,1,0.0,0.5556,0.0,0.5556,0,0,0,0,0,0,7
mukerrer_veri_seti.csv,REC001474,REC001794,0,0,1,1,0,0,0,0.21,1,0,0,0.1667,1,1,0.618,0,1,1,0,0,0,0.5657,0.5657,0.0,0.3333,1,0.1491,1,0.2,0.3636,0.0,0.0,0,0,0,0,0,0,7
mukerrer_veri_seti.csv,REC001529,REC001533,1,1,0,1,1,1,1,1.0,1,1,1,1.0,1,1,1.0,0,1,1,1,1,1,1.0,1.0,1.0,1.0,1,1.0,1,1.0,1.0,1.0,1.0,1,1,1,0,0,0,7
mukerrer_veri_seti.csv,REC000658,REC001959,1,0,0,0,1,1,1,1.0,1,1,1,1.0,1,1,1.0,0,1,1,1,1,1,1.0,1.0,1.0,1.0,1,1.0,1,1.0,1.0,1.0,1.0,1,1,1,0,0,0,6
mukerrer_veri_seti.csv,REC000626,REC000717,0,0,1,1,0,0,0,0.28,1,0,0,0.3333,0,0,0.593,0,1,1,0,0,0,0.725,0.725,0.725,0.0909,1,0.3549,1,0.65,0.2222,0.65,0.0,0,0,0,0,0,0,7
mukerrer_veri_seti.csv,REC000573,REC000698,0,0,1,1,0,0,0,0.21,1,0,0,0.3333,1,1,0.5645,0,1,1,0,0,0,0.6167,0.6167,0.0,0.25,1,0.35,1,0.4722,0.6,0.4722,0.6,0,0,0,0,0,0,7
mukerrer_veri_seti.csv,REC000367,REC001522,1,1,0,1,1,1,1,1.0,1,1,1,1.0,1,1,1.0,0,1,1,1,1,1,1.0,1.0,1.0,1.0,1,1.0,1,1.0,1.0,1.0,1.0,1,1,1,0,0,0,7
mukerrer_veri_seti.csv,REC001098,REC000245,0,0,1,1,0,0,0,0.42,1,0,1,0.5263,0,0,0.6454,0,1,1,0,0,0,0.8956,0.8956,0.5,0.7,1,0.6211,1,1.0,0.6333,1.0,0.6333,1,0,0,0,0,0,7
mukerrer_veri_seti.csv,REC000757,REC000501,0,0,1,1,0,0,0,0.28,1,0,0,0.4545,0,0,0.6271,0,1,1,0,0,0,0.5242,0.5242,0.0,0.1818,1,0.4318,1,0.2222,0.2,0.0,0.0,0,0,0,0,0,0,7
mukerrer_veri_seti.csv,REC000505,REC001167,0,0,1,1,0,0,0,0.28,1,0,0,0.2609,1,1,0.6366,0,1,1,0,0,0,0.5571,0.5571,0.0,0.0833,1,0.2876,1,0.4556,0.4667,0.4556,0.4667,0,0,0,0,0,0,7
mukerrer_veri_seti.csv,REC001901,REC001399,1,1,0,1,1,1,1,1.0,1,1,1,1.0,1,1,1.0,0,1,1,1,1,1,1.0,1.0,1.0,1.0,1,1.0,1,1.0,1.0,1.0,1.0,1,1,1,0,0,0,7
mukerrer_veri_seti.csv,REC000483,REC000840,1,1,0,1,1,1,1,1.0,1,1,1,1.0,1,1,1.0,0,1,1,1,1,1,1.0,1.0,1.0,1.0,1,1.0,1,1.0,1.0,1.0,1.0,1,1,1,0,0,0,7
mukerrer_veri_seti.csv,REC000851,REC000707,1,1,0,1,1,1,1,1.0,1,1,1,1.0,1,1,1.0,0,1,1,1,1,1,1.0,1.0,1.0,1.0,1,1.0,1,1.0,1.0,1.0,1.0,1,1,1,0,0,0,7
mukerrer_veri_seti.csv,REC000800,REC000005,0,0,1,1,0,0,0,0.35,1,0,0,0.25,1,1,0.9798,0,1,1,0,0,0,0.5242,0.5242,0.0,0.1818,1,0.2632,1,0.6111,0.0,0.6111,0.0,0,0,0,0,0,0,7
mukerrer_veri_seti.csv,REC001987,REC001440,1,0,0,0,1,1,1,1.0,1,1,1,1.0,1,1,1.0,0,1,1,1,1,1,1.0,1.0,1.0,1.0,1,1.0,1,1.0,1.0,1.0,1.0,1,1,1,0,0,0,6
mukerrer_veri_seti.csv,REC002008,REC001965,0,0,1,1,0,0,0,0.21,1,0,0,0.5333,0,0,0.6136,0,1,1,0,0,0,0.4762,0.4762,0.3611,0.1429,1,0.46,1,0.0,0.55,0.0,0.55,0,0,0,0,0,0,7
mukerrer_veri_seti.csv,REC000136,REC000549,0,0,1,1,0,0,0,0.28,1,0,0,0.24,1,1,0.6944,0,1,1,0,0,0,0.6004,0.6004,0.0,0.3846,1,0.2867,1,0.6,0.5857,0.6,0.5857,0,0,0,0,0,0,7
mukerrer_veri_seti.csv,REC001847,REC000888,0,0,1,1,0,0,0,0.28,1,0,0,0.2105,0,0,0.6024,0,1,1,0,0,0,0.5354,0.5354,0.0,0.2727,1,0.2018,1,0.4833,0.4833,0.4833,0.4833,0,0,0,0,0,0,7
mukerrer_veri_seti.csv,REC001945,REC001693,0,0,1,1,0,0,0,0.28,1,0,0,0.0909,0,0,0.6169,0,1,1,0,0,0,0.4859,0.4859,0.0,0.2308,1,0.1561,1,0.1818,0.4667,0.0,0.4667,0,0,0,0,0,0,7
mukerrer_veri_seti.csv,REC000205,REC001154,0,0,1,1,0,0,0,0.35,1,0,1,0.2727,0,0,0.7565,0,1,1,0,0,0,0.4606,0.4606,0.0,0.1818,1,0.4182,1,0.2,0.0,0.0,0.0,0,0,0,0,0,0,7
mukerrer_veri_seti.csv,REC000032,REC001882,1,1,0,1,1,1,1,1.0,1,1,1,1.0,1,1,1.0,0,1,1,1,1,1,1.0,1.0,1.0,1.0,1,1.0,1,1.0,1.0,1.0,1.0,1,1,1,0,0,0,7
mukerrer_veri_seti.csv,REC001229,REC001885,1,1,0,1,1,1,1,1.0,1,1,1,1.0,1,1,1.0,0,1,1,0,0,0,0.9857,0.9857,0.9857,0.8462,1,1.0,1,0.9714,1.0,0.9714,1.0,0,1,1,0,0,0,7
mukerrer_veri_seti.csv,REC001912,REC001263,1,1,0,1,1,1,1,1.0,1,1,1,1.0,1,1,1.0,0,1,1,1,1,1,1.0,1.0,1.0,1.0,1,1.0,1,1.0,1.0,1.0,1.0,1,1,1,0,0,0,7
mukerrer_veri_seti.csv,REC000899,REC000369,1,1,0,1,1,1,1,1.0,1,1,1,1.0,1,1,1.0,0,1,1,1,0,1,0.9333,0.9333,0.6667,0.6667,1,1.0,1,1.0,0.4556,1.0,0.4556,1,0,1,0,0,0,7
mukerrer_veri_seti.csv,REC001817,REC000431,0,0,1,1,0,0,0,0.21,1,0,0,0.1905,0,0,0.6521,0,1,1,0,0,0,0.65,0.65,0.5,0.6,1,0.2206,1,0.4667,1.0,0.4667,1.0,0,1,0,0,0,1,7
mukerrer_veri_seti.csv,REC002004,REC001494,0,0,1,1,0,0,0,0.28,1,0,0,0.25,0,0,0.6449,0,1,1,0,0,0,0.5242,0.5242,0.0,0.1818,1,0.3412,1,0.4667,0.2222,0.4667,0.0,0,0,0,0,0,0,7
mukerrer_veri_seti.csv,REC000406,REC000675,1,0,0,0,1,1,1,1.0,1,1,1,1.0,1,1,1.0,0,1,1,1,1,1,1.0,1.0,1.0,1.0,1,1.0,1,1.0,1.0,1.0,1.0,1,1,1,0,0,0,6
mukerrer_veri_seti.csv,REC000744,REC000230,0,0,1,1,0,0,0,0.21,1,0,0,0.3077,1,1,0.9905,0,1,1,0,0,0,0.5571,0.5571,0.0,0.1538,1,0.3295,1,0.4643,0.5778,0.4643,0.5778,0,0,0,0,0,0,7
mukerrer_veri_seti.csv,REC000640,REC001639,1,1,0,1,1,1,1,1.0,1,0,0,1.0,1,1,1.0,0,1,1,1,1,1,1.0,1.0,1.0,1.0,1,0.8833,1,1.0,1.0,1.0,1.0,1,1,1,0,0,0,7
mukerrer_veri_seti.csv,REC000878,REC001198,0,0,1,1,0,0,0,0.21,1,0,1,0.2759,0,0,0.6907,0,1,1,0,0,0,0.7249,0.7249,0.5,0.5385,1,0.4207,1,0.0,1.0,0.0,1.0,0,1,0,0,0,1,7
mukerrer_veri_seti.csv,REC001721,REC001236,0,0,1,1,0,0,0,0.28,1,0,0,0.4167,0,0,0.7419,0,1,1,0,0,0,0.925,0.925,0.925,0.75,1,0.4083,1,0.0,0.0,0.0,0.0,0,0,0,0,0,0,7
mukerrer_veri_seti.csv,REC000313,REC000785,0,0,1,1,0,0,0,0.35,1,0,1,0.1481,0,0,0.6501,0,1,1,0,0,0,0.5301,0.5301,0.0,0.1538,1,0.3185,1,0.2,0.5651,0.0,0.5651,0,0,0,0,0,0,7
mukerrer_veri_seti.csv,REC000746,REC000404,0,0,1,1,0,0,0,0.28,1,0,0,0.5455,0,0,0.6866,0,1,1,0,0,0,0.4472,0.4472,0.0,0.2,1,0.5221,1,0.0,0.5,0.0,0.5,0,0,0,0,0,0,7
mukerrer_veri_seti.csv,REC001076,REC001469,1,1,0,1,1,1,1,1.0,1,1,1,1.0,1,1,1.0,0,1,1,1,1,1,1.0,1.0,1.0,1.0,1,1.0,1,1.0,1.0,1.0,1.0,1,1,1,0,0,0,7
mukerrer_veri_seti.csv,REC001314,REC000720,0,0,1,1,0,0,0,0.28,1,0,0,0.2609,1,1,0.8022,0,1,1,0,0,0,0.5879,0.5879,0.3666,0.0909,1,0.2837,1,0.7333,0.0,0.7333,0.0,0,0,0,0,0,0,7
mukerrer_veri_seti.csv,REC001526,REC000506,0,0,1,1,0,0,0,0.21,1,0,1,0.25,1,1,0.6356,0,1,1,0,0,0,0.5237,0.5237,0.35,0.0833,1,0.4,1,0.2222,0.4444,0.0,0.4444,0,0,0,0,0,0,7
mukerrer_veri_seti.csv,REC001633,REC000682,1,1,0,1,1,1,1,1.0,1,1,1,1.0,1,1,1.0,0,1,1,1,1,1,0.9846,0.9846,0.9833,0.8462,1,1.0,1,1.0,0.9667,1.0,0.9667,1,0,1,0,0,0,7
mukerrer_veri_seti.csv,REC000546,REC001894,1,0,0,0,1,1,1,1.0,1,0,0,0.0,1,1,1.0,0,1,1,1,1,1,1.0,1.0,1.0,1.0,1,0.0,0,1.0,1.0,1.0,1.0,1,1,1,0,0,0,5
mukerrer_veri_seti.csv,REC001698,REC000156,0,0,1,1,0,0,0,0.35,1,0,0,0.4545,0,0,0.7112,0,1,1,1,1,1,1.0,1.0,1.0,1.0,1,0.4584,1,1.0,1.0,1.0,1.0,1,1,0,0,0,0,7
mukerrer_veri_seti.csv,REC001685,REC000824,0,0,1,1,0,0,0,0.28,1,0,0,0.2308,0,0,0.8031,0,1,1,0,0,0,0.4286,0.4286,0.0,0.2143,1,0.232,1,0.4921,0.2,0.4921,0.0,0,0,0,0,0,0,7
mukerrer_veri_seti.csv,REC001273,REC000939,0,0,1,1,0,0,0,0.35,1,0,0,0.1667,0,0,0.6979,0,1,1,0,0,0,0.4056,0.4056,0.0,0.0833,1,0.1521,1,0.4833,0.51,0.4833,0.51,0,0,0,0,0,0,7
mukerrer_veri_seti.csv,REC001999,REC000380,0,0,1,1,0,0,0,0.21,1,0,1,0.6087,0,0,0.6843,0,1,1,0,0,0,0.71,0.71,0.3666,0.3636,1,0.687,1,0.6222,0.7333,0.6222,0.7333,0,0,0,0,0,0,7
mukerrer_veri_seti.csv,REC000859,REC000168,0,0,1,1,0,0,0,0.21,1,0,0,0.2609,0,0,0.7043,0,1,1,0,0,0,0.6596,0.6596,0.0,0.2727,1,0.3087,1,0.4833,0.4667,0.4833,0.4667,0,0,0,0,0,0,7
mukerrer_veri_seti.csv,REC000847,REC000273,0,0,1,1,0,0,0,0.28,1,0,0,0.1667,1,1,0.6554,0,1,1,0,0,0,0.5048,0.5048,0.0,0.2143,1,0.2123,1,0.4643,0.4556,0.4643,0.4556,0,0,0,0,0,0,7
mukerrer_veri_seti.csv,REC000141,REC000381,0,0,1,1,0,0,0,0.28,1,0,0,0.1667,0,0,0.6909,0,1,1,0,0,0,0.4934,0.4934,0.0,0.0714,1,0.2123,1,0.6151,0.0,0.6151,0.0,0,0,0,0,0,0,7
mukerrer_veri_seti.csv,REC000237,REC001950,0,0,1,1,0,0,0,0.28,1,0,0,0.6364,0,0,0.6458,0,1,1,0,0,0,0.6034,0.6034,0.0,0.2727,1,0.5973,1,0.6222,0.25,0.6222,0.0,0,0,0,0,0,0,7
mukerrer_veri_seti.csv,REC000883,REC001350,0,0,1,1,0,0,0,0.28,1,0,0,0.381,1,1,0.631,0,1,1,0,0,0,0.4242,0.4242,0.4067,0.3636,1,0.3762,1,0.4667,0.0,0.4667,0.0,0,0,0,0,0,0,7
mukerrer_veri_seti.csv,REC001905,REC000604,0,0,1,1,0,0,0,0.21,1,0,0,0.3636,0,0,0.6605,0,1,1,0,0,0,0.4306,0.4306,0.0,0.0833,1,0.3742,1,0.4833,0.0,0.4833,0.0,0,0,0,0,0,0,7
mukerrer_veri_seti.csv,REC001218,REC001186,0,0,1,1,0,0,0,0.35,1,0,0,0.2963,1,1,0.8281,0,1,1,0,0,0,0.4615,0.4615,0.3916,0.2308,1,0.3325,1,0.4667,0.4643,0.4667,0.4643,0,0,0,0,0,0,7
mukerrer_veri_seti.csv,REC000479,REC001711,0,0,1,1,0,0,0,0.21,1,0,0,0.3158,0,0,0.6832,0,1,1,0,0,0,0.4962,0.4962,0.0,0.2727,1,0.286,1,0.4833,0.25,0.4833,0.0,0,0,0,0,0,0,7
mukerrer_veri_seti.csv,REC001756,REC001153,1,1,0,1,1,1,1,1.0,1,0,0,1.0,1,1,1.0,0,1,1,1,1,1,1.0,1.0,1.0,1.0,1,0.875,1,1.0,1.0,1.0,1.0,1,1,1,0,0,0,7
mukerrer_veri_seti.csv,REC001732,REC001063,1,1,0,1,1,1,1,1.0,1,1,1,1.0,1,1,0.924,0,1,1,1,1,1,1.0,1.0,1.0,1.0,1,1.0,1,1.0,1.0,1.0,1.0,1,1,1,0,0,0,7
mukerrer_veri_seti.csv,REC001870,REC000048,1,1,0,1,1,1,1,1.0,1,1,1,1.0,1,1,1.0,0,1,1,1,1,1,1.0,1.0,1.0,1.0,1,1.0,1,1.0,1.0,1.0,1.0,1,1,1,0,0,0,7
mukerrer_veri_seti.csv,REC000435,REC000999,0,0,1,1,0,0,0,0.14,1,0,1,0.5455,0,0,0.6859,0,1,1,1,1,1,1.0,1.0,1.0,1.0,1,0.6364,1,1.0,1.0,1.0,1.0,1,1,0,0,0,0,7
mukerrer_veri_seti.csv,REC000271,REC001745,0,0,1,1,0,0,0,0.35,1,0,1,0.2308,0,0,0.5918,0,1,1,0,0,0,0.5333,0.5333,0.5,0.5,1,0.3846,1,0.4833,0.4556,0.4833,0.4556,0,0,0,0,0,0,7
mukerrer_veri_seti.csv,REC001800,REC001487,1,1,0,1,1,1,1,1.0,1,0,0,1.0,1,1,1.0,0,1,1,1,1,1,1.0,1.0,1.0,1.0,1,0.9,1,1.0,1.0,1.0,1.0,1,1,1,0,0,0,7
mukerrer_veri_seti.csv,REC001891,REC001915,1,0,0,0,1,1,1,1.0,1,0,0,0.0,1,1,0.0,0,1,1,1,1,1,1.0,1.0,1.0,1.0,1,0.0,0,1.0,1.0,1.0,1.0,1,1,1,0,0,0,4
mukerrer_veri_seti.csv,REC001550,REC000158,1,1,0,1,1,1,1,1.0,1,1,1,1.0,1,1,1.0,0,1,1,0,0,0,0.74,0.74,0.9,0.9,1,1.0,1,0.8,1.0,0.8,1.0,0,1,1,0,0,1,7
mukerrer_veri_seti.csv,REC000740,REC000466,0,0,1,1,0,0,0,0.28,1,0,1,0.3448,0,0,0.6116,0,1,1,0,0,0,0.8333,0.8333,0.5,0.5833,1,0.4759,1,1.0,0.4444,1.0,0.4444,1,0,0,0,0,0,7
mukerrer_veri_seti.csv,REC000075,REC001412,1,1,0,1,1,1,1,1.0,1,1,1,1.0,1,1,1.0,0,1,1,1,1,1,0.9833,0.9833,0.9722,0.8333,1,1.0,1,1.0,0.9444,1.0,0.9444,1,0,1,0,0,0,7
mukerrer_veri_seti.csv,REC001831,REC000223,0,0,1,1,0,0,0,0.28,1,0,1,0.32,0,0,0.7387,0,1,1,1,0,1,0.8885,0.8885,0.5,0.6923,1,0.456,1,1.0,0.5778,1.0,0.5778,1,0,0,0,0,0,7
mukerrer_veri_seti.csv,REC001366,REC001662,0,0,1,1,0,0,0,0.28,1,0,0,0.4615,0,0,0.7302,0,1,1,0,0,0,0.9333,0.9333,0.9222,0.8333,1,0.4549,1,1.0,0.8444,1.0,0.8444,1,0,0,0,0,0,7
mukerrer_veri_seti.csv,REC001047,REC001645,0,0,1,1,0,0,0,0.28,1,0,0,0.2143,0,0,0.7591,0,1,1,0,0,0,0.5516,0.5516,0.5,0.5714,1,0.2614,1,0.5397,0.4643,0.5397,0.4643,0,0,0,0,0,0,7
mukerrer_veri_seti.csv,REC001007,REC001542,1,1,0,1,1,1,1,1.0,1,1,1,1.0,1,1,1.0,0,1,1,0,0,0,0.74,0.74,0.6667,0.6,1,1.0,1,1.0,1.0,1.0,1.0,1,1,1,0,0,1,7
mukerrer_veri_seti.csv,REC001029,REC001537,1,0,0,0,1,1,1,1.0,1,1,1,1.0,1,1,1.0,0,1,1,1,1,1,1.0,1.0,1.0,1.0,1,1.0,1,1.0,1.0,1.0,1.0,1,1,1,0,0,0,6
mukerrer_veri_seti.csv,REC001594,REC001459,0,0,1,1,0,0,0,0.14,1,0,0,0.6364,0,0,0.6289,0,1,1,0,0,0,0.5848,0.5848,0.0,0.2727,1,0.5841,1,0.6722,0.4667,0.6722,0.4667,0,0,0,0,0,0,7
mukerrer_veri_seti.csv,REC000781,REC000791,1,1,0,1,1,1,1,1.0,1,1,1,1.0,1,1,1.0,0,1,1,1,0,1,0.94,0.94,0.6667,0.7,1,1.0,1,1.0,0.55,1.0,0.55,1,0,1,0,0,0,7
mukerrer_veri_seti.csv,REC000315,REC000812,0,0,1,1,0,0,0,0.42,1,0,1,0.2609,0,0,0.7937,0,1,1,0,0,0,0.8182,0.8182,0.5,0.4545,1,0.4087,1,1.0,0.1667,1.0,0.0,1,0,0,0,0,0,7
mukerrer_veri_seti.csv,REC001787,REC001729,0,0,1,1,0,0,0,0.35,1,0,0,0.32,0,0,0.6182,0,1,1,0,0,0,0.6264,0.6264,0.0,0.3636,1,0.3274,1,0.64,0.4833,0.64,0.4833,0,0,0,0,0,0,7
mukerrer_veri_seti.csv,REC001293,REC001450,0,0,1,1,0,0,0,0.35,1,0,0,0.6,0,0,0.6901,0,1,1,0,0,0,0.8805,0.8805,0.5,0.5455,1,0.5633,1,1.0,0.5889,1.0,0.5889,1,0,0,0,0,0,7
mukerrer_veri_seti.csv,REC000526,REC001296,1,1,0,1,1,1,1,1.0,1,1,1,1.0,1,1,0.9256,0,1,1,1,1,1,1.0,1.0,1.0,1.0,1,1.0,1,1.0,1.0,1.0,1.0,1,1,1,0,0,0,7
mukerrer_veri_seti.csv,REC001258,REC000123,1,0,0,0,1,1,1,1.0,1,1,1,1.0,1,1,1.0,0,1,1,1,1,1,0.9692,0.9692,0.9667,0.9231,1,1.0,1,1.0,0.9333,1.0,0.9333,1,0,1,0,0,0,6
mukerrer_veri_seti.csv,REC000226,REC001418,1,1,0,1,1,1,1,1.0,1,0,0,0.0,1,1,0.0,0,1,1,1,1,1,1.0,1.0,1.0,1.0,1,0.0,0,1.0,1.0,1.0,1.0,1,1,1,0,0,0,5
mukerrer_veri_seti.csv,REC001104,REC001984,0,0,1,1,0,0,0,0.14,1,0,0,0.2143,0,0,0.6864,0,1,1,0,0,0,0.6039,0.6039,0.5,0.5714,1,0.2532,1,0.5397,0.5556,0.5397,0.5556,0,0,0,0,0,0,7
mukerrer_veri_seti.csv,REC001344,REC001586,1,1,0,1,1,1,1,1.0,1,1,1,1.0,1,1,1.0,0,1,1,1,0,1,0.9238,0.9238,0.6667,0.619,1,1.0,1,1.0,0.4286,1.0,0.4286,1,0,1,0,0,0,7
mukerrer_veri_seti.csv,REC000770,REC000239,1,0,0,0,1,1,1,1.0,1,1,1,1.0,1,1,1.0,0,1,1,1,1,1,1.0,1.0,1.0,1.0,1,1.0,1,1.0,1.0,1.0,1.0,1,1,1,0,0,0,6
mukerrer_veri_seti.csv,REC000261,REC001541,0,0,1,1,0,0,0,0.42,1,0,0,0.1739,0,0,0.7868,0,1,1,0,0,0,0.4333,0.4333,0.0,0.1,1,0.1921,1,0.5111,0.2222,0.5111,0.0,0,0,0,0,0,0,7
mukerrer_veri_seti.csv,REC001313,REC001575,0,0,1,1,0,0,0,0.28,1,0,0,0.2609,0,0,0.6356,0,1,1,0,0,0,0.9136,0.9136,0.85,0.75,1,0.2987,1,1.0,0.7,1.0,0.7,1,0,0,0,0,0,7
mukerrer_veri_seti.csv,REC001172,REC001478,0,0,1,1,0,0,0,0.35,1,0,0,0.3333,0,0,0.6409,0,1,1,0,0,0,0.6447,0.6447,0.0,0.1667,1,0.35,1,0.6333,0.5556,0.6333,0.5556,0,0,0,0,0,0,7
mukerrer_veri_seti.csv,REC000551,REC000758,1,1,0,1,1,1,1,1.0,1,1,1,1.0,1,1,1.0,0,1,1,1,1,1,1.0,1.0,1.0,1.0,1,1.0,1,1.0,1.0,1.0,1.0,1,1,1,0,0,0,7
mukerrer_veri_seti.csv,REC000762,REC001457,1,0,0,0,1,1,1,1.0,1,1,1,1.0,1,1,1.0,0,1,1,1,1,1,1.0,1.0,1.0,1.0,1,1.0,1,1.0,1.0,1.0,1.0,1,1,1,0,0,0,6
mukerrer_veri_seti.csv,REC001129,REC000877,1,1,0,1,1,1,1,1.0,1,1,1,1.0,1,1,0.9349,0,1,1,1,1,1,1.0,1.0,1.0,1.0,1,1.0,1,1.0,1.0,1.0,1.0,1,1,1,0,0,0,7
mukerrer_veri_seti.csv,REC000266,REC001520,1,1,0,1,1,1,1,1.0,1,1,1,1.0,1,1,1.0,0,1,1,1,1,1,1.0,1.0,1.0,1.0,1,1.0,1,1.0,1.0,1.0,1.0,1,1,1,0,0,0,7
mukerrer_veri_seti.csv,REC001886,REC000994,1,1,0,1,1,1,1,1.0,1,1,1,1.0,1,1,1.0,0,1,1,1,1,1,0.9795,0.9795,0.9778,0.8462,1,1.0,1,0.9556,1.0,0.9556,1.0,0,1,1,0,0,0,7
mukerrer_veri_seti.csv,REC001332,REC000589,1,1,0,1,1,1,1,1.0,1,1,1,1.0,1,1,1.0,0,1,1,1,1,1,1.0,1.0,1.0,1.0,1,1.0,1,1.0,1.0,1.0,1.0,1,1,1,0,0,0,7
mukerrer_veri_seti.csv,REC001428,REC000251,1,0,1,1,1,1,1,1.0,1,1,1,1.0,1,1,1.0,0,1,1,0,0,0,0.74,0.74,0.6667,0.7222,1,1.0,1,0.0,1.0,0.0,1.0,0,1,1,1,1,1,7
mukerrer_veri_seti.csv,REC001096,REC001946,1,0,0,0,1,1,1,1.0,1,1,1,1.0,1,1,0.0,0,1,1,1,1,1,1.0,1.0,1.0,1.0,1,1.0,1,1.0,1.0,1.0,1.0,1,1,1,0,0,0,5
mukerrer_veri_seti.csv,REC001702,REC000588,0,0,1,1,0,0,0,0.35,1,0,0,0.1667,1,1,0.9857,0,1,1,0,0,0,0.2889,0.2889,0.0,0.25,1,0.2167,1,0.0,0.0,0.0,0.0,0,0,0,0,0,0,7
mukerrer_veri_seti.csv,REC001560,REC001741,1,0,0,0,1,1,1,1.0,1,1,1,1.0,1,1,1.0,0,1,1,1,1,1,1.0,1.0,1.0,1.0,1,1.0,1,1.0,1.0,1.0,1.0,1,1,1,0,0,0,6
mukerrer_veri_seti.csv,REC000545,REC001842,1,1,0,1,1,1,1,1.0,1,1,1,1.0,1,1,1.0,0,1,1,1,0,1,0.9333,0.9333,0.6667,0.6667,1,1.0,1,1.0,0.5619,1.0,0.5619,1,0,1,0,0,0,7
mukerrer_veri_seti.csv,REC000674,REC001779,1,1,0,1,1,1,1,1.0,1,1,1,1.0,1,1,1.0,0,1,1,1,1,1,1.0,1.0,1.0,1.0,1,1.0,1,1.0,1.0,1.0,1.0,1,1,1,0,0,0,7
mukerrer_veri_seti.csv,REC000530,REC000727,0,0,1,1,0,0,0,0.28,1,0,0,0.4,0,0,0.75,0,1,1,1,0,1,0.8964,0.8964,0.5,0.6875,1,0.4033,1,1.0,0.6389,1.0,0.6389,1,0,0,0,0,0,7
mukerrer_veri_seti.csv,REC000099,REC000709,1,1,0,1,1,1,1,1.0,1,1,1,1.0,1,1,0.9284,0,1,1,1,1,1,1.0,1.0,1.0,1.0,1,1.0,1,1.0,1.0,1.0,1.0,1,1,1,0,0,0,7
mukerrer_veri_seti.csv,REC001302,REC000929,0,0,1,1,0,0,0,0.28,1,0,0,0.32,1,1,0.9783,0,1,1,0,0,0,0.4738,0.4738,0.0,0.3077,1,0.2736,1,0.0,0.5397,0.0,0.5397,0,0,0,0,0,0,7
mukerrer_veri_seti.csv,REC000457,REC001926,0,0,1,1,0,0,0,0.28,1,0,0,0.25,1,1,0.9852,0,1,1,0,0,0,0.6508,0.6508,0.3916,0.0,1,0.3,1,0.7833,0.6429,0.7833,0.6429,0,0,0,0,0,0,7
mukerrer_veri_seti.csv,REC000930,REC000324,0,0,1,1,0,0,0,0.21,1,0,0,0.2609,0,0,0.5836,0,1,1,0,0,0,0.4778,0.4778,0.0,0.1667,1,0.3087,1,0.4667,0.4444,0.4667,0.4444,0,0,0,0,0,0,7
mukerrer_veri_seti.csv,REC000547,REC001373,0,0,1,1,0,0,0,0.21,1,0,0,0.1739,1,1,0.9791,0,1,1,0,0,0,0.4508,0.4508,0.0,0.1818,1,0.2225,1,0.4667,0.0,0.4667,0.0,0,0,0,0,0,0,7
mukerrer_veri_seti.csv,REC001627,REC000763,1,1,0,1,1,1,1,1.0,1,1,1,1.0,1,1,0.9163,0,1,1,1,1,1,1.0,1.0,1.0,1.0,1,1.0,1,1.0,1.0,1.0,1.0,1,1,1,0,0,0,7
mukerrer_veri_seti.csv,REC000845,REC000363,0,0,1,1,0,0,0,0.35,1,0,0,0.2857,0,0,0.6005,0,1,1,0,0,0,0.74,0.74,0.5,0.6667,1,0.3104,1,0.4667,1.0,0.4667,1.0,0,1,0,0,0,1,7
mukerrer_veri_seti.csv,REC001401,REC000221,1,1,0,1,1,1,1,1.0,1,1,1,1.0,1,1,1.0,0,1,1,1,1,1,1.0,1.0,1.0,1.0,1,1.0,1,1.0,1.0,1.0,1.0,1,1,1,0,0,0,7
mukerrer_veri_seti.csv,REC001969,REC001490,1,1,0,1,1,1,1,1.0,1,1,1,1.0,1,1,1.0,0,1,1,1,1,1,1.0,1.0,1.0,1.0,1,1.0,1,1.0,1.0,1.0,1.0,1,1,1,0,0,0,7
mukerrer_veri_seti.csv,REC001338,REC000305,1,1,0,1,1,1,1,1.0,1,1,1,1.0,1,1,0.9333,0,1,1,1,1,1,1.0,1.0,1.0,1.0,1,1.0,1,1.0,1.0,1.0,1.0,1,1,1,0,0,0,7
mukerrer_veri_seti.csv,REC000601,REC001131,0,0,1,1,0,0,0,0.21,1,0,0,0.5385,0,0,0.6553,0,1,1,0,0,0,0.5429,0.5429,0.35,0.3333,1,0.5208,1,0.7,0.2,0.7,0.0,0,0,0,0,0,0,7
mukerrer_veri_seti.csv,REC000042,REC001454,0,0,1,1,0,0,0,0.21,1,0,0,0.24,0,0,0.6013,0,1,1,0,0,0,0.6559,0.6559,0.5,0.5385,1,0.312,1,0.2,1.0,0.0,1.0,0,1,0,0,0,1,7
mukerrer_veri_seti.csv,REC001598,REC000102,1,1,0,1,1,1,1,1.0,1,1,1,1.0,1,1,0.0,0,1,1,1,1,1,1.0,1.0,1.0,1.0,1,1.0,1,1.0,1.0,1.0,1.0,1,1,1,0,0,0,6
mukerrer_veri_seti.csv,REC000617,REC001166,0,0,1,1,0,0,0,0.35,1,0,0,0.3,0,0,0.8849,0,1,1,0,0,0,0.6421,0.6421,0.375,0.0833,1,0.36,1,0.4667,0.75,0.4667,0.75,0,0,0,0,0,0,7
mukerrer_veri_seti.csv,REC001436,REC000006,0,0,1,1,0,0,0,0.21,1,0,0,0.6364,0,0,0.6299,0,1,1,0,0,0,0.6318,0.6318,0.0,0.2727,1,0.5267,1,0.6333,0.4667,0.6333,0.4667,0,0,0,0,0,0,7
mukerrer_veri_seti.csv,REC001630,REC001049,1,0,0,0,1,1,1,1.0,1,1,1,1.0,1,1,1.0,0,1,1,0,1,1,0.74,0.74,0.9166,0.9,1,1.0,1,0.8333,1.0,0.8333,1.0,0,1,1,0,0,1,6
mukerrer_veri_seti.csv,REC001557,REC001717,1,1,0,1,1,1,1,1.0,1,1,1,1.0,1,1,0.5328,0,1,1,1,1,1,1.0,1.0,1.0,1.0,1,1.0,1,1.0,1.0,1.0,1.0,1,1,1,0,0,0,7
mukerrer_veri_seti.csv,REC000719,REC000967,1,1,0,1,1,1,1,1.0,1,1,1,1.0,1,1,1.0,0,1,1,1,1,1,1.0,1.0,1.0,1.0,1,1.0,1,1.0,1.0,1.0,1.0,1,1,1,0,0,0,7
mukerrer_veri_seti.csv,REC000891,REC000602,0,0,1,1,0,0,0,0.21,1,0,0,0.5,0,0,0.6169,0,1,1,0,0,0,0.5152,0.5152,0.5,0.5,1,0.4857,1,0.2,0.4556,0.0,0.4556,0,0,0,0,0,0,7
mukerrer_veri_seti.csv,REC001578,REC001283,0,0,1,1,0,0,0,0.35,1,0,1,0.2963,0,0,0.7724,0,1,1,0,0,0,0.4904,0.4904,0.0,0.1667,1,0.437,1,0.4833,0.4444,0.4833,0.4444,0,0,0,0,0,0,7
mukerrer_veri_seti.csv,REC000817,REC000396,0,0,1,1,0,0,0,0.28,1,0,0,0.08,0,0,0.8092,0,1,1,0,0,0,0.5464,0.5464,0.0,0.1538,1,0.1595,1,0.4722,0.5556,0.4722,0.5556,0,0,0,0,0,0,7
mukerrer_veri_seti.csv,REC001648,REC001147,0,0,1,1,0,0,0,0.21,1,0,0,0.2609,0,0,0.6688,0,1,1,0,0,0,0.5889,0.5889,0.0,0.1667,1,0.292,1,0.5778,0.4833,0.5778,0.4833,0,0,0,0,0,0,7
mukerrer_veri_seti.csv,REC000662,REC000277,1,1,0,1,1,1,1,1.0,1,1,1,1.0,1,1,1.0,0,1,1,1,1,1,1.0,1.0,1.0,1.0,1,1.0,1,1.0,1.0,1.0,1.0,1,1,1,0,0,0,7
mukerrer_veri_seti.csv,REC001370,REC001156,0,0,1,1,0,0,0,0.35,1,0,0,0.2,1,1,0.7851,0,1,1,0,0,0,0.4583,0.4583,0.0,0.0,1,0.235,1,0.2857,0.0,0.0,0.0,0,0,0,0,0,0,7
mukerrer_veri_seti.csv,REC001534,REC000116,1,1,0,1,1,1,1,1.0,1,1,1,1.0,1,1,0.9324,0,1,1,1,1,1,1.0,1.0,1.0,1.0,1,1.0,1,1.0,1.0,1.0,1.0,1,1,1,0,0,0,7
mukerrer_veri_seti.csv,REC000950,REC001675,1,1,0,1,1,1,1,1.0,1,0,0,0.0,1,1,1.0,0,1,1,1,1,1,1.0,1.0,1.0,1.0,1,0.0,0,1.0,1.0,1.0,1.0,1,1,1,0,0,0,6
mukerrer_veri_seti.csv,REC001924,REC000034,1,1,0,1,1,1,1,1.0,1,1,1,1.0,1,1,0.0,0,1,1,1,1,1,1.0,1.0,1.0,1.0,1,1.0,1,1.0,1.0,1.0,1.0,1,1,1,0,0,0,6
mukerrer_veri_seti.csv,REC000976,REC000493,0,0,1,1,0,0,0,0.28,1,0,0,0.1667,0,0,0.6656,0,1,1,0,0,0,0.5237,0.5237,0.5,0.5833,1,0.2333,1,0.4667,0.4556,0.4667,0.4556,0,0,0,0,0,0,7
mukerrer_veri_seti.csv,REC000722,REC001016,1,1,0,1,1,1,1,1.0,1,1,1,1.0,1,1,1.0,0,1,1,0,0,0,0.74,0.74,0.6667,0.65,1,1.0,1,0.5778,1.0,0.5778,1.0,0,1,1,0,1,1,7
mukerrer_veri_seti.csv,REC000538,REC000831,1,1,0,1,1,1,1,1.0,1,1,1,1.0,1,1,1.0,0,1,1,1,0,1,0.9333,0.9333,0.6667,0.6667,1,1.0,1,1.0,0.0,1.0,0.0,1,0,1,0,0,0,7
mukerrer_veri_seti.csv,REC000308,REC000783,1,1,0,1,1,1,1,1.0,1,1,1,1.0,1,1,0.0,0,1,1,1,1,1,1.0,1.0,1.0,1.0,1,1.0,1,1.0,1.0,1.0,1.0,1,1,1,0,0,0,6
mukerrer_veri_seti.csv,REC000329,REC000342,1,1,0,1,1,1,1,1.0,1,1,1,1.0,1,1,1.0,0,1,1,1,1,1,1.0,1.0,1.0,1.0,1,1.0,1,1.0,1.0,1.0,1.0,1,1,1,0,0,0,7
mukerrer_veri_seti.csv,REC000041,REC001612,0,0,1,1,0,0,0,0.28,1,0,0,0.1739,1,1,0.9733,0,1,1,0,0,0,0.4056,0.4056,0.0,0.1667,1,0.2225,1,0.0,0.4722,0.0,0.4722,0,0,0,0,0,0,7
mukerrer_veri_seti.csv,REC000105,REC001824,0,0,1,1,0,0,0,0.28,1,0,0,0.56,0,0,0.6471,0,1,1,0,0,0,0.5427,0.5427,0.0,0.2308,1,0.523,1,0.4667,0.5397,0.4667,0.5397,0,0,0,0,0,0,7
mukerrer_veri_seti.csv,REC000659,REC001480,1,1,0,1,1,1,1,1.0,1,1,1,1.0,1,1,1.0,0,1,1,0,0,0,0.74,0.74,0.6667,0.6471,1,1.0,1,0.64,1.0,0.64,1.0,0,1,1,0,1,1,7
mukerrer_veri_seti.csv,REC001643,REC001106,1,1,0,1,1,1,1,1.0,1,1,1,1.0,1,1,0.0,0,1,1,1,1,1,1.0,1.0,1.0,1.0,1,1.0,1,1.0,1.0,1.0,1.0,1,1,1,0,0,0,6
mukerrer_veri_seti.csv,REC001508,REC001916,1,1,0,1,1,1,1,1.0,1,1,1,1.0,1,1,1.0,0,1,1,1,1,1,1.0,1.0,1.0,1.0,1,1.0,1,1.0,1.0,1.0,1.0,1,1,1,0,0,0,7
mukerrer_veri_seti.csv,REC001431,REC000732,1,1,0,1,1,1,1,1.0,1,1,1,1.0,1,1,0.9213,0,1,1,1,1,1,1.0,1.0,1.0,1.0,1,1.0,1,1.0,1.0,1.0,1.0,1,1,1,0,0,0,7
mukerrer_veri_seti.csv,REC001996,REC001437,0,0,1,1,0,0,0,0.42,1,0,0,0.24,0,0,0.6612,0,1,1,0,0,0,0.4442,0.4442,0.0,0.1538,1,0.267,1,0.4556,0.0,0.4556,0.0,0,0,0,0,0,0,7
mukerrer_veri_seti.csv,REC001588,REC000731,1,1,0,1,1,1,1,1.0,1,1,1,1.0,1,1,1.0,0,1,1,1,1,1,1.0,1.0,1.0,1.0,1,1.0,1,1.0,1.0,1.0,1.0,1,1,1,0,0,0,7
mukerrer_veri_seti.csv,REC000815,REC000346,1,1,0,1,1,1,1,1.0,1,1,1,1.0,1,1,1.0,0,1,1,1,1,1,1.0,1.0,1.0,1.0,1,1.0,1,1.0,1.0,1.0,1.0,1,1,1,0,0,0,7
mukerrer_veri_seti.csv,REC001182,REC000473,0,0,1,1,0,0,0,0.35,1,0,0,0.2609,0,0,0.5948,0,1,1,1,0,1,0.8885,0.8885,0.5,0.6154,1,0.2837,1,1.0,0.2222,1.0,0.0,1,0,0,0,0,0,7
mukerrer_veri_seti.csv,REC000383,REC000289,1,1,0,1,1,1,1,1.0,1,1,1,1.0,1,1,1.0,0,1,1,1,1,1,0.9846,0.9846,0.9762,0.8462,1,1.0,1,1.0,0.9524,1.0,0.9524,1,0,1,0,0,0,7
mukerrer_veri_seti.csv,REC001544,REC001990,0,0,1,1,0,0,0,0.42,1,0,0,0.4545,0,0,0.6667,0,1,1,0,0,0,0.8673,0.8673,0.5,0.5455,1,0.4519,1,1.0,0.2222,1.0,0.0,1,0,0,0,0,0,7
mukerrer_veri_seti.csv,REC001241,REC001904,1,1,0,1,1,1,1,1.0,1,1,1,1.0,1,1,1.0,0,1,1,1,1,1,1.0,1.0,1.0,1.0,1,1.0,1,1.0,1.0,1.0,1.0,1,1,1,0,0,0,7
mukerrer_veri_seti.csv,REC001883,REC000749,1,1,0,1,1,1,1,1.0,1,1,1,1.0,1,1,1.0,0,1,1,1,1,1,1.0,1.0,1.0,1.0,1,1.0,1,1.0,1.0,1.0,1.0,1,1,1,0,0,0,7
mukerrer_veri_seti.csv,REC001223,REC000270,1,0,0,0,1,1,1,1.0,1,1,1,1.0,1,1,1.0,0,1,1,1,1,1,1.0,1.0,1.0,1.0,1,1.0,1,1.0,1.0,1.0,1.0,1,1,1,0,0,0,6
mukerrer_veri_seti.csv,REC000073,REC001124,1,1,0,1,1,1,1,1.0,1,1,1,1.0,1,1,0.9286,0,1,1,1,1,1,1.0,1.0,1.0,1.0,1,1.0,1,1.0,1.0,1.0,1.0,1,1,1,0,0,0,7
mukerrer_veri_seti.csv,REC000977,REC001197,0,0,1,1,0,0,0,0.21,1,0,0,0.2857,1,1,0.6698,0,1,1,0,0,0,0.5205,0.5205,0.3631,0.1538,1,0.3,1,0.4476,0.2222,0.4476,0.0,0,0,0,0,0,0,7
mukerrer_veri_seti.csv,REC000504,REC001694,1,1,0,1,1,1,1,1.0,1,1,1,1.0,1,1,1.0,0,1,1,1,1,1,1.0,1.0,1.0,1.0,1,1.0,1,1.0,1.0,1.0,1.0,1,1,1,0,0,0,7
mukerrer_veri_seti.csv,REC001570,REC000519,1,1,0,1,1,1,1,1.0,1,1,1,1.0,1,1,1.0,0,1,1,0,0,0,0.7383,0.7383,0.6667,0.6316,1,1.0,1,0.4722,1.0,0.4722,1.0,0,1,1,1,1,1,7
mukerrer_veri_seti.csv,REC000301,REC000058,1,1,0,1,1,1,1,1.0,1,1,1,1.0,1,1,1.0,0,1,1,1,1,1,1.0,1.0,1.0,1.0,1,1.0,1,1.0,1.0,1.0,1.0,1,1,1,0,0,0,7
mukerrer_veri_seti.csv,REC001140,REC001597,1,1,0,1,1,1,1,1.0,1,1,1,1.0,1,1,0.0,0,1,1,1,1,1,1.0,1.0,1.0,1.0,1,1.0,1,1.0,1.0,1.0,1.0,1,1,1,0,0,0,6
mukerrer_veri_seti.csv,REC000143,REC001443,0,0,1,1,0,0,0,0.21,1,0,0,0.1667,0,0,0.7024,0,1,1,0,0,0,0.5469,0.5469,0.0,0.1429,1,0.151,1,0.6556,0.4476,0.6556,0.4476,0,0,0,0,0,0,7
mukerrer_veri_seti.csv,REC000318,REC000997,0,0,1,1,0,0,0,0.21,1,0,0,0.3333,0,0,0.6172,0,1,1,0,0,0,0.4722,0.4722,0.0,0.25,1,0.3238,1,0.4556,0.0,0.4556,0.0,0,0,0,0,0,0,7
mukerrer_veri_seti.csv,REC001188,REC001489,0,0,1,1,0,0,0,0.28,1,0,0,0.1818,0,0,0.7496,0,1,1,0,0,0,0.5556,0.5556,0.5,0.4167,1,0.2169,1,0.5,0.5179,0.5,0.5179,0,0,0,0,0,0,7
mukerrer_veri_seti.csv,REC000293,REC000940,0,0,1,1,0,0,0,0.28,1,0,0,0.1538,0,0,0.6427,0,1,1,0,0,0,0.4402,0.4402,0.0,0.0769,1,0.2231,1,0.0,0.4556,0.0,0.4556,0,0,0,0,0,0,7
mukerrer_veri_seti.csv,REC001483,REC000375,1,1,0,1,1,1,1,1.0,1,1,1,1.0,1,1,0.0,0,1,1,1,1,1,1.0,1.0,1.0,1.0,1,1.0,1,1.0,1.0,1.0,1.0,1,1,1,0,0,0,6
mukerrer_veri_seti.csv,REC001655,REC000908,0,0,1,1,0,0,0,0.28,1,0,0,0.5455,0,0,0.7185,0,1,1,0,0,0,0.5242,0.5242,0.0,0.1818,1,0.5197,1,0.0,0.6,0.0,0.6,0,0,0,0,0,0,7
mukerrer_veri_seti.csv,REC001425,REC001146,1,1,0,1,1,1,1,1.0,1,0,1,0.9565,1,1,1.0,0,1,1,1,1,1,1.0,1.0,1.0,1.0,1,0.9652,1,1.0,1.0,1.0,1.0,1,1,1,0,0,0,7
mukerrer_veri_seti.csv,REC000328,REC001286,0,0,1,1,0,0,0,0.21,1,0,0,0.2609,1,1,0.7178,0,1,1,0,0,0,0.4464,0.4464,0.0,0.3077,1,0.2719,1,0.4476,0.6,0.4476,0.6,0,0,0,0,0,0,7
mukerrer_veri_seti.csv,REC000050,REC001738,1,0,0,0,1,1,1,1.0,1,0,0,0.0,1,1,0.0,0,1,1,1,1,1,1.0,1.0,1.0,1.0,1,0.0,0,1.0,1.0,1.0,1.0,1,1,1,0,0,0,4
mukerrer_veri_seti.csv,REC000339,REC001126,0,0,1,1,0,0,0,0.28,1,0,0,0.24,1,1,0.9871,0,1,1,0,0,0,0.5131,0.5131,0.0,0.3077,1,0.282,1,0.5619,0.4667,0.5619,0.4667,0,0,0,0,0,0,7
mukerrer_veri_seti.csv,REC001071,REC001158,0,0,1,1,0,0,0,0.28,1,0,0,0.1667,0,0,0.5921,0,1,1,0,0,0,0.3761,0.3761,0.0,0.0,1,0.2233,1,0.1538,0.0,0.0,0.0,0,0,0,0,0,0,7
mukerrer_veri_seti.csv,REC001976,REC001122,1,1,0,1,1,1,1,1.0,1,1,1,1.0,1,1,1.0,0,1,1,1,1,1,1.0,1.0,1.0,1.0,1,1.0,1,1.0,1.0,1.0,1.0,1,1,1,0,0,0,7
mukerrer_veri_seti.csv,REC000067,REC000597,0,0,1,1,0,0,0,0.35,1,0,0,0.2857,0,0,0.6875,0,1,1,0,0,0,0.5571,0.5571,0.0,0.0769,1,0.3143,1,0.1667,0.52,0.0,0.52,0,0,0,0,0,0,7
mukerrer_veri_seti.csv,REC000636,REC001599,0,0,1,1,0,0,0,0.21,1,0,0,0.3,0,0,0.6804,0,1,1,0,0,0,0.4359,0.4359,0.0,0.0769,1,0.3347,1,0.2,0.5,0.0,0.5,0,0,0,0,0,0,7
mukerrer_veri_seti.csv,REC001013,REC000787,0,0,1,1,0,0,0,0.28,1,0,0,0.1739,0,0,0.6547,0,1,1,0,0,0,0.6183,0.6183,0.5,0.5833,1,0.2339,1,0.0,0.0,0.0,0.0,0,0,0,0,0,0,7
mukerrer_veri_seti.csv,REC000021,REC000566,0,0,1,1,0,0,0,0.14,1,0,0,0.1739,1,1,0.984,0,1,1,0,0,0,0.5389,0.5389,0.0,0.3333,1,0.2225,1,0.4556,0.6333,0.4556,0.6333,0,0,0,0,0,0,7
mukerrer_veri_seti.csv,REC001678,REC001111,0,0,1,1,0,0,0,0.28,1,0,0,0.3478,0,0,0.6294,0,1,1,0,0,0,0.5611,0.5611,0.0,0.3333,1,0.3533,1,0.4833,0.5778,0.4833,0.5778,0,0,0,0,0,0,7
mukerrer_veri_seti.csv,REC001686,REC001476,1,1,0,1,1,1,1,1.0,1,0,0,1.0,1,1,1.0,0,1,1,1,1,1,1.0,1.0,1.0,1.0,1,0.9105,1,1.0,1.0,1.0,1.0,1,1,1,0,0,0,7
mukerrer_veri_seti.csv,REC000120,REC000446,0,0,1,1,0,0,0,0.35,1,0,0,0.5263,0,0,0.6214,0,1,1,0,0,0,0.5444,0.5444,0.0,0.1,1,0.5068,1,0.6333,0.0,0.6333,0.0,0,0,0,0,0,0,7
mukerrer_veri_seti.csv,REC000331,REC001562,0,0,1,1,0,0,0,0.28,1,0,0,0.3636,0,0,0.5448,0,1,1,0,0,0,0.7269,0.7269,0.5,0.4444,1,0.3076,1,0.5714,0.7511,0.0,0.7511,0,0,0,0,0,0,7
mukerrer_veri_seti.csv,REC000012,REC000303,0,0,1,1,0,0,0,0.28,1,0,0,0.3333,1,1,0.9783,0,1,1,0,0,0,0.612,0.612,0.0,0.1538,1,0.3456,1,0.4667,0.6627,0.4667,0.6627,0,0,0,0,0,0,7
mukerrer_veri_seti.csv,REC000391,REC001381,1,1,0,1,1,1,1,1.0,1,1,1,1.0,1,1,1.0,0,1,1,0,0,0,0.74,0.74,0.6667,0.625,1,1.0,1,1.0,1.0,1.0,1.0,1,1,1,0,0,1,7
mukerrer_veri_seti.csv,REC001423,REC000464,1,1,0,1,1,1,1,1.0,1,1,1,1.0,1,1,0.9151,0,1,1,1,1,1,1.0,1.0,1.0,1.0,1,1.0,1,1.0,1.0,1.0,1.0,1,1,1,0,0,0,7
mukerrer_veri_seti.csv,REC001796,REC001309,0,0,1,1,0,0,0,0.21,1,0,0,0.6,0,0,0.6744,0,1,1,0,0,0,0.4615,0.4615,0.0,0.2308,1,0.57,1,0.2,0.62,0.0,0.62,0,0,0,0,0,0,7
mukerrer_veri_seti.csv,REC001733,REC001773,1,1,0,1,1,1,1,1.0,1,1,1,1.0,1,1,1.0,0,1,1,0,0,0,0.74,0.74,0.6667,0.5789,1,1.0,1,1.0,1.0,1.0,1.0,1,1,1,0,0,1,7
mukerrer_veri_seti.csv,REC001516,REC001688,1,1,0,1,1,1,1,1.0,1,1,1,1.0,1,1,0.931,0,1,1,1,1,1,1.0,1.0,1.0,1.0,1,1.0,1,1.0,1.0,1.0,1.0,1,1,1,0,0,0,7
mukerrer_veri_seti.csv,REC000742,REC000818,0,0,1,1,0,0,0,0.14,1,0,0,0.1905,0,0,0.5949,0,1,1,0,0,0,0.5444,0.5444,0.0,0.1,1,0.2357,1,0.6667,0.0,0.6667,0.0,0,0,0,0,0,0,7
mukerrer_veri_seti.csv,REC001300,REC001957,0,0,1,1,0,0,0,0.14,1,0,1,0.2857,1,1,0.7937,0,1,1,0,0,0,0.8,0.8,0.5,0.5,1,0.4286,1,1.0,0.0,1.0,0.0,1,0,0,0,0,0,7
mukerrer_veri_seti.csv,REC001152,REC000576,1,1,0,1,1,1,1,1.0,1,0,0,0.0,1,1,0.0,0,1,1,1,1,1,1.0,1.0,1.0,1.0,1,0.0,0,1.0,1.0,1.0,1.0,1,1,1,0,0,0,5
mukerrer_veri_seti.csv,REC000695,REC001492,0,0,1,1,0,0,0,0.28,1,0,0,0.25,1,1,0.9892,0,1,1,0,0,0,0.6294,0.6294,0.0,0.1538,1,0.2176,1,0.65,0.373,0.65,0.373,0,0,0,0,0,0,7
mukerrer_veri_seti.csv,REC000455,REC000788,1,1,0,1,1,1,1,1.0,1,1,1,1.0,1,1,1.0,0,1,1,1,1,1,1.0,1.0,1.0,1.0,1,1.0,1,1.0,1.0,1.0,1.0,1,1,1,0,0,0,7
mukerrer_veri_seti.csv,REC001868,REC000203,0,0,1,1,0,0,0,0.21,1,0,0,0.4545,0,0,0.6865,0,1,1,0,0,0,0.7312,0.7312,0.3666,0.1818,1,0.4386,1,0.6333,0.7333,0.6333,0.7333,0,0,0,0,0,0,7
mukerrer_veri_seti.csv,REC001391,REC001723,1,1,0,1,1,1,1,1.0,1,1,1,1.0,1,1,1.0,0,1,1,1,1,1,1.0,1.0,1.0,1.0,1,1.0,1,1.0,1.0,1.0,1.0,1,1,1,0,0,0,7
mukerrer_veri_seti.csv,REC000115,REC001590,0,0,1,1,0,0,0,0.21,1,0,0,0.1739,0,0,0.6576,0,1,1,0,0,0,0.5848,0.5848,0.5,0.5455,1,0.2339,1,0.4333,0.6333,0.4333,0.6333,0,0,0,0,0,0,7
mukerrer_veri_seti.csv,REC000915,REC000283,1,1,0,1,1,1,1,1.0,1,1,1,1.0,1,1,0.0,0,1,1,1,1,1,1.0,1.0,1.0,1.0,1,1.0,1,1.0,1.0,1.0,1.0,1,1,1,0,0,0,6
mukerrer_veri_seti.csv,REC001888,REC001621,1,1,0,1,1,1,1,1.0,1,1,1,1.0,1,1,1.0,0,1,1,1,1,1,1.0,1.0,1.0,1.0,1,1.0,1,1.0,1.0,1.0,1.0,1,1,1,0,0,0,7
mukerrer_veri_seti.csv,REC000835,REC000850,0,0,1,1,0,0,0,0.42,1,0,0,0.1818,1,1,0.6763,0,1,1,0,0,0,0.5152,0.5152,0.0,0.0909,1,0.2455,1,0.4833,0.1818,0.4833,0.0,0,0,0,0,0,0,7
mukerrer_veri_seti.csv,REC001518,REC001743,0,0,1,1,0,0,0,0.21,1,0,1,0.25,1,1,0.6715,0,1,1,0,0,0,0.565,0.565,0.36,0.0833,1,0.4,1,0.72,0.1667,0.72,0.0,0,0,0,0,0,0,7
mukerrer_veri_seti.csv,REC001110,REC001244,0,0,1,1,0,0,0,0.35,1,0,0,0.2,1,1,0.5743,0,1,1,0,0,0,0.5354,0.5354,0.0,0.1818,1,0.2547,1,0.4833,0.2222,0.4833,0.0,0,0,0,0,0,0,7
mukerrer_veri_seti.csv,REC000750,REC001337,1,1,0,1,1,1,1,1.0,1,1,1,1.0,1,1,1.0,0,1,1,1,1,1,1.0,1.0,1.0,1.0,1,1.0,1,1.0,1.0,1.0,1.0,1,1,1,0,0,0,7
mukerrer_veri_seti.csv,REC000992,REC000444,0,0,1,1,0,0,0,0.28,1,0,0,0.2222,1,1,0.7464,0,1,1,0,0,0,0.6083,0.6083,0.5,0.5,1,0.2611,1,0.0,1.0,0.0,1.0,0,1,0,0,0,1,7
mukerrer_veri_seti.csv,REC001497,REC001427,0,0,1,1,0,0,0,0.28,1,0,1,0.2727,1,1,0.99,0,1,1,0,0,0,0.5152,0.5152,0.35,0.0909,1,0.4182,1,0.4556,0.4833,0.4556,0.4833,0,0,0,0,0,0,7
mukerrer_veri_seti.csv,REC001828,REC001517,0,0,1,1,0,0,0,0.35,1,0,0,0.3077,0,0,0.7049,0,1,1,0,0,0,0.5983,0.5983,0.0,0.3846,1,0.3873,1,0.5778,0.5556,0.5778,0.5556,0,0,0,0,0,0,7
mukerrer_veri_seti.csv,REC002005,REC001918,1,1,0,1,1,1,1,1.0,1,1,1,1.0,1,1,1.0,0,1,1,1,1,1,1.0,1.0,1.0,1.0,1,1.0,1,1.0,1.0,1.0,1.0,1,1,1,0,0,0,7
mukerrer_veri_seti.csv,REC000745,REC001002,1,1,0,1,1,1,1,1.0,1,1,1,1.0,1,1,1.0,0,1,1,1,1,1,1.0,1.0,1.0,1.0,1,1.0,1,1.0,1.0,1.0,1.0,1,1,1,0,0,0,7
mukerrer_veri_seti.csv,REC000360,REC001486,1,1,0,1,1,1,1,1.0,1,1,1,1.0,1,1,1.0,0,1,1,1,0,1,0.9667,0.9667,0.9667,0.9091,1,1.0,1,1.0,0.9333,1.0,0.9333,1,0,1,0,0,0,7
mukerrer_veri_seti.csv,REC001200,REC001572,1,1,0,1,1,1,1,1.0,1,1,1,1.0,1,1,1.0,0,1,1,0,0,0,0.74,0.74,0.6667,0.6667,1,1.0,1,1.0,1.0,1.0,1.0,1,1,1,0,0,1,7
mukerrer_veri_seti.csv,REC001316,REC000377,1,1,0,1,1,1,1,1.0,1,1,1,1.0,1,1,1.0,0,1,1,1,1,1,1.0,1.0,1.0,1.0,1,1.0,1,1.0,1.0,1.0,1.0,1,1,1,0,0,0,7
mukerrer_veri_seti.csv,REC000772,REC001066,1,1,0,1,1,1,1,1.0,1,1,1,1.0,1,1,1.0,0,1,1,1,1,1,1.0,1.0,1.0,1.0,1,1.0,1,1.0,1.0,1.0,1.0,1,1,1,0,0,0,7
mukerrer_veri_seti.csv,REC000298,REC001809,1,1,0,1,1,1,1,1.0,1,0,1,0.9565,1,1,1.0,0,1,1,1,1,1,1.0,1.0,1.0,1.0,1,0.9652,1,1.0,1.0,1.0,1.0,1,1,1,0,0,0,7
mukerrer_veri_seti.csv,REC000611,REC000516,1,1,0,1,1,1,1,1.0,1,1,1,1.0,1,1,0.6195,0,1,1,1,1,1,1.0,1.0,1.0,1.0,1,1.0,1,1.0,1.0,1.0,1.0,1,1,1,0,0,0,7
mukerrer_veri_seti.csv,REC001062,REC000856,1,1,0,1,1,1,1,1.0,1,1,1,1.0,1,1,0.9413,0,1,1,1,1,1,1.0,1.0,1.0,1.0,1,1.0,1,1.0,1.0,1.0,1.0,1,1,1,0,0,0,7
mukerrer_veri_seti.csv,REC000561,REC000122,1,1,0,1,1,1,1,1.0,1,1,1,1.0,1,1,1.0,0,1,1,1,1,1,1.0,1.0,1.0,1.0,1,1.0,1,1.0,1.0,1.0,1.0,1,1,1,0,0,0,7
mukerrer_veri_seti.csv,REC001628,REC001319,1,0,1,1,1,1,1,1.0,1,1,1,1.0,1,1,1.0,0,1,1,1,0,1,0.9368,0.9368,0.6667,0.6842,1,1.0,1,1.0,0.4476,1.0,0.4476,1,0,1,0,0,0,7
mukerrer_veri_seti.csv,REC000482,REC001383,0,0,1,1,0,0,0,0.21,1,0,0,0.3846,0,0,0.7295,0,1,1,0,0,0,0.5571,0.5571,0.5,0.5,1,0.4489,1,0.4556,0.52,0.4556,0.52,0,0,0,0,0,0,7
mukerrer_veri_seti.csv,REC000227,REC001587,1,1,0,1,1,1,1,1.0,1,1,1,1.0,1,1,0.9192,0,1,1,1,1,1,1.0,1.0,1.0,1.0,1,1.0,1,1.0,1.0,1.0,1.0,1,1,1,0,0,0,7
mukerrer_veri_seti.csv,REC000792,REC001768,1,0,0,0,1,1,1,1.0,1,1,1,1.0,1,1,1.0,0,1,1,0,0,0,0.9166,0.9166,0.9166,0.9,1,1.0,1,0.0,0.0,0.0,0.0,0,0,1,0,0,0,6
mukerrer_veri_seti.csv,REC000183,REC001861,1,1,0,1,1,1,1,1.0,1,1,1,1.0,1,1,0.9259,0,1,1,1,1,1,1.0,1.0,1.0,1.0,1,1.0,1,1.0,1.0,1.0,1.0,1,1,1,0,0,0,7
mukerrer_veri_seti.csv,REC001112,REC000678,0,0,1,1,0,0,0,0.28,1,0,0,0.24,1,1,0.6368,0,1,1,0,0,0,0.3965,0.3965,0.0,0.0833,1,0.3183,1,0.0,0.4556,0.0,0.4556,0,0,0,0,0,0,7
mukerrer_veri_seti.csv,REC001624,REC001659,1,0,0,0,1,1,1,1.0,1,1,1,1.0,1,1,1.0,0,1,1,1,1,1,1.0,1.0,1.0,1.0,1,1.0,1,1.0,1.0,1.0,1.0,1,1,1,0,0,0,6
mukerrer_veri_seti.csv,REC001149,REC000876,0,0,1,1,0,0,0,0.14,1,0,0,0.1905,0,0,0.6546,0,1,1,0,0,0,0.4606,0.4606,0.0,0.1818,1,0.2274,1,0.4667,0.0,0.4667,0.0,0,0,0,0,0,0,7
mukerrer_veri_seti.csv,REC000246,REC000827,0,0,1,1,0,0,0,0.28,1,0,0,0.3333,0,0,0.6623,0,1,1,0,0,0,0.6083,0.6083,0.0,0.3,1,0.3,1,0.6333,0.575,0.6333,0.575,0,0,0,0,0,0,7
mukerrer_veri_seti.csv,REC001435,REC001568,1,1,0,1,1,1,1,1.0,1,1,1,1.0,1,1,1.0,0,1,1,0,0,0,0.9166,0.9166,0.9166,0.9,1,1.0,1,0.6333,0.6333,0.6333,0.6333,0,0,1,0,0,0,7
mukerrer_veri_seti.csv,REC001536,REC001874,0,0,1,1,0,0,0,0.14,1,0,0,0.3478,1,1,0.9929,0,1,1,0,0,0,0.6123,0.6123,0.0,0.2308,1,0.3497,1,0.62,0.5429,0.62,0.5429,0,0,0,0,0,0,7
mukerrer_veri_seti.csv,REC001728,REC001705,0,0,1,1,0,0,0,0.28,1,0,0,0.4762,0,0,0.5813,0,1,1,0,0,0,0.4167,0.4167,0.0,0.0833,1,0.481,1,0.4833,0.0,0.4833,0.0,0,0,0,0,0,0,7
mukerrer_veri_seti.csv,REC001339,REC001380,0,0,1,1,0,0,0,0.35,1,0,0,0.2609,1,1,0.9791,0,1,1,0,0,0,0.4702,0.4702,0.0,0.2143,1,0.335,1,0.6111,0.0,0.6111,0.0,0,0,0,0,0,0,7
mukerrer_veri_seti.csv,REC000868,REC000726,0,0,1,1,0,0,0,0.14,1,0,0,0.1739,0,0,0.7667,0,1,1,0,0,0,0.5,0.5,0.5,0.5,1,0.2141,1,0.2,0.4556,0.0,0.4556,0,0,0,0,0,0,7
mukerrer_veri_seti.csv,REC000037,REC001109,1,1,0,1,1,1,1,1.0,1,0,1,0.9565,1,1,1.0,0,1,1,1,1,1,1.0,1.0,1.0,1.0,1,0.9652,1,1.0,1.0,1.0,1.0,1,1,1,0,0,0,7
mukerrer_veri_seti.csv,REC000918,REC001006,0,0,1,1,0,0,0,0.35,1,0,0,0.2308,1,1,0.8821,0,1,1,0,0,0,0.4184,0.4184,0.0,0.1333,1,0.2679,1,0.1667,0.4476,0.0,0.4476,0,0,0,0,0,0,7
mukerrer_veri_seti.csv,REC000830,REC001644,1,1,0,1,1,1,1,1.0,1,1,1,1.0,1,1,1.0,0,1,1,1,1,1,1.0,1.0,1.0,1.0,1,1.0,1,1.0,1.0,1.0,1.0,1,1,1,0,0,0,7
mukerrer_veri_seti.csv,REC000894,REC001615,0,0,1,1,0,0,0,0.28,1,0,0,0.32,0,0,0.6545,0,1,1,0,0,0,0.5595,0.5595,0.0,0.1429,1,0.3393,1,0.4722,0.0,0.4722,0.0,0,0,0,0,0,0,7
mukerrer_veri_seti.csv,REC000429,REC000046,1,1,0,1,1,1,1,1.0,1,1,1,1.0,1,1,1.0,0,1,1,1,1,1,1.0,1.0,1.0,1.0,1,1.0,1,1.0,1.0,1.0,1.0,1,1,1,0,0,0,7
mukerrer_veri_seti.csv,REC000257,REC000619,1,1,0,1,1,1,1,1.0,1,1,1,1.0,1,1,1.0,0,1,1,1,1,1,1.0,1.0,1.0,1.0,1,1.0,1,1.0,1.0,1.0,1.0,1,1,1,0,0,0,7
mukerrer_veri_seti.csv,REC000953,REC000660,0,0,1,1,0,0,0,0.35,1,0,0,0.2,1,1,0.6083,0,1,1,0,0,0,0.3667,0.3667,0.0,0.0,1,0.1933,1,0.0,0.6667,0.0,0.6667,0,0,0,0,0,0,7
mukerrer_veri_seti.csv,REC000635,REC001133,1,1,0,1,1,1,1,1.0,1,1,1,1.0,1,1,1.0,0,1,1,1,1,1,1.0,1.0,1.0,1.0,1,1.0,1,1.0,1.0,1.0,1.0,1,1,1,0,0,0,7
mukerrer_veri_seti.csv,REC001204,REC000344,0,0,1,1,0,0,0,0.28,1,0,0,0.1905,0,0,0.6438,0,1,1,0,0,0,0.5152,0.5152,0.0,0.1818,1,0.2357,1,0.4556,0.4833,0.4556,0.4833,0,0,0,0,0,0,7
mukerrer_veri_seti.csv,REC001746,REC000671,0,0,1,1,0,0,0,0.28,1,0,0,0.4762,0,0,0.6485,0,1,1,0,0,0,0.5848,0.5848,0.3666,0.2727,1,0.456,1,0.4833,0.4667,0.4833,0.4667,0,0,0,0,0,0,7
mukerrer_veri_seti.csv,REC001961,REC000441,0,0,1,1,0,0,0,0.28,1,0,0,0.4,1,1,0.6851,0,1,1,0,0,0,0.4722,0.4722,0.373,0.4167,1,0.3771,1,0.4722,0.4476,0.4722,0.4476,0,0,0,0,0,0,7
mukerrer_veri_seti.csv,REC001591,REC001297,0,0,1,1,0,0,0,0.28,1,0,0,0.16,0,0,0.6427,0,1,1,0,0,0,0.5657,0.5657,0.0,0.1667,1,0.1596,1,0.4722,0.5778,0.4722,0.5778,0,0,0,0,0,0,7
mukerrer_veri_seti.csv,REC000019,REC000536,1,0,0,0,1,1,1,1.0,1,1,1,1.0,1,1,1.0,0,1,1,1,1,1,1.0,1.0,1.0,1.0,1,1.0,1,1.0,1.0,1.0,1.0,1,1,1,0,0,0,6
mukerrer_veri_seti.csv,REC001084,REC000959,0,0,1,1,0,0,0,0.28,1,0,0,0.3333,1,1,0.981,0,1,1,0,0,0,0.5397,0.5397,0.0,0.2143,1,0.2854,1,0.1667,0.5619,0.0,0.5619,0,0,0,0,0,0,7
mukerrer_veri_seti.csv,REC001226,REC001393,1,1,0,1,1,1,1,1.0,1,1,1,1.0,1,1,1.0,0,1,1,0,0,0,0.74,0.74,0.6667,0.7059,1,1.0,1,0.2222,1.0,0.0,1.0,0,1,1,1,1,1,7
mukerrer_veri_seti.csv,REC000805,REC001835,1,1,0,1,1,1,1,1.0,1,1,1,1.0,1,1,1.0,0,1,1,1,1,1,1.0,1.0,1.0,1.0,1,1.0,1,1.0,1.0,1.0,1.0,1,1,1,0,0,0,7
mukerrer_veri_seti.csv,REC000292,REC000265,1,1,0,1,1,1,1,1.0,1,1,1,1.0,1,1,1.0,0,1,1,1,1,1,1.0,1.0,1.0,1.0,1,1.0,1,1.0,1.0,1.0,1.0,1,1,1,0,0,0,7
mukerrer_veri_seti.csv,REC001927,REC000613,1,1,0,1,1,1,1,1.0,1,1,1,1.0,1,1,1.0,0,1,1,1,1,1,1.0,1.0,1.0,1.0,1,1.0,1,1.0,1.0,1.0,1.0,1,1,1,0,0,0,7
mukerrer_veri_seti.csv,REC000264,REC000169,1,1,0,1,1,1,1,1.0,1,1,1,1.0,1,1,0.5833,0,1,1,1,1,1,1.0,1.0,1.0,1.0,1,1.0,1,1.0,1.0,1.0,1.0,1,1,1,0,0,0,7
mukerrer_veri_seti.csv,REC001681,REC001378,1,1,0,1,1,1,1,1.0,1,1,1,1.0,1,1,1.0,0,1,1,1,1,1,1.0,1.0,1.0,1.0,1,1.0,1,1.0,1.0,1.0,1.0,1,1,1,0,0,0,7
mukerrer_veri_seti.csv,REC000703,REC001470,0,0,1,1,0,0,0,0.28,1,0,0,0.2308,0,0,0.7097,0,1,1,0,0,0,0.4706,0.4706,0.0,0.1429,1,0.2794,1,0.4476,0.4556,0.4476,0.4556,0,0,0,0,0,0,7
mukerrer_veri_seti.csv,REC001336,REC000104,0,0,1,1,0,0,0,0.14,1,0,0,0.1667,0,0,0.6409,0,1,1,0,0,0,0.4056,0.4056,0.0,0.0,1,0.2216,1,0.1818,0.0,0.0,0.0,0,0,0,0,0,0,7
mukerrer_veri_seti.csv,REC000553,REC000778,0,0,1,1,0,0,0,0.35,1,0,1,0.32,0,0,0.7143,0,1,1,0,0,0,0.6111,0.6111,0.3666,0.3333,1,0.456,1,0.7333,0.4444,0.7333,0.4444,0,0,0,0,0,0,7
mukerrer_veri_seti.csv,REC000263,REC000258,0,0,1,1,0,0,0,0.35,1,0,0,0.1,0,0,0.6566,0,1,1,0,0,0,0.6296,0.6296,0.5,0.5556,1,0.1905,1,0.5,0.6667,0.5,0.6667,0,0,0,0,0,0,7
mukerrer_veri_seti.csv,REC000938,REC002007,1,1,0,1,1,1,1,1.0,1,1,1,1.0,1,1,1.0,0,1,1,1,1,1,1.0,1.0,1.0,1.0,1,1.0,1,1.0,1.0,1.0,1.0,1,1,1,0,0,0,7
mukerrer_veri_seti.csv,REC000242,REC001455,1,1,0,1,1,1,1,1.0,1,1,1,1.0,1,1,1.0,0,1,1,1,1,1,1.0,1.0,1.0,1.0,1,1.0,1,1.0,1.0,1.0,1.0,1,1,1,0,0,0,7
mukerrer_veri_seti.csv,REC000765,REC001981,0,0,1,1,0,0,0,0.21,1,0,0,0.24,0,0,0.6134,0,1,1,0,0,0,0.7215,0.7215,0.35,0.6923,1,0.2253,1,0.5778,1.0,0.5778,1.0,0,1,0,0,0,1,7
mukerrer_veri_seti.csv,REC001778,REC001217,1,1,0,1,1,1,1,1.0,1,1,1,1.0,1,1,1.0,0,1,1,1,1,1,1.0,1.0,1.0,1.0,1,1.0,1,1.0,1.0,1.0,1.0,1,1,1,0,0,0,7
mukerrer_veri_seti.csv,REC001672,REC000996,0,0,1,1,0,0,0,0.14,1,0,0,0.25,0,0,0.6665,0,1,1,0,0,0,0.4722,0.4722,0.0,0.3333,1,0.275,1,0.0,0.1818,0.0,0.0,0,0,0,0,0,0,7
mukerrer_veri_seti.csv,REC000379,REC000382,1,1,0,1,1,1,1,1.0,1,1,1,1.0,1,1,1.0,0,1,1,1,1,1,1.0,1.0,1.0,1.0,1,1.0,1,1.0,1.0,1.0,1.0,1,1,1,0,0,0,7
mukerrer_veri_seti.csv,REC000825,REC000125,0,0,1,1,0,0,0,0.21,1,0,0,0.4167,0,0,0.7007,0,1,1,0,0,0,0.5182,0.5182,0.5,0.7273,1,0.3521,1,0.4667,0.6333,0.4667,0.6333,0,0,0,0,0,0,7
mukerrer_veri_seti.csv,REC001892,REC000397,1,1,0,1,1,1,1,1.0,1,1,1,1.0,1,1,1.0,0,1,1,0,0,0,0.74,0.74,0.6667,0.6471,1,1.0,1,0.4667,1.0,0.4667,1.0,0,1,1,1,1,1,7
mukerrer_veri_seti.csv,REC001424,REC000374,1,1,0,1,1,1,1,1.0,1,1,1,1.0,1,1,1.0,0,1,1,1,1,1,1.0,1.0,1.0,1.0,1,1.0,1,1.0,1.0,1.0,1.0,1,1,1,0,0,0,7
mukerrer_veri_seti.csv,REC001021,REC001573,1,1,0,1,1,1,1,1.0,1,1,1,1.0,1,1,1.0,0,1,1,1,1,1,1.0,1.0,1.0,1.0,1,1.0,1,1.0,1.0,1.0,1.0,1,1,1,0,0,0,7
mukerrer_veri_seti.csv,REC001039,REC000616,0,0,1,1,0,0,0,0.28,1,0,0,0.2609,0,0,0.7005,0,1,1,0,0,0,0.8545,0.8545,0.5,0.6364,1,0.292,1,1.0,0.4667,1.0,0.4667,1,0,0,0,0,0,7
mukerrer_veri_seti.csv,REC001504,REC001005,1,0,0,0,1,1,1,1.0,1,1,1,1.0,1,1,1.0,0,1,1,1,1,1,0.9818,0.9818,0.9733,0.8182,1,1.0,1,1.0,0.9467,1.0,0.9467,1,0,1,0,0,0,6
mukerrer_veri_seti.csv,REC001282,REC001691,1,1,0,1,1,1,1,1.0,1,1,1,1.0,1,1,1.0,0,1,1,1,1,1,1.0,1.0,1.0,1.0,1,1.0,1,1.0,1.0,1.0,1.0,1,1,1,0,0,0,7
mukerrer_veri_seti.csv,REC000184,REC001070,1,1,0,1,1,1,1,1.0,1,0,0,1.0,1,1,1.0,0,1,1,1,1,1,1.0,1.0,1.0,1.0,1,0.8571,1,1.0,1.0,1.0,1.0,1,1,1,0,0,0,7
mukerrer_veri_seti.csv,REC001308,REC001755,1,1,0,1,1,1,1,1.0,1,1,1,1.0,1,1,1.0,0,1,1,1,1,1,0.9833,0.9833,0.97,0.8333,1,1.0,1,1.0,0.94,1.0,0.94,1,0,1,0,0,0,7
mukerrer_veri_seti.csv,REC000189,REC000752,1,1,0,1,1,1,1,1.0,1,1,1,1.0,1,1,1.0,0,1,1,1,1,1,1.0,1.0,1.0,1.0,1,1.0,1,1.0,1.0,1.0,1.0,1,1,1,0,0,0,7
mukerrer_veri_seti.csv,REC000056,REC001899,0,0,1,1,0,0,0,0.28,1,0,0,0.48,0,0,0.5857,0,1,1,0,0,0,0.475,0.475,0.0,0.2,1,0.4787,1,0.25,0.0,0.0,0.0,0,0,0,0,0,0,7
mukerrer_veri_seti.csv,REC001176,REC001078,1,1,0,1,1,1,1,1.0,1,1,1,1.0,1,1,1.0,0,1,1,1,1,1,1.0,1.0,1.0,1.0,1,1.0,1,1.0,1.0,1.0,1.0,1,1,1,0,0,0,7
mukerrer_veri_seti.csv,REC001306,REC001890,1,1,0,1,1,1,1,1.0,1,1,1,1.0,1,1,1.0,0,1,1,0,0,0,0.74,0.74,0.6667,0.7778,1,1.0,1,0.2,1.0,0.0,1.0,0,1,1,1,1,1,7
mukerrer_veri_seti.csv,REC000474,REC000309,0,0,1,1,0,0,0,0.21,1,0,0,0.7368,0,0,0.6322,0,1,1,0,0,0,0.74,0.74,0.5,0.5,1,0.6577,1,0.25,1.0,0.0,1.0,0,1,0,0,0,1,7
mukerrer_veri_seti.csv,REC000418,REC001388,1,0,0,0,1,1,1,1.0,1,1,1,1.0,1,1,1.0,0,1,1,1,1,1,1.0,1.0,1.0,1.0,1,1.0,1,1.0,1.0,1.0,1.0,1,1,1,0,0,0,6
mukerrer_veri_seti.csv,REC001014,REC001942,1,1,0,1,1,1,1,1.0,1,1,1,1.0,1,1,1.0,0,1,1,1,1,1,1.0,1.0,1.0,1.0,1,1.0,1,1.0,1.0,1.0,1.0,1,1,1,0,0,0,7
mukerrer_veri_seti.csv,REC001214,REC001810,1,1,0,1,1,1,1,1.0,1,0,0,0.0,1,1,0.0,0,1,1,1,1,1,1.0,1.0,1.0,1.0,1,0.0,0,1.0,1.0,1.0,1.0,1,1,1,0,0,0,5
mukerrer_veri_seti.csv,REC000114,REC001323,1,1,0,1,1,1,1,1.0,1,1,1,1.0,1,1,1.0,0,1,1,0,0,0,0.74,0.74,0.6667,0.7059,1,1.0,1,0.2222,1.0,0.0,1.0,0,1,1,1,1,1,7
mukerrer_veri_seti.csv,REC001264,REC001278,0,0,1,1,0,0,0,0.28,1,0,0,0.08,0,0,0.7039,0,1,1,0,0,0,0.35,0.35,0.0,0.0833,1,0.139,1,0.0,0.4643,0.0,0.4643,0,0,0,0,0,0,7
mukerrer_veri_seti.csv,REC001908,REC001121,1,1,0,1,1,1,1,1.0,1,1,1,1.0,1,1,1.0,0,1,1,1,0,1,0.9667,0.9667,0.9667,0.9091,1,1.0,1,1.0,0.9333,1.0,0.9333,1,0,1,0,0,0,7
mukerrer_veri_seti.csv,REC000723,REC001414,1,0,1,1,1,1,1,1.0,1,1,1,1.0,1,1,1.0,0,1,1,1,0,1,0.925,0.925,0.6667,0.625,1,1.0,1,1.0,0.2222,1.0,0.0,1,0,1,0,0,0,7
mukerrer_veri_seti.csv,REC000554,REC001069,0,0,1,1,0,0,0,0.21,1,0,1,0.0833,0,0,0.6341,0,1,1,0,0,0,0.3965,0.3965,0.0,0.0833,1,0.2667,1,0.0,0.4667,0.0,0.4667,0,0,0,0,0,0,7
mukerrer_veri_seti.csv,REC000170,REC001991,0,0,1,1,0,0,0,0.28,1,0,0,0.2857,0,0,0.6763,0,1,1,0,0,0,0.5879,0.5879,0.0,0.3636,1,0.3,1,0.6333,0.4667,0.6333,0.4667,0,0,0,0,0,0,7
mukerrer_veri_seti.csv,REC001252,REC001753,0,0,1,1,0,0,0,0.28,1,0,0,0.24,0,0,0.7092,0,1,1,0,0,0,0.7073,0.7073,0.5,0.5385,1,0.312,1,0.4365,1.0,0.4365,1.0,0,1,0,0,0,1,7
mukerrer_veri_seti.csv,REC000696,REC001978,1,1,0,1,1,1,1,1.0,1,1,1,1.0,1,1,1.0,0,1,1,1,1,1,1.0,1.0,1.0,1.0,1,1.0,1,1.0,1.0,1.0,1.0,1,1,1,0,0,0,7
mukerrer_veri_seti.csv,REC001595,REC001105,0,0,1,1,0,0,0,0.14,1,0,0,0.4286,0,0,0.6069,0,1,1,0,0,0,0.3825,0.3825,0.0,0.0769,1,0.4247,1,0.0,0.1667,0.0,0.0,0,0,0,0,0,0,7
mukerrer_veri_seti.csv,REC001185,REC000291,1,1,0,1,1,1,1,1.0,1,1,1,1.0,1,1,0.9269,0,1,1,1,1,1,1.0,1.0,1.0,1.0,1,1.0,1,1.0,1.0,1.0,1.0,1,1,1,0,0,0,7
mukerrer_veri_seti.csv,REC001318,REC001333,0,0,1,1,0,0,0,0.28,1,0,0,0.2727,0,0,0.5979,0,1,1,0,0,0,0.5485,0.5485,0.0,0.1818,1,0.3064,1,0.4833,0.4722,0.4833,0.4722,0,0,0,0,0,0,7
mukerrer_veri_seti.csv,REC001609,REC001325,0,0,1,1,0,0,0,0.35,1,0,0,0.2222,1,1,0.9822,0,1,1,0,0,0,0.5444,0.5444,0.0,0.1,1,0.2567,1,0.4667,0.2857,0.4667,0.0,0,0,0,0,0,0,7
mukerrer_veri_seti.csv,REC000133,REC001298,1,1,0,1,1,1,1,1.0,1,1,1,1.0,1,1,0.9339,0,1,1,1,1,1,1.0,1.0,1.0,1.0,1,1.0,1,1.0,1.0,1.0,1.0,1,1,1,0,0,0,7
mukerrer_veri_seti.csv,REC001777,REC000231,0,0,1,1,0,0,0,0.14,1,0,0,0.2857,0,0,0.6933,0,1,1,0,0,0,0.4629,0.4629,0.0,0.2727,1,0.3143,1,0.4833,0.4667,0.4833,0.4667,0,0,0,0,0,0,7
mukerrer_veri_seti.csv,REC001660,REC001402,1,1,0,1,1,1,1,1.0,1,1,1,1.0,1,1,1.0,0,1,1,1,1,1,1.0,1.0,1.0,1.0,1,1.0,1,1.0,1.0,1.0,1.0,1,1,1,0,0,0,7
mukerrer_veri_seti.csv,REC000488,REC001053,0,0,1,1,0,0,0,0.21,1,0,0,0.1,0,0,0.6685,0,1,1,0,0,0,0.575,0.575,0.0,0.0833,1,0.1514,1,0.52,0.5,0.52,0.5,0,0,0,0,0,0,7
mukerrer_veri_seti.csv,REC000288,REC000919,0,0,1,1,0,0,0,0.21,1,0,0,0.3333,1,1,0.6707,0,1,1,0,0,0,0.6136,0.6136,0.0,0.2727,1,0.3417,1,0.6,0.4667,0.6,0.4667,0,0,0,0,0,0,7
mukerrer_veri_seti.csv,REC001448,REC000656,1,1,0,1,1,1,1,1.0,1,1,1,1.0,1,1,1.0,0,1,1,0,0,0,0.9667,0.9667,0.9667,0.8182,1,1.0,1,0.2,0.2,0.0,0.0,0,0,1,0,0,0,7
mukerrer_veri_seti.csv,REC000065,REC000139,0,0,1,1,0,0,0,0.28,1,0,0,0.087,0,0,0.7013,0,1,1,0,0,0,0.5152,0.5152,0.0,0.0,1,0.1596,1,0.5,0.4444,0.5,0.4444,0,0,0,0,0,0,7
mukerrer_veri_seti.csv,REC000528,REC000092,1,1,0,1,1,1,1,1.0,1,0,0,1.0,1,1,1.0,0,1,1,1,1,1,1.0,1.0,1.0,1.0,1,0.8316,1,1.0,1.0,1.0,1.0,1,1,1,0,0,0,7
mukerrer_veri_seti.csv,REC001189,REC001050,1,1,0,1,1,1,1,1.0,1,1,1,1.0,1,1,1.0,0,1,1,0,1,1,0.9758,0.9758,0.9667,0.8182,1,1.0,1,0.9333,1.0,0.9333,1.0,0,1,1,0,0,0,7
mukerrer_veri_seti.csv,REC000810,REC001962,1,1,0,1,1,1,1,1.0,1,1,1,1.0,1,1,0.6552,0,1,1,1,1,1,1.0,1.0,1.0,1.0,1,1.0,1,1.0,1.0,1.0,1.0,1,1,1,0,0,0,7
mukerrer_veri_seti.csv,REC000665,REC001403,0,0,1,1,0,0,0,0.28,1,0,0,0.2727,1,1,0.6741,0,1,1,0,0,0,0.6111,0.6111,0.0,0.25,1,0.3129,1,0.2,0.5,0.0,0.5,0,0,0,0,0,0,7
mukerrer_veri_seti.csv,REC001921,REC000010,1,1,0,1,1,1,1,1.0,1,0,0,1.0,1,1,1.0,0,1,1,1,1,1,1.0,1.0,1.0,1.0,1,0.8947,1,1.0,1.0,1.0,1.0,1,1,1,0,0,0,7
mukerrer_veri_seti.csv,REC000310,REC000786,1,1,0,1,1,1,1,1.0,1,0,1,0.9091,1,1,1.0,0,1,1,1,1,1,1.0,1.0,1.0,1.0,1,0.9273,1,1.0,1.0,1.0,1.0,1,1,1,0,0,0,7
mukerrer_veri_seti.csv,REC000596,REC000569,1,1,0,1,1,1,1,1.0,1,1,1,1.0,1,1,1.0,0,1,1,1,1,1,1.0,1.0,1.0,1.0,1,1.0,1,1.0,1.0,1.0,1.0,1,1,1,0,0,0,7
mukerrer_veri_seti.csv,REC000098,REC001320,1,1,0,1,1,1,1,1.0,1,1,1,1.0,1,1,1.0,0,1,1,1,1,1,1.0,1.0,1.0,1.0,1,1.0,1,1.0,1.0,1.0,1.0,1,1,1,0,0,0,7
mukerrer_veri_seti.csv,REC001670,REC001700,0,0,1,1,0,0,0,0.35,1,0,0,0.3333,0,0,0.7902,0,1,1,0,0,0,0.6148,0.6148,0.0,0.2,1,0.3,1,0.2857,0.65,0.0,0.65,0,0,0,0,0,0,7
mukerrer_veri_seti.csv,REC000819,REC001844,0,0,1,1,0,0,0,0.14,1,0,0,0.3,0,0,0.572,0,1,1,0,0,0,0.5333,0.5333,0.0,0.3,1,0.3082,1,0.2222,0.4833,0.0,0.4833,0,0,0,0,0,0,7
mukerrer_veri_seti.csv,REC001933,REC000410,1,1,0,1,1,1,1,1.0,1,1,1,1.0,1,1,1.0,0,1,1,1,1,1,1.0,1.0,1.0,1.0,1,1.0,1,1.0,1.0,1.0,1.0,1,1,1,0,0,0,7
mukerrer_veri_seti.csv,REC001936,REC000463,0,0,1,1,0,0,0,0.28,1,0,0,0.6667,0,0,0.8655,0,1,1,0,0,0,0.6481,0.6481,0.0,0.2222,1,0.6745,1,0.2857,0.6667,0.0,0.6667,0,0,0,0,0,0,7
mukerrer_veri_seti.csv,REC000796,REC000751,1,1,0,1,1,1,1,1.0,1,1,1,1.0,1,1,0.9231,0,1,1,1,1,1,1.0,1.0,1.0,1.0,1,1.0,1,1.0,1.0,1.0,1.0,1,1,1,0,0,0,7
mukerrer_veri_seti.csv,REC001095,REC001749,1,0,0,0,1,1,1,1.0,1,1,1,1.0,1,1,1.0,0,1,1,1,1,1,1.0,1.0,1.0,1.0,1,1.0,1,1.0,1.0,1.0,1.0,1,1,1,0,0,0,6
mukerrer_veri_seti.csv,REC000496,REC000552,1,0,0,0,1,1,1,1.0,1,0,0,0.0,1,1,1.0,0,1,1,1,1,1,1.0,1.0,1.0,1.0,1,0.0,0,1.0,1.0,1.0,1.0,1,1,1,0,0,0,5
mukerrer_veri_seti.csv,REC001019,REC001869,1,1,0,1,1,1,1,1.0,1,1,1,1.0,1,1,1.0,0,1,1,1,1,1,1.0,1.0,1.0,1.0,1,1.0,1,1.0,1.0,1.0,1.0,1,1,1,0,0,0,7
mukerrer_veri_seti.csv,REC000754,REC001784,1,1,0,1,1,1,1,1.0,1,1,1,1.0,1,1,1.0,0,1,1,1,1,1,1.0,1.0,1.0,1.0,1,1.0,1,1.0,1.0,1.0,1.0,1,1,1,0,0,0,7
mukerrer_veri_seti.csv,REC000215,REC001073,1,1,0,1,1,1,1,1.0,1,1,1,1.0,1,1,1.0,0,1,1,1,1,1,1.0,1.0,1.0,1.0,1,1.0,1,1.0,1.0,1.0,1.0,1,1,1,0,0,0,7
mukerrer_veri_seti.csv,REC001221,REC000782,0,0,1,1,0,0,0,0.35,1,0,0,0.1818,0,0,0.8333,0,1,1,1,0,1,0.802,0.802,0.5,0.4545,1,0.2136,1,1.0,0.0,1.0,0.0,1,0,0,0,0,0,7
mukerrer_veri_seti.csv,REC000299,REC000734,1,0,1,1,1,1,1,1.0,1,1,1,1.0,1,1,1.0,0,1,1,0,0,0,0.74,0.74,0.6667,0.6875,1,1.0,1,1.0,1.0,1.0,1.0,1,1,1,0,0,1,7
mukerrer_veri_seti.csv,REC001083,REC000027,1,1,0,1,1,1,1,1.0,1,1,1,1.0,1,1,1.0,0,1,1,1,1,1,1.0,1.0,1.0,1.0,1,1.0,1,1.0,1.0,1.0,1.0,1,1,1,0,0,0,7
mukerrer_veri_seti.csv,REC001208,REC001259,1,1,0,1,1,1,1,1.0,1,0,1,0.9474,1,1,1.0,0,1,1,1,1,1,1.0,1.0,1.0,1.0,1,0.9579,1,1.0,1.0,1.0,1.0,1,1,1,0,0,0,7
mukerrer_veri_seti.csv,REC001143,REC001766,1,1,0,1,1,1,1,1.0,1,1,1,1.0,1,1,0.9266,0,1,1,1,1,1,1.0,1.0,1.0,1.0,1,1.0,1,1.0,1.0,1.0,1.0,1,1,1,0,0,0,7
mukerrer_veri_seti.csv,REC000454,REC000603,0,0,1,1,0,0,0,0.35,1,0,1,0.6957,0,0,0.6167,0,1,1,0,0,0,0.6908,0.6908,0.3956,0.3846,1,0.7565,1,0.7911,0.4556,0.7911,0.4556,0,0,0,0,0,0,7
mukerrer_veri_seti.csv,REC000147,REC001328,0,0,1,1,0,0,0,0.42,1,0,0,0.1538,0,0,0.7052,0,1,1,0,0,0,0.4823,0.4823,0.0,0.1667,1,0.202,1,0.6333,0.4476,0.6333,0.4476,0,0,0,0,0,0,7
mukerrer_veri_seti.csv,REC000137,REC001395,1,1,0,1,1,1,1,1.0,1,1,1,1.0,1,1,0.0,0,1,1,1,1,1,1.0,1.0,1.0,1.0,1,1.0,1,1.0,1.0,1.0,1.0,1,1,1,0,0,0,6
mukerrer_veri_seti.csv,REC001246,REC001406,1,1,0,1,1,1,1,1.0,1,1,1,1.0,1,1,0.0,0,1,1,1,1,1,1.0,1.0,1.0,1.0,1,1.0,1,1.0,1.0,1.0,1.0,1,1,1,0,0,0,6
mukerrer_veri_seti.csv,REC001878,REC000395,0,0,1,1,0,0,0,0.28,1,0,0,0.2727,0,0,0.5651,0,1,1,0,0,0,0.5,0.5,0.5,0.5455,1,0.2971,1,0.4722,0.2222,0.4722,0.0,0,0,0,0,0,0,7
mukerrer_veri_seti.csv,REC000240,REC001545,1,1,0,1,1,1,1,1.0,1,1,1,1.0,1,1,0.5963,0,1,1,1,1,1,1.0,1.0,1.0,1.0,1,1.0,1,1.0,1.0,1.0,1.0,1,1,1,0,0,0,7
mukerrer_veri_seti.csv,REC000284,REC001943,0,0,1,1,0,0,0,0.42,1,0,0,0.3846,1,1,0.5976,0,1,1,0,0,0,0.6385,0.6385,0.0,0.3846,1,0.3827,1,0.6786,0.6,0.6786,0.6,0,0,0,0,0,0,7
mukerrer_veri_seti.csv,REC001556,REC001692,1,1,0,1,1,1,1,1.0,1,1,1,1.0,1,1,0.5431,0,1,1,1,1,1,1.0,1.0,1.0,1.0,1,1.0,1,1.0,1.0,1.0,1.0,1,1,1,0,0,0,7
mukerrer_veri_seti.csv,REC001629,REC001822,1,1,0,1,1,1,1,1.0,1,1,1,1.0,1,1,1.0,0,1,1,1,1,1,1.0,1.0,1.0,1.0,1,1.0,1,1.0,1.0,1.0,1.0,1,1,1,0,0,0,7
mukerrer_veri_seti.csv,REC001760,REC001911,0,0,1,1,0,0,0,0.28,1,0,0,0.3077,0,0,0.6121,0,1,1,0,0,0,0.74,0.74,0.5,0.7692,1,0.3295,1,0.6889,1.0,0.6889,1.0,0,1,0,0,0,1,7
mukerrer_veri_seti.csv,REC000537,REC001305,0,0,1,1,0,0,0,0.35,1,0,0,0.16,0,0,0.7159,0,1,1,0,0,0,0.35,0.35,0.0,0.1667,1,0.2137,1,0.4833,0.0,0.4833,0.0,0,0,0,0,0,0,7
mukerrer_veri_seti.csv,REC001479,REC000007,0,0,1,1,0,0,0,0.49,1,0,1,0.3571,0,0,0.6587,0,1,1,0,0,0,0.5131,0.5131,0.3984,0.3846,1,0.4857,1,0.0,0.7968,0.0,0.7968,0,0,0,0,0,0,7
mukerrer_veri_seti.csv,REC001231,REC000692,0,0,1,1,0,0,0,0.28,1,0,0,0.2857,0,0,0.6111,0,1,1,0,0,0,0.669,0.669,0.38,0.4615,1,0.3075,1,0.5778,0.76,0.5778,0.76,0,0,0,0,0,0,7
mukerrer_veri_seti.csv,REC001641,REC001362,0,0,1,1,0,0,0,0.28,1,0,0,0.6364,0,0,0.7068,0,1,1,0,0,0,0.604,0.604,0.0,0.2727,1,0.5662,1,0.6333,0.4,0.6333,0.0,0,0,0,0,0,0,7
mukerrer_veri_seti.csv,REC000871,REC000219,0,0,1,1,0,0,0,0.35,1,0,0,0.1,0,0,0.8283,0,1,1,0,0,0,0.5278,0.5278,0.0,0.0833,1,0.1329,1,0.4722,0.4833,0.4722,0.4833,0,0,0,0,0,0,7
mukerrer_veri_seti.csv,REC000963,REC001052,0,0,1,1,0,0,0,0.35,1,0,0,0.1481,1,1,0.6986,0,1,1,0,0,0,0.4823,0.4823,0.0,0.25,1,0.2085,1,0.6,0.1818,0.6,0.0,0,0,0,0,0,0,7
mukerrer_veri_seti.csv,REC001968,REC001816,0,0,1,1,0,0,0,0.21,1,0,1,0.1667,0,0,0.8339,0,1,1,0,0,0,0.4248,0.4248,0.0,0.2857,1,0.3333,1,0.0,0.5778,0.0,0.5778,0,0,0,0,0,0,7
mukerrer_veri_seti.csv,REC001664,REC000673,0,0,1,1,0,0,0,0.21,1,0,0,0.0952,0,0,0.641,0,1,1,0,0,0,0.4242,0.4242,0.0,0.1818,1,0.1962,1,0.5111,0.0,0.5111,0.0,0,0,0,0,0,0,7
mukerrer_veri_seti.csv,REC001997,REC001209,1,1,0,1,1,1,1,1.0,1,1,1,1.0,1,1,1.0,0,1,1,1,1,1,1.0,1.0,1.0,1.0,1,1.0,1,1.0,1.0,1.0,1.0,1,1,1,0,0,0,7
mukerrer_veri_seti.csv,REC001132,REC001193,0,0,1,1,0,0,0,0.28,1,0,0,0.32,0,0,0.6235,0,1,1,0,0,0,0.74,0.74,0.5,0.5455,1,0.3349,1,0.5333,1.0,0.5333,1.0,0,1,0,0,0,1,7
mukerrer_veri_seti.csv,REC001975,REC001465,1,1,0,1,1,1,1,1.0,1,1,1,1.0,1,1,0.9231,0,1,1,1,1,1,1.0,1.0,1.0,1.0,1,1.0,1,1.0,1.0,1.0,1.0,1,1,1,0,0,0,7
mukerrer_veri_seti.csv,REC001540,REC001925,0,0,1,1,0,0,0,0.28,1,0,0,0.1739,1,1,0.5605,0,1,1,0,0,0,0.5848,0.5848,0.0,0.0909,1,0.2141,1,0.6,0.4833,0.6,0.4833,0,0,0,0,0,0,7
mukerrer_veri_seti.csv,REC001472,REC001356,0,0,1,1,0,0,0,0.28,1,0,0,0.25,0,0,0.6051,0,1,1,0,0,0,0.6,0.6,0.5,0.6,1,0.2789,1,0.4833,0.7067,0.4833,0.7067,0,0,0,0,0,0,7
mukerrer_veri_seti.csv,REC000152,REC001008,0,0,1,1,0,0,0,0.28,1,0,0,0.24,0,0,0.6296,0,1,1,0,0,0,0.5429,0.5429,0.5,0.5833,1,0.2753,1,0.4667,0.4111,0.4667,0.4111,0,0,0,0,0,0,7
mukerrer_veri_seti.csv,REC001257,REC001473,1,1,0,1,1,1,1,1.0,1,1,1,1.0,1,1,1.0,0,1,1,1,1,1,1.0,1.0,1.0,1.0,1,1.0,1,1.0,1.0,1.0,1.0,1,1,1,0,0,0,7
mukerrer_veri_seti.csv,REC000767,REC000610,1,1,0,1,1,1,1,1.0,1,1,1,1.0,1,1,0.9324,0,1,1,1,1,1,1.0,1.0,1.0,1.0,1,1.0,1,1.0,1.0,1.0,1.0,1,1,1,0,0,0,7
mukerrer_veri_seti.csv,REC001341,REC001748,0,0,1,1,0,0,0,0.28,1,0,0,0.3478,1,1,0.9931,0,1,1,0,0,0,0.4949,0.4949,0.0,0.2308,1,0.3683,1,0.25,0.373,0.0,0.373,0,0,0,0,0,0,7
mukerrer_veri_seti.csv,REC001250,REC001329,1,0,0,0,1,1,1,1.0,1,1,1,1.0,1,1,1.0,0,1,1,1,1,1,0.9778,0.9778,0.9625,0.7778,1,1.0,1,1.0,0.925,1.0,0.925,1,0,1,0,0,0,6
mukerrer_veri_seti.csv,REC001600,REC000533,0,0,1,1,0,0,0,0.21,1,0,0,0.1667,1,1,0.8838,0,1,1,0,0,0,0.3944,0.3944,0.0,0.25,1,0.1965,1,0.0,0.0,0.0,0.0,0,0,0,0,0,0,7
mukerrer_veri_seti.csv,REC001923,REC000415,1,1,0,1,1,1,1,1.0,1,1,1,1.0,1,1,0.9256,0,1,1,1,1,1,1.0,1.0,1.0,1.0,1,1.0,1,1.0,1.0,1.0,1.0,1,1,1,0,0,0,7
mukerrer_veri_seti.csv,REC000100,REC001579,1,0,0,0,1,1,1,1.0,1,0,0,0.0,1,1,1.0,0,1,1,1,1,1,1.0,1.0,1.0,1.0,1,0.0,0,1.0,1.0,1.0,1.0,1,1,1,0,0,0,5
mukerrer_veri_seti.csv,REC000724,REC000803,1,1,0,1,1,1,1,1.0,1,1,1,1.0,1,1,1.0,0,1,1,1,1,1,1.0,1.0,1.0,1.0,1,1.0,1,1.0,1.0,1.0,1.0,1,1,1,0,0,0,7
mukerrer_veri_seti.csv,REC000858,REC000514,1,1,0,1,1,1,1,1.0,1,1,1,1.0,1,1,1.0,0,1,1,1,1,1,1.0,1.0,1.0,1.0,1,1.0,1,1.0,1.0,1.0,1.0,1,1,1,0,0,0,7
mukerrer_veri_seti.csv,REC000317,REC001272,0,0,1,1,0,0,0,0.35,1,0,0,0.1739,0,0,0.653,0,1,1,0,0,0,0.4131,0.4131,0.0,0.1818,1,0.2291,1,0.4833,0.0,0.4833,0.0,0,0,0,0,0,0,7
mukerrer_veri_seti.csv,REC001027,REC000171,1,1,0,1,1,1,1,1.0,1,1,1,1.0,1,1,1.0,0,1,1,0,1,1,0.96,0.96,0.9166,0.9,1,1.0,1,1.0,0.8333,1.0,0.8333,1,0,1,0,0,0,7
mukerrer_veri_seti.csv,REC000421,REC000795,1,1,0,1,1,1,1,1.0,1,1,1,1.0,1,1,1.0,0,1,1,1,1,1,1.0,1.0,1.0,1.0,1,1.0,1,1.0,1.0,1.0,1.0,1,1,1,0,0,0,7
mukerrer_veri_seti.csv,REC001852,REC000978,1,1,0,1,1,1,1,1.0,1,0,0,1.0,1,1,1.0,0,1,1,1,1,1,1.0,1.0,1.0,1.0,1,0.8316,1,1.0,1.0,1.0,1.0,1,1,1,0,0,0,7
mukerrer_veri_seti.csv,REC000201,REC001128,0,0,1,1,0,0,0,0.21,1,0,0,0.2857,1,1,0.9852,0,1,1,0,0,0,0.4848,0.4848,0.0,0.0909,1,0.3233,1,0.0,0.5778,0.0,0.5778,0,0,0,0,0,0,7
mukerrer_veri_seti.csv,REC001649,REC001992,0,0,1,1,0,0,0,0.21,1,0,0,0.3571,1,1,0.9729,0,1,1,0,0,0,0.4818,0.4818,0.35,0.4,1,0.3607,1,0.7,0.55,0.7,0.55,0,0,0,0,0,0,7
mukerrer_veri_seti.csv,REC000062,REC000066,0,0,1,1,0,0,0,0.28,1,0,0,0.2105,1,1,0.7368,0,1,1,0,0,0,0.6212,0.6212,0.0,0.1818,1,0.2518,1,0.2222,0.56,0.0,0.56,0,0,0,0,0,0,7
mukerrer_veri_seti.csv,REC000422,REC001642,1,1,0,1,1,1,1,1.0,1,1,1,1.0,1,1,0.0,0,1,1,1,1,1,1.0,1.0,1.0,1.0,1,1.0,1,1.0,1.0,1.0,1.0,1,1,1,0,0,0,6
mukerrer_veri_seti.csv,REC000960,REC000854,1,1,0,1,1,1,1,1.0,1,1,1,1.0,1,1,1.0,0,1,1,1,1,1,1.0,1.0,1.0,1.0,1,1.0,1,1.0,1.0,1.0,1.0,1,1,1,0,0,0,7
mukerrer_veri_seti.csv,REC000345,REC001168,1,0,0,0,1,1,1,1.0,1,1,1,1.0,1,1,1.0,0,1,1,1,0,1,0.9727,0.9727,0.9625,0.8182,1,1.0,1,0.925,1.0,0.925,1.0,0,1,1,0,0,0,6
mukerrer_veri_seti.csv,REC001334,REC000624,1,1,0,1,1,1,1,1.0,1,1,1,1.0,1,1,0.0,0,1,1,1,1,1,1.0,1.0,1.0,1.0,1,1.0,1,1.0,1.0,1.0,1.0,1,1,1,0,0,0,6
mukerrer_veri_seti.csv,REC000113,REC001995,1,1,0,1,1,1,1,1.0,1,1,1,1.0,1,1,1.0,0,1,1,1,1,1,1.0,1.0,1.0,1.0,1,1.0,1,1.0,1.0,1.0,1.0,1,1,1,0,0,0,7
mukerrer_veri_seti.csv,REC002003,REC001010,1,0,0,0,1,1,1,1.0,1,1,1,1.0,1,1,1.0,0,1,1,1,1,1,1.0,1.0,1.0,1.0,1,1.0,1,1.0,1.0,1.0,1.0,1,1,1,0,0,0,6
mukerrer_veri_seti.csv,REC000144,REC000884,0,0,1,1,0,0,0,0.28,1,0,0,0.2222,0,0,0.6197,0,1,1,0,0,0,0.459,0.459,0.0,0.1538,1,0.2349,1,0.4833,0.5952,0.4833,0.5952,0,0,0,0,0,0,7
mukerrer_veri_seti.csv,REC000290,REC000003,1,1,0,1,1,1,1,1.0,1,0,0,0.9565,1,1,1.0,0,1,1,1,1,1,1.0,1.0,1.0,1.0,1,0.8402,1,1.0,1.0,1.0,1.0,1,1,1,0,0,0,7
mukerrer_veri_seti.csv,REC001849,REC001347,0,0,1,1,0,0,0,0.28,1,0,1,0.1818,0,0,0.6986,0,1,1,0,0,0,0.4528,0.4528,0.0,0.1667,1,0.3455,1,0.4833,0.1818,0.4833,0.0,0,0,0,0,0,0,7
mukerrer_veri_seti.csv,REC001653,REC000542,0,0,1,1,0,0,0,0.28,1,0,0,0.2609,0,0,0.6434,0,1,1,0,0,0,0.6209,0.6209,0.3666,0.3333,1,0.2987,1,0.5889,0.7333,0.5889,0.7333,0,0,0,0,0,0,7
mukerrer_veri_seti.csv,REC000387,REC001292,1,1,0,1,1,1,1,1.0,1,1,1,1.0,1,1,1.0,0,1,1,1,1,1,1.0,1.0,1.0,1.0,1,1.0,1,1.0,1.0,1.0,1.0,1,1,1,0,0,0,7
mukerrer_veri_seti.csv,REC000403,REC001419,1,1,0,1,1,1,1,1.0,1,1,1,1.0,1,1,1.0,0,1,1,1,1,1,1.0,1.0,1.0,1.0,1,1.0,1,1.0,1.0,1.0,1.0,1,1,1,0,0,0,7
mukerrer_veri_seti.csv,REC001840,REC000841,1,1,0,1,1,1,1,1.0,1,1,1,1.0,1,1,1.0,0,1,1,1,1,1,1.0,1.0,1.0,1.0,1,1.0,1,1.0,1.0,1.0,1.0,1,1,1,0,0,0,7
mukerrer_veri_seti.csv,REC001422,REC001277,0,0,1,1,0,0,0,0.28,1,0,0,0.1667,0,0,0.5905,0,1,1,0,0,0,0.5167,0.5167,0.0,0.25,1,0.219,1,0.0,0.6111,0.0,0.6111,0,0,0,0,0,0,7
mukerrer_veri_seti.csv,REC000534,REC001966,1,1,0,1,1,1,1,1.0,1,1,1,1.0,1,1,0.9412,0,1,1,1,1,1,1.0,1.0,1.0,1.0,1,1.0,1,1.0,1.0,1.0,1.0,1,1,1,0,0,0,7
mukerrer_veri_seti.csv,REC000103,REC000118,0,0,1,1,0,0,0,0.21,1,0,0,0.1538,0,0,0.7188,0,1,1,0,0,0,0.4722,0.4722,0.0,0.0,1,0.2131,1,0.4667,0.1667,0.4667,0.0,0,0,0,0,0,0,7
mukerrer_veri_seti.csv,REC000295,REC000135,1,1,0,1,1,1,1,1.0,1,1,1,1.0,1,1,1.0,0,1,1,1,1,1,1.0,1.0,1.0,1.0,1,1.0,1,1.0,1.0,1.0,1.0,1,1,1,0,0,0,7
mukerrer_veri_seti.csv,REC001754,REC000049,0,0,1,1,0,0,0,0.21,1,0,0,0.5833,0,0,0.7586,0,1,1,1,0,1,0.8439,0.8439,0.5,0.5833,1,0.5417,1,1.0,0.0,1.0,0.0,1,0,0,0,0,0,7
mukerrer_veri_seti.csv,REC000507,REC000531,0,0,1,1,0,0,0,0.21,1,0,0,0.2609,0,0,0.6457,0,1,1,0,0,0,0.5758,0.5758,0.0,0.2727,1,0.2403,1,0.6,0.4667,0.6,0.4667,0,0,0,0,0,0,7
mukerrer_veri_seti.csv,REC000664,REC001227,0,0,1,1,0,0,0,0.28,1,0,0,0.2727,0,0,0.6812,0,1,1,0,0,0,0.5879,0.5879,0.0,0.1818,1,0.2971,1,0.4833,0.2,0.4833,0.0,0,0,0,0,0,0,7
mukerrer_veri_seti.csv,REC000567,REC001687,0,0,1,1,0,0,0,0.35,1,0,0,0.3636,0,0,0.7013,0,1,1,0,0,0,0.5778,0.5778,0.0,0.1667,1,0.4014,1,0.5778,0.4833,0.5778,0.4833,0,0,0,0,0,0,7
mukerrer_veri_seti.csv,REC000594,REC000965,1,1,0,1,1,1,1,1.0,1,1,1,1.0,1,1,0.9231,0,1,1,1,1,1,1.0,1.0,1.0,1.0,1,1.0,1,1.0,1.0,1.0,1.0,1,1,1,0,0,0,7
mukerrer_veri_seti.csv,REC001136,REC001368,0,0,1,1,0,0,0,0.21,1,0,0,0.1538,0,0,0.6326,0,1,1,0,0,0,0.3904,0.3904,0.0,0.1538,1,0.2131,1,0.4111,0.0,0.4111,0.0,0,0,0,0,0,0,7
mukerrer_veri_seti.csv,REC000651,REC001202,1,1,0,1,1,1,1,1.0,1,1,1,1.0,1,1,1.0,0,1,1,1,1,1,1.0,1.0,1.0,1.0,1,1.0,1,1.0,1.0,1.0,1.0,1,1,1,0,0,0,7
mukerrer_veri_seti.csv,REC000902,REC001948,1,1,0,1,1,1,1,1.0,1,1,1,1.0,1,1,0.9133,0,1,1,1,1,1,1.0,1.0,1.0,1.0,1,1.0,1,1.0,1.0,1.0,1.0,1,1,1,0,0,0,7
mukerrer_veri_seti.csv,REC001571,REC001593,1,1,0,1,1,1,1,1.0,1,1,1,1.0,1,1,0.9455,0,1,1,1,1,1,1.0,1.0,1.0,1.0,1,1.0,1,1.0,1.0,1.0,1.0,1,1,1,0,0,0,7
mukerrer_veri_seti.csv,REC001977,REC001206,0,0,1,1,0,0,0,0.21,1,0,0,0.24,0,0,0.8254,0,1,1,0,0,0,0.4464,0.4464,0.0,0.2308,1,0.2107,1,0.3333,0.4667,0.0,0.4667,0,0,0,0,0,0,7
mukerrer_veri_seti.csv,REC000456,REC000964,0,0,1,1,0,0,0,0.28,1,0,0,0.5455,0,0,0.6677,0,1,1,0,0,0,0.5444,0.5444,0.0,0.0833,1,0.5246,1,0.4,0.4444,0.0,0.4444,0,0,0,0,0,0,7
mukerrer_veri_seti.csv,REC000882,REC000857,1,0,0,0,1,1,1,1.0,1,1,1,1.0,1,1,1.0,0,1,1,0,0,0,0.9407,0.9407,0.9334,0.8889,1,1.0,1,0.8667,1.0,0.8667,1.0,0,1,1,0,0,0,6
mukerrer_veri_seti.csv,REC001093,REC000934,1,1,0,1,1,1,1,1.0,1,0,1,0.9091,1,1,1.0,0,1,1,1,1,1,1.0,1.0,1.0,1.0,1,0.9273,1,1.0,1.0,1.0,1.0,1,1,1,0,0,0,7
mukerrer_veri_seti.csv,REC001934,REC000560,1,1,0,1,1,1,1,1.0,1,1,1,1.0,1,1,1.0,0,1,1,1,1,1,1.0,1.0,1.0,1.0,1,1.0,1,1.0,1.0,1.0,1.0,1,1,1,0,0,0,7
mukerrer_veri_seti.csv,REC000974,REC001352,0,0,1,1,0,0,0,0.21,1,0,0,0.087,0,0,0.6289,0,1,1,0,0,0,0.4606,0.4606,0.0,0.0909,1,0.1553,1,0.0,0.4667,0.0,0.4667,0,0,0,0,0,0,7
mukerrer_veri_seti.csv,REC000068,REC001396,1,1,0,1,1,1,1,1.0,1,1,1,1.0,1,1,1.0,0,1,1,1,1,1,1.0,1.0,1.0,1.0,1,1.0,1,1.0,1.0,1.0,1.0,1,1,1,0,0,0,7
mukerrer_veri_seti.csv,REC001342,REC000442,1,1,0,1,1,1,1,1.0,1,1,1,1.0,1,1,1.0,0,1,1,1,1,1,1.0,1.0,1.0,1.0,1,1.0,1,1.0,1.0,1.0,1.0,1,1,1,0,0,0,7
mukerrer_veri_seti.csv,REC001375,REC001496,0,0,1,1,0,0,0,0.28,1,0,0,0.3846,0,0,0.7135,0,1,1,0,0,0,0.8967,0.8967,0.5,0.7143,1,0.3606,1,1.0,0.5778,1.0,0.5778,1,0,0,0,0,0,7
mukerrer_veri_seti.csv,REC000390,REC000834,0,0,1,1,0,0,0,0.21,1,0,0,0.1739,0,0,0.8685,0,1,1,0,0,0,0.71,0.71,0.5,0.6,1,0.2141,1,0.67,0.6333,0.67,0.6333,0,0,0,0,0,0,7
mukerrer_veri_seti.csv,REC000820,REC001247,1,1,0,1,1,1,1,1.0,1,1,1,1.0,1,1,1.0,0,1,1,1,1,1,0.9818,0.9818,0.975,0.8182,1,1.0,1,1.0,0.95,1.0,0.95,1,0,1,0,0,0,7
mukerrer_veri_seti.csv,REC001583,REC001535,0,0,1,1,0,0,0,0.28,1,0,1,0.3478,1,1,0.9862,0,1,1,0,0,0,0.4944,0.4944,0.35,0.3333,1,0.4783,1,0.4667,0.4722,0.4667,0.4722,0,0,0,0,0,0,7
mukerrer_veri_seti.csv,REC002006,REC001475,0,0,1,1,0,0,0,0.28,1,0,0,0.3333,0,0,0.5855,0,1,1,0,0,0,0.5842,0.5842,0.0,0.1429,1,0.3238,1,0.6012,0.4722,0.6012,0.4722,0,0,0,0,0,0,7
mukerrer_veri_seti.csv,REC000057,REC000679,0,0,1,1,0,0,0,0.28,1,0,0,0.1818,1,1,0.6687,0,1,1,0,0,0,0.4823,0.4823,0.0,0.0833,1,0.2288,1,0.4556,0.4667,0.4556,0.4667,0,0,0,0,0,0,7
mukerrer_veri_seti.csv,REC001367,REC000447,0,0,1,1,0,0,0,0.28,1,0,0,0.2308,0,0,0.6615,0,1,1,0,0,0,0.6282,0.6282,0.0,0.2308,1,0.2679,1,0.6762,0.4833,0.6762,0.4833,0,0,0,0,0,0,7
mukerrer_veri_seti.csv,REC000641,REC001576,0,0,1,1,0,0,0,0.28,1,0,0,0.2727,0,0,0.8281,0,1,1,0,0,0,0.404,0.404,0.0,0.2727,1,0.3129,1,0.4833,0.0,0.4833,0.0,0,0,0,0,0,0,7
mukerrer_veri_seti.csv,REC000608,REC000389,0,0,1,1,0,0,0,0.21,1,0,0,0.4348,0,0,0.6576,0,1,1,0,0,0,0.627,0.627,0.35,0.25,1,0.4268,1,0.7,0.5778,0.7,0.5778,0,0,0,0,0,0,7
mukerrer_veri_seti.csv,REC001498,REC001998,1,1,0,1,1,1,1,1.0,1,1,1,1.0,1,1,1.0,0,1,1,1,1,1,1.0,1.0,1.0,1.0,1,1.0,1,1.0,1.0,1.0,1.0,1,1,1,0,0,0,7
mukerrer_veri_seti.csv,REC001068,REC000568,0,0,1,1,0,0,0,0.21,1,0,0,0.4167,0,0,0.6812,0,1,1,0,0,0,0.74,0.74,0.5,0.5,1,0.4233,1,0.4,1.0,0.0,1.0,0,1,0,0,0,1,7
mukerrer_veri_seti.csv,REC000768,REC001821,1,1,0,1,1,1,1,1.0,1,1,1,1.0,1,1,1.0,0,1,1,1,1,1,1.0,1.0,1.0,1.0,1,1.0,1,1.0,1.0,1.0,1.0,1,1,1,0,0,0,7
mukerrer_veri_seti.csv,REC001889,REC000256,0,0,1,1,0,0,0,0.28,1,0,0,0.2609,0,0,0.9702,0,1,1,0,0,0,0.4167,0.4167,0.0,0.0833,1,0.3034,1,0.0,0.0,0.0,0.0,0,0,0,0,0,0,7
mukerrer_veri_seti.csv,REC001602,REC001444,1,1,0,1,1,1,1,1.0,1,1,1,1.0,1,1,1.0,0,1,1,1,1,1,1.0,1.0,1.0,1.0,1,1.0,1,1.0,1.0,1.0,1.0,1,1,1,0,0,0,7
mukerrer_veri_seti.csv,REC000691,REC001270,1,0,0,0,1,1,1,1.0,1,1,1,1.0,1,1,1.0,0,1,1,0,0,0,0.9818,0.9818,0.9778,0.8182,1,1.0,1,1.0,0.9556,1.0,0.9556,1,0,1,0,0,0,6
mukerrer_veri_seti.csv,REC000957,REC000842,0,0,1,1,0,0,0,0.35,1,0,0,0.3333,0,0,0.8402,0,1,1,0,0,0,0.8111,0.8111,0.5,0.5,1,0.2982,1,1.0,0.0,1.0,0.0,1,0,0,0,0,0,7
mukerrer_veri_seti.csv,REC000320,REC001887,1,1,0,1,1,1,1,1.0,1,1,1,1.0,1,1,1.0,0,1,1,1,1,1,1.0,1.0,1.0,1.0,1,1.0,1,1.0,1.0,1.0,1.0,1,1,1,0,0,0,7
mukerrer_veri_seti.csv,REC001028,REC001009,1,1,0,1,1,1,1,1.0,1,0,1,0.9655,1,1,1.0,0,1,1,1,1,1,1.0,1.0,1.0,1.0,1,0.9724,1,1.0,1.0,1.0,1.0,1,1,1,0,0,0,7
mukerrer_veri_seti.csv,REC001569,REC001091,0,0,1,1,0,0,0,0.35,1,0,0,0.1053,0,0,0.7925,0,1,1,0,0,0,0.74,0.74,0.5,0.7,1,0.1592,1,0.5278,1.0,0.5278,1.0,0,1,0,0,0,1,7
mukerrer_veri_seti.csv,REC000577,REC001793,1,1,0,1,1,1,1,1.0,1,1,1,1.0,1,1,1.0,0,1,1,1,1,1,1.0,1.0,1.0,1.0,1,1.0,1,1.0,1.0,1.0,1.0,1,1,1,0,0,0,7
mukerrer_veri_seti.csv,REC001317,REC001812,0,0,1,1,0,0,0,0.35,1,0,0,0.1667,1,1,0.6777,0,1,1,0,0,0,0.3965,0.3965,0.0,0.0833,1,0.1667,1,0.0,0.1818,0.0,0.0,0,0,0,0,0,0,7
mukerrer_veri_seti.csv,REC001858,REC001893,1,1,0,1,1,1,1,1.0,1,0,0,1.0,1,1,1.0,0,1,1,1,1,1,1.0,1.0,1.0,1.0,1,0.8833,1,1.0,1.0,1.0,1.0,1,1,1,0,0,0,7
mukerrer_veri_seti.csv,REC001804,REC001919,1,1,0,1,1,1,1,1.0,1,1,1,1.0,1,1,1.0,0,1,1,1,1,1,1.0,1.0,1.0,1.0,1,1.0,1,1.0,1.0,1.0,1.0,1,1,1,0,0,0,7
mukerrer_veri_seti.csv,REC000575,REC001077,1,1,0,1,1,1,1,1.0,1,0,0,1.0,1,1,1.0,0,1,1,1,1,1,1.0,1.0,1.0,1.0,1,0.8882,1,1.0,1.0,1.0,1.0,1,1,1,0,0,0,7
mukerrer_veri_seti.csv,REC001234,REC000666,0,0,1,1,0,0,0,0.42,1,0,1,0.24,0,0,0.6407,0,1,1,0,0,0,0.4823,0.4823,0.0,0.1667,1,0.392,1,0.4476,0.4833,0.4476,0.4833,0,0,0,0,0,0,7
mukerrer_veri_seti.csv,REC001075,REC001513,0,0,1,1,0,0,0,0.42,1,0,1,0.5455,0,0,0.5763,0,1,1,1,0,1,0.8545,0.8545,0.5,0.5455,1,0.6364,1,1.0,0.2,1.0,0.0,1,0,0,0,0,0,7
mukerrer_veri_seti.csv,REC000234,REC000979,0,0,1,1,0,0,0,0.21,1,0,1,0.32,0,0,0.6525,0,1,1,0,0,0,0.63,0.63,0.0,0.25,1,0.456,1,0.65,0.4667,0.65,0.4667,0,0,0,0,0,0,7
mukerrer_veri_seti.csv,REC000949,REC001031,1,0,0,0,1,1,1,1.0,1,1,1,1.0,1,1,1.0,0,1,1,1,1,1,0.9867,0.9867,0.9857,0.8667,1,1.0,1,0.9714,1.0,0.9714,1.0,0,1,1,0,0,0,6
mukerrer_veri_seti.csv,REC001964,REC001956,0,0,1,1,0,0,0,0.35,1,0,0,0.2222,0,0,0.6481,0,1,1,1,0,1,0.8788,0.8788,0.5,0.6667,1,0.2567,1,1.0,0.4833,1.0,0.4833,1,0,0,0,0,0,7
mukerrer_veri_seti.csv,REC000811,REC001023,0,0,1,1,0,0,0,0.21,1,0,0,0.25,0,0,0.6638,0,1,1,0,0,0,0.4944,0.4944,0.0,0.0833,1,0.2947,1,0.0,0.5778,0.0,0.5778,0,0,0,0,0,0,7
mukerrer_veri_seti.csv,REC001988,REC001752,0,0,1,1,0,0,0,0.28,1,0,0,0.3158,0,0,0.661,0,1,1,0,0,0,0.595,0.595,0.5,0.4,1,0.2842,1,0.575,0.5,0.575,0.5,0,0,0,0,0,0,7
mukerrer_veri_seti.csv,REC000638,REC000336,0,0,1,1,0,0,0,0.35,1,0,1,0.32,1,1,0.6523,0,1,1,0,0,0,0.4944,0.4944,0.0,0.1667,1,0.456,1,0.0,0.5778,0.0,0.5778,0,0,0,0,0,0,7
mukerrer_veri_seti.csv,REC000200,REC000487,1,1,0,1,1,1,1,1.0,1,1,1,1.0,1,1,0.9284,0,1,1,1,1,1,1.0,1.0,1.0,1.0,1,1.0,1,1.0,1.0,1.0,1.0,1,1,1,0,0,0,7
mukerrer_veri_seti.csv,REC000207,REC001775,0,0,1,1,0,0,0,0.35,1,0,0,0.4167,0,0,0.6908,0,1,1,0,0,0,0.7222,0.7222,0.5,0.75,1,0.3905,1,0.8222,0.5778,0.8222,0.5778,0,0,0,0,0,0,7
mukerrer_veri_seti.csv,REC000998,REC000527,1,1,0,1,1,1,1,1.0,1,0,0,0.963,1,1,1.0,0,1,1,1,1,1,1.0,1.0,1.0,1.0,1,0.8651,1,1.0,1.0,1.0,1.0,1,1,1,0,0,0,7
mukerrer_veri_seti.csv,REC000002,REC001087,0,0,1,1,0,0,0,0.35,1,0,0,0.1481,0,0,0.8142,0,1,1,0,0,0,0.5,0.5,0.5,0.5833,1,0.2003,1,0.1818,0.0,0.0,0.0,0,0,0,0,0,0,7
mukerrer_veri_seti.csv,REC001774,REC001567,0,0,1,1,0,0,0,0.35,1,0,0,0.3333,0,0,0.5835,0,1,1,1,0,1,0.8333,0.8333,0.5,0.5833,1,0.35,1,1.0,0.0,1.0,0.0,1,0,0,0,0,0,7
mukerrer_veri_seti.csv,REC001932,REC001549,1,1,0,1,1,1,1,1.0,1,1,1,1.0,1,1,1.0,0,1,1,1,0,1,0.9692,0.9692,0.9466,0.9231,1,1.0,1,1.0,0.8933,1.0,0.8933,1,0,1,0,0,0,7
mukerrer_veri_seti.csv,REC001739,REC000053,0,0,1,1,0,0,0,0.21,1,0,0,0.1111,0,0,0.6,0,1,1,0,0,0,0.74,0.74,0.5,0.6,1,0.1746,1,0.4833,1.0,0.4833,1.0,0,1,0,0,0,1,7
mukerrer_veri_seti.csv,REC000322,REC000167,0,0,1,1,0,0,0,0.28,1,0,0,0.6,1,1,0.6376,0,1,1,0,0,0,0.8545,0.8545,0.5,0.6364,1,0.57,1,1.0,0.4667,1.0,0.4667,1,0,0,0,0,0,7
mukerrer_veri_seti.csv,REC000699,REC001559,0,0,1,1,0,0,0,0.28,1,0,0,0.1818,1,1,0.6457,0,1,1,0,0,0,0.4111,0.4111,0.0,0.1667,1,0.2205,1,0.0,0.4111,0.0,0.4111,0,0,0,0,0,0,7
mukerrer_veri_seti.csv,REC001530,REC000539,0,0,1,1,0,0,0,0.28,1,0,1,0.2609,0,0,0.6631,0,1,1,0,0,0,0.5615,0.5615,0.0,0.2308,1,0.4087,1,0.4444,0.5778,0.4444,0.5778,0,0,0,0,0,0,7
mukerrer_veri_seti.csv,REC000555,REC001805,0,0,1,1,0,0,0,0.14,1,0,0,0.3846,0,0,0.6041,0,1,1,0,0,0,0.6773,0.6773,0.3916,0.5385,1,0.3606,1,0.7833,0.6786,0.7833,0.6786,0,0,0,0,0,0,7
mukerrer_veri_seti.csv,REC001284,REC000993,0,0,1,1,0,0,0,0.28,1,0,0,0.25,0,0,0.643,0,1,1,0,0,0,0.5237,0.5237,0.5,0.5833,1,0.29,1,0.2,0.5778,0.0,0.5778,0,0,0,0,0,0,7
mukerrer_veri_seti.csv,REC000181,REC000160,1,1,0,1,1,1,1,1.0,1,1,1,1.0,1,1,1.0,0,1,1,1,1,1,1.0,1.0,1.0,1.0,1,1.0,1,1.0,1.0,1.0,1.0,1,1,1,0,0,0,7
mukerrer_veri_seti.csv,REC000629,REC000627,1,1,0,1,1,1,1,1.0,1,1,1,1.0,1,1,0.91,0,1,1,1,1,1,1.0,1.0,1.0,1.0,1,1.0,1,1.0,1.0,1.0,1.0,1,1,1,0,0,0,7
mukerrer_veri_seti.csv,REC001815,REC000465,1,1,0,1,1,1,1,1.0,1,1,1,1.0,1,1,1.0,0,1,1,1,1,1,1.0,1.0,1.0,1.0,1,1.0,1,1.0,1.0,1.0,1.0,1,1,1,0,0,0,7
mukerrer_veri_seti.csv,REC001088,REC001030,0,0,1,1,0,0,0,0.28,1,0,0,0.3636,1,1,0.9758,0,1,1,0,0,0,0.6574,0.6574,0.0,0.4167,1,0.3791,1,0.6889,0.5778,0.6889,0.5778,0,0,0,0,0,0,7
mukerrer_veri_seti.csv,REC000222,REC001980,0,0,1,1,0,0,0,0.28,1,0,0,0.2308,0,0,0.6709,0,1,1,0,0,0,0.74,0.74,0.5,0.6667,1,0.2951,1,0.6,1.0,0.6,1.0,0,1,0,0,0,1,7
mukerrer_veri_seti.csv,REC000592,REC001740,1,0,0,0,1,1,1,1.0,1,1,1,1.0,1,1,1.0,0,1,1,1,1,1,0.9833,0.9833,0.9833,0.8182,1,1.0,1,1.0,0.9667,1.0,0.9667,1,0,1,0,0,0,6
mukerrer_veri_seti.csv,REC000922,REC000973,0,0,1,1,0,0,0,0.28,1,0,0,0.2609,0,0,0.6319,0,1,1,0,0,0,0.4823,0.4823,0.0,0.25,1,0.2719,1,0.6,0.4556,0.6,0.4556,0,0,0,0,0,0,7
mukerrer_veri_seti.csv,REC000875,REC000405,1,1,0,1,1,1,1,1.0,1,1,1,1.0,1,1,0.9349,0,1,1,1,1,1,1.0,1.0,1.0,1.0,1,1.0,1,1.0,1.0,1.0,1.0,1,1,1,0,0,0,7
mukerrer_veri_seti.csv,REC000086,REC000262,0,0,1,1,0,0,0,0.35,1,0,0,0.5217,1,1,0.7188,0,1,1,0,0,0,0.8009,0.8009,0.4445,0.5455,1,0.4856,1,0.67,0.8889,0.67,0.8889,0,0,0,0,0,0,7
mukerrer_veri_seti.csv,REC001940,REC000855,1,1,0,1,1,1,1,1.0,1,0,0,0.0,1,1,0.0,0,1,1,1,1,1,1.0,1.0,1.0,1.0,1,0.0,0,1.0,1.0,1.0,1.0,1,1,1,0,0,0,5
mukerrer_veri_seti.csv,REC000353,REC001279,1,1,0,1,1,1,1,1.0,1,1,1,1.0,1,1,1.0,0,1,1,1,1,1,1.0,1.0,1.0,1.0,1,1.0,1,1.0,1.0,1.0,1.0,1,1,1,0,0,0,7
mukerrer_veri_seti.csv,REC001018,REC001958,1,0,1,1,1,1,1,1.0,1,1,1,1.0,1,1,1.0,0,1,1,0,0,0,0.7361,0.7361,0.6667,0.6667,1,1.0,1,0.2,1.0,0.0,1.0,0,1,1,1,1,1,7
mukerrer_veri_seti.csv,REC001707,REC001689,1,1,0,1,1,1,1,1.0,1,0,0,0.963,1,1,1.0,0,1,1,1,1,1,1.0,1.0,1.0,1.0,1,0.8537,1,1.0,1.0,1.0,1.0,1,1,1,0,0,0,7
mukerrer_veri_seti.csv,REC001845,REC000166,0,0,1,1,0,0,0,0.35,1,0,0,0.1739,1,1,0.6526,0,1,1,0,0,0,0.5354,0.5354,0.0,0.1818,1,0.1963,1,0.6333,0.0,0.6333,0.0,0,0,0,0,0,0,7
mukerrer_veri_seti.csv,REC001369,REC000771,1,0,0,0,1,1,1,1.0,1,1,1,1.0,1,1,0.0,0,1,1,1,1,1,1.0,1.0,1.0,1.0,1,1.0,1,1.0,1.0,1.0,1.0,1,1,1,0,0,0,5
mukerrer_veri_seti.csv,REC000906,REC001505,0,0,1,1,0,0,0,0.21,1,0,0,0.1053,1,1,0.7235,0,1,1,0,0,0,0.3074,0.3074,0.0,0.2,1,0.1947,1,0.0,0.4833,0.0,0.4833,0,0,0,0,0,0,7
mukerrer_veri_seti.csv,REC001682,REC001616,1,0,1,1,1,1,1,1.0,1,1,1,1.0,1,1,1.0,0,1,1,1,0,1,0.74,0.74,0.6667,0.7059,1,1.0,1,1.0,1.0,1.0,1.0,1,1,1,0,0,1,7
mukerrer_veri_seti.csv,REC000321,REC000154,0,0,1,1,0,0,0,0.21,1,0,1,0.2609,0,0,0.7366,0,1,1,0,0,0,0.74,0.74,0.5,0.7273,1,0.4087,1,0.6,1.0,0.6,1.0,0,1,0,0,0,1,7
mukerrer_veri_seti.csv,REC001856,REC001954,1,1,0,1,1,1,1,1.0,1,1,1,1.0,1,1,0.0,0,1,1,1,1,1,1.0,1.0,1.0,1.0,1,1.0,1,1.0,1.0,1.0,1.0,1,1,1,0,0,0,6
mukerrer_veri_seti.csv,REC000937,REC000615,0,0,1,1,0,0,0,0.28,1,0,1,0.16,0,0,0.6613,0,1,1,0,0,0,0.5583,0.5583,0.0,0.3077,1,0.328,1,0.5619,0.4667,0.5619,0.4667,0,0,0,0,0,0,7
mukerrer_veri_seti.csv,REC000157,REC001819,1,1,0,1,1,1,1,1.0,1,1,1,1.0,1,1,1.0,0,1,1,1,1,1,1.0,1.0,1.0,1.0,1,1.0,1,1.0,1.0,1.0,1.0,1,1,1,0,0,0,7
mukerrer_veri_seti.csv,REC000174,REC001690,0,0,1,1,0,0,0,0.21,1,0,0,0.1905,0,0,0.9735,0,1,1,0,0,0,0.3778,0.3778,0.3533,0.1,1,0.2342,1,0.0,0.0,0.0,0.0,0,0,0,0,0,0,7
mukerrer_veri_seti.csv,REC001565,REC001285,1,1,0,1,1,1,1,1.0,1,1,1,1.0,1,1,1.0,0,1,1,1,1,1,1.0,1.0,1.0,1.0,1,1.0,1,1.0,1.0,1.0,1.0,1,1,1,0,0,0,7
mukerrer_veri_seti.csv,REC001215,REC001914,1,0,0,0,1,1,1,1.0,1,1,1,1.0,1,1,1.0,0,1,1,0,0,0,0.9667,0.9667,0.9445,0.9167,1,1.0,1,1.0,0.8889,1.0,0.8889,1,0,1,0,0,0,6
mukerrer_veri_seti.csv,REC000348,REC000970,0,0,1,1,0,0,0,0.21,1,0,0,0.4,0,0,0.6659,0,1,1,0,0,0,0.6574,0.6574,0.0,0.3333,1,0.3533,1,0.6889,0.5778,0.6889,0.5778,0,0,0,0,0,0,7
mukerrer_veri_seti.csv,REC001240,REC001818,0,0,1,1,0,0,0,0.21,1,0,0,0.1818,1,1,0.6547,0,1,1,0,0,0,0.503,0.503,0.0,0.0909,1,0.2273,1,0.4833,0.4556,0.4833,0.4556,0,0,0,0,0,0,7
mukerrer_veri_seti.csv,REC001398,REC000212,1,1,0,1,1,1,1,1.0,1,0,1,0.9474,1,1,1.0,0,1,1,1,1,1,1.0,1.0,1.0,1.0,1,0.9579,1,1.0,1.0,1.0,1.0,1,1,1,0,0,0,7
mukerrer_veri_seti.csv,REC001866,REC000349,1,1,0,1,1,1,1,1.0,1,1,1,1.0,1,1,1.0,0,1,1,1,1,1,1.0,1.0,1.0,1.0,1,1.0,1,1.0,1.0,1.0,1.0,1,1,1,0,0,0,7
mukerrer_veri_seti.csv,REC001207,REC000920,0,0,1,1,0,0,0,0.28,1,0,0,0.2963,1,1,0.9783,0,1,1,0,0,0,0.5131,0.5131,0.0,0.2308,1,0.2528,1,0.4667,0.5619,0.4667,0.5619,0,0,0,0,0,0,7
mukerrer_veri_seti.csv,REC001618,REC000649,1,1,0,1,1,1,1,1.0,1,1,1,1.0,1,1,1.0,0,1,1,1,1,1,1.0,1.0,1.0,1.0,1,1.0,1,1.0,1.0,1.0,1.0,1,1,1,0,0,0,7
mukerrer_veri_seti.csv,REC000202,REC001324,0,0,1,1,0,0,0,0.42,1,0,0,0.24,0,0,0.6639,0,1,1,0,0,0,0.6711,0.6711,0.4,0.3333,1,0.2096,1,0.8,0.0,0.8,0.0,0,0,0,0,0,0,7
mukerrer_veri_seti.csv,REC000912,REC000182,1,0,0,0,1,1,1,1.0,1,1,1,1.0,1,1,1.0,0,1,1,0,0,0,0.94,0.94,0.94,0.9091,1,1.0,1,0.68,0.52,0.68,0.52,0,0,1,0,0,0,6
mukerrer_veri_seti.csv,REC000164,REC000593,0,0,1,1,0,0,0,0.14,1,0,1,0.3333,0,0,0.6815,0,1,1,0,0,0,0.65,0.65,0.365,0.3333,1,0.4667,1,0.73,0.4556,0.73,0.4556,0,0,0,0,0,0,7
mukerrer_veri_seti.csv,REC000928,REC001619,1,1,0,1,1,1,1,1.0,1,1,1,1.0,1,1,1.0,0,1,1,1,1,1,1.0,1.0,1.0,1.0,1,1.0,1,1.0,1.0,1.0,1.0,1,1,1,0,0,0,7
mukerrer_veri_seti.csv,REC000054,REC001148,1,0,0,0,1,1,1,1.0,1,1,1,1.0,1,1,1.0,0,1,1,0,1,1,0.9667,0.9667,0.9667,0.8,1,1.0,1,0.9333,1.0,0.9333,1.0,0,1,1,0,0,0,6
mukerrer_veri_seti.csv,REC001676,REC001501,1,0,0,0,1,1,1,1.0,1,1,1,1.0,1,1,1.0,0,1,1,1,1,1,1.0,1.0,1.0,1.0,1,1.0,1,1.0,1.0,1.0,1.0,1,1,1,0,0,0,6
mukerrer_veri_seti.csv,REC000394,REC001183,0,0,1,1,0,0,0,0.28,1,0,0,0.3077,0,0,0.6518,0,1,1,0,0,0,0.4579,0.4579,0.0,0.2143,1,0.3295,1,0.4643,0.373,0.4643,0.373,0,0,0,0,0,0,7
mukerrer_veri_seti.csv,REC000267,REC000018,1,1,0,1,1,1,1,1.0,1,1,1,1.0,1,1,1.0,0,1,1,1,1,1,1.0,1.0,1.0,1.0,1,1.0,1,1.0,1.0,1.0,1.0,1,1,1,0,0,0,7
mukerrer_veri_seti.csv,REC001610,REC001165,1,1,0,1,1,1,1,1.0,1,1,1,1.0,1,1,1.0,0,1,1,1,1,1,1.0,1.0,1.0,1.0,1,1.0,1,1.0,1.0,1.0,1.0,1,1,1,0,0,0,7
mukerrer_veri_seti.csv,REC001606,REC000544,0,0,1,1,0,0,0,0.28,1,0,0,0.1739,0,0,0.6669,0,1,1,0,0,0,0.8545,0.8545,0.5,0.6364,1,0.2073,1,1.0,0.4667,1.0,0.4667,1,0,0,0,0,0,7
mukerrer_veri_seti.csv,REC000407,REC000813,0,0,1,1,0,0,0,0.35,1,0,0,0.2,0,0,0.6272,0,1,1,0,0,0,0.8591,0.8591,0.5,0.4545,1,0.2314,1,1.0,0.2222,1.0,0.0,1,0,0,0,0,0,7
mukerrer_veri_seti.csv,REC001879,REC000354,1,1,0,1,1,1,1,1.0,1,1,1,1.0,1,1,1.0,0,1,1,1,1,1,1.0,1.0,1.0,1.0,1,1.0,1,1.0,1.0,1.0,1.0,1,1,1,0,0,0,7
mukerrer_veri_seti.csv,REC001930,REC001620,1,1,0,1,1,1,1,1.0,1,1,1,1.0,1,1,1.0,0,1,1,1,1,1,1.0,1.0,1.0,1.0,1,1.0,1,1.0,1.0,1.0,1.0,1,1,1,0,0,0,7
mukerrer_veri_seti.csv,REC001262,REC001175,1,1,0,1,1,1,1,1.0,1,1,1,1.0,1,1,1.0,0,1,1,0,0,0,0.7352,0.7352,0.6667,0.5556,1,1.0,1,0.4643,1.0,0.4643,1.0,0,1,1,1,1,1,7
mukerrer_veri_seti.csv,REC001463,REC000175,0,0,1,1,0,0,0,0.21,1,0,0,0.16,0,0,0.7193,0,1,1,0,0,0,0.5012,0.5012,0.0,0.1538,1,0.1962,1,0.1667,0.2,0.0,0.0,0,0,0,0,0,0,7
mukerrer_veri_seti.csv,REC000714,REC001174,1,1,0,1,1,1,1,1.0,1,1,1,1.0,1,1,1.0,0,1,1,1,1,1,1.0,1.0,1.0,1.0,1,1.0,1,1.0,1.0,1.0,1.0,1,1,1,0,0,0,7
mukerrer_veri_seti.csv,REC000909,REC001442,1,1,0,1,1,1,1,1.0,1,1,1,1.0,1,1,1.0,0,1,1,1,1,1,1.0,1.0,1.0,1.0,1,1.0,1,1.0,1.0,1.0,1.0,1,1,1,0,0,0,7
mukerrer_veri_seti.csv,REC001331,REC001467,0,0,1,1,0,0,0,0.28,1,0,0,0.1818,1,1,0.64,0,1,1,0,0,0,0.4629,0.4629,0.0,0.1818,1,0.2205,1,0.2,0.0,0.0,0.0,0,0,0,0,0,0,7
mukerrer_veri_seti.csv,REC000606,REC001677,0,0,1,1,0,0,0,0.35,1,0,0,0.1538,0,0,0.6735,0,1,1,0,0,0,0.5,0.5,0.5,0.5833,1,0.1704,1,0.0,0.0,0.0,0.0,0,0,0,0,0,0,7
mukerrer_veri_seti.csv,REC001589,REC000799,0,0,1,1,0,0,0,0.28,1,0,0,0.32,0,0,0.6342,0,1,1,0,0,0,0.5045,0.5045,0.5,0.6364,1,0.3393,1,0.4833,0.4667,0.4833,0.4667,0,0,0,0,0,0,7
mukerrer_veri_seti.csv,REC000448,REC000192,0,0,1,1,0,0,0,0.21,1,0,0,0.6364,0,0,0.6561,0,1,1,0,0,0,0.5818,0.5818,0.0,0.2727,1,0.5278,1,0.67,0.0,0.67,0.0,0,0,0,0,0,0,7
mukerrer_veri_seti.csv,REC000672,REC001024,1,1,0,1,1,1,1,1.0,1,0,1,0.9565,1,1,1.0,0,1,1,1,1,1,1.0,1.0,1.0,1.0,1,0.9652,1,1.0,1.0,1.0,1.0,1,1,1,0,0,0,7
mukerrer_veri_seti.csv,REC001430,REC000327,0,0,1,1,0,0,0,0.28,1,0,0,0.1667,1,1,0.6667,0,1,1,0,0,0,0.4778,0.4778,0.0,0.0,1,0.2083,1,0.4833,0.4365,0.4833,0.4365,0,0,0,0,0,0,7
mukerrer_veri_seti.csv,REC001782,REC000434,0,0,1,1,0,0,0,0.14,1,0,0,0.08,0,0,0.6025,0,1,1,0,0,0,0.74,0.74,0.5,0.6667,1,0.1354,1,0.4667,1.0,0.4667,1.0,0,1,0,0,0,1,7
mukerrer_veri_seti.csv,REC001055,REC001843,1,1,0,1,1,1,1,1.0,1,0,0,0.0,1,1,1.0,0,1,1,1,1,1,1.0,1.0,1.0,1.0,1,0.0,0,1.0,1.0,1.0,1.0,1,1,1,0,0,0,6
mukerrer_veri_seti.csv,REC000083,REC001970,0,0,1,1,0,0,0,0.28,1,0,0,0.25,1,1,0.6944,0,1,1,0,0,0,0.4464,0.4464,0.0,0.2308,1,0.2833,1,0.1818,0.0,0.0,0.0,0,0,0,0,0,0,7
mukerrer_veri_seti.csv,REC001808,REC000590,1,1,0,1,1,1,1,1.0,1,1,1,1.0,1,1,1.0,0,1,1,1,1,1,0.9833,0.9833,0.9767,0.8333,1,1.0,1,1.0,0.9533,1.0,0.9533,1,0,1,0,0,0,7
mukerrer_veri_seti.csv,REC001290,REC000849,0,0,1,1,0,0,0,0.35,1,0,0,0.6364,0,0,0.6281,0,1,1,0,0,0,0.6364,0.6364,0.3666,0.3636,1,0.5841,1,0.6,0.64,0.6,0.64,0,0,0,0,0,0,7
mukerrer_veri_seti.csv,REC001222,REC001993,0,0,1,1,0,0,0,0.21,1,0,0,0.16,0,0,0.6354,0,1,1,0,0,0,0.6237,0.6237,0.0,0.25,1,0.2069,1,0.4833,0.5556,0.4833,0.5556,0,0,0,0,0,0,7
mukerrer_veri_seti.csv,REC000426,REC000204,0,0,1,1,0,0,0,0.21,1,0,0,0.24,0,0,0.7213,0,1,1,0,0,0,0.4823,0.4823,0.0,0.0833,1,0.2777,1,0.5889,0.0,0.5889,0.0,0,0,0,0,0,0,7
mukerrer_veri_seti.csv,REC000839,REC001710,1,1,0,1,1,1,1,1.0,1,1,1,1.0,1,1,1.0,0,1,1,1,1,1,1.0,1.0,1.0,1.0,1,1.0,1,1.0,1.0,1.0,1.0,1,1,1,0,0,0,7
mukerrer_veri_seti.csv,REC001716,REC001877,0,0,1,1,0,0,0,0.28,1,0,0,0.16,0,0,0.6437,0,1,1,0,0,0,0.5,0.5,0.5,0.4615,1,0.1467,1,0.0,0.4476,0.0,0.4476,0,0,0,0,0,0,7
mukerrer_veri_seti.csv,REC001801,REC000026,0,0,1,1,0,0,0,0.28,1,0,0,0.3,1,1,0.9875,0,1,1,0,0,0,0.5389,0.5389,0.3916,0.25,1,0.3189,1,0.7833,0.0,0.7833,0.0,0,0,0,0,0,0,7
mukerrer_veri_seti.csv,REC001973,REC000802,1,1,0,1,1,1,1,1.0,1,1,1,1.0,1,1,1.0,0,1,1,1,1,1,0.9714,0.9714,0.9714,0.9167,1,1.0,1,1.0,0.9429,1.0,0.9429,1,0,1,0,0,0,7
mukerrer_veri_seti.csv,REC001330,REC000161,1,1,0,1,1,1,1,1.0,1,1,1,1.0,1,1,0.9474,0,1,1,1,1,1,1.0,1.0,1.0,1.0,1,1.0,1,1.0,1.0,1.0,1.0,1,1,1,0,0,0,7
mukerrer_veri_seti.csv,REC000392,REC001059,0,0,1,1,0,0,0,0.28,1,0,0,0.3846,0,0,0.5724,0,1,1,0,0,0,0.7911,0.7911,0.4334,0.3571,1,0.4077,1,0.8667,0.6833,0.8667,0.6833,0,0,0,0,0,0,7
mukerrer_veri_seti.csv,REC001415,REC001462,1,1,0,1,1,1,1,1.0,1,1,1,1.0,1,1,0.91,0,1,1,1,1,1,1.0,1.0,1.0,1.0,1,1.0,1,1.0,1.0,1.0,1.0,1,1,1,0,0,0,7
mukerrer_veri_seti.csv,REC000365,REC000281,1,1,0,1,1,1,1,1.0,1,1,1,1.0,1,1,1.0,0,1,1,1,1,1,1.0,1.0,1.0,1.0,1,1.0,1,1.0,1.0,1.0,1.0,1,1,1,0,0,0,7
mukerrer_veri_seti.csv,REC000688,REC000557,0,0,1,1,0,0,0,0.28,1,0,0,0.1667,0,0,0.6391,0,1,1,0,0,0,0.5364,0.5364,0.0,0.0,1,0.1521,1,0.4476,0.5111,0.4476,0.5111,0,0,0,0,0,0,7
mukerrer_veri_seti.csv,REC001045,REC000280,1,1,0,1,1,1,1,1.0,1,1,1,1.0,1,1,1.0,0,1,1,1,1,1,1.0,1.0,1.0,1.0,1,1.0,1,1.0,1.0,1.0,1.0,1,1,1,0,0,0,7
mukerrer_veri_seti.csv,REC001155,REC000828,1,1,0,1,1,1,1,1.0,1,1,1,1.0,1,1,1.0,0,1,1,1,0,1,0.925,0.925,0.6667,0.625,1,1.0,1,1.0,0.67,1.0,0.67,1,0,1,0,0,0,7
mukerrer_veri_seti.csv,REC001960,REC001379,1,1,0,1,1,1,1,1.0,1,0,0,0.0,1,1,1.0,0,1,1,1,1,1,1.0,1.0,1.0,1.0,1,0.0,0,1.0,1.0,1.0,1.0,1,1,1,0,0,0,6
mukerrer_veri_seti.csv,REC000541,REC001299,0,0,1,1,0,0,0,0.14,1,0,0,0.2105,1,1,0.6545,0,1,1,0,0,0,0.5354,0.5354,0.0,0.1818,1,0.2518,1,0.6,0.0,0.6,0.0,0,0,0,0,0,0,7
mukerrer_veri_seti.csv,REC001764,REC000097,0,0,1,1,0,0,0,0.14,1,0,0,0.1739,0,0,0.7111,0,1,1,0,0,0,0.4167,0.4167,0.0,0.1667,1,0.2591,1,0.0,0.5,0.0,0.5,0,0,0,0,0,0,7
mukerrer_veri_seti.csv,REC001394,REC001623,0,0,1,1,0,0,0,0.28,1,0,0,0.2857,0,0,0.75,0,1,1,0,0,0,0.4442,0.4442,0.0,0.1538,1,0.3143,1,0.4643,0.52,0.4643,0.52,0,0,0,0,0,0,7
mukerrer_veri_seti.csv,REC001511,REC000897,1,1,0,1,1,1,1,1.0,1,1,1,1.0,1,1,1.0,0,1,1,1,1,1,1.0,1.0,1.0,1.0,1,1.0,1,1.0,1.0,1.0,1.0,1,1,1,0,0,0,7
mukerrer_veri_seti.csv,REC000236,REC000294,1,1,0,1,1,1,1,1.0,1,1,1,1.0,1,1,0.9133,0,1,1,1,1,1,1.0,1.0,1.0,1.0,1,1.0,1,1.0,1.0,1.0,1.0,1,1,1,0,0,0,7
mukerrer_veri_seti.csv,REC001512,REC000522,0,0,1,1,0,0,0,0.21,1,0,0,0.3333,1,1,0.9714,0,1,1,0,0,0,0.5045,0.5045,0.0,0.0909,1,0.3772,1,0.5111,0.4556,0.5111,0.4556,0,0,0,0,0,0,7
mukerrer_veri_seti.csv,REC000180,REC000775,1,1,0,1,1,1,1,1.0,1,1,1,1.0,1,1,1.0,0,1,1,0,0,0,0.74,0.74,0.6667,0.6842,1,1.0,1,0.1667,1.0,0.0,1.0,0,1,1,1,1,1,7
mukerrer_veri_seti.csv,REC000009,REC000282,1,1,0,1,1,1,1,1.0,1,1,1,1.0,1,1,0.9259,0,1,1,1,1,1,1.0,1.0,1.0,1.0,1,1.0,1,1.0,1.0,1.0,1.0,1,1,1,0,0,0,7
mukerrer_veri_seti.csv,REC001116,REC001656,1,1,0,1,1,1,1,1.0,1,1,1,1.0,1,1,0.9238,0,1,1,1,1,1,1.0,1.0,1.0,1.0,1,1.0,1,1.0,1.0,1.0,1.0,1,1,1,0,0,0,7
mukerrer_veri_seti.csv,REC000452,REC000860,0,0,1,1,0,0,0,0.28,1,0,0,0.1905,0,0,0.6392,0,1,1,1,0,1,0.8545,0.8545,0.5,0.6364,1,0.2095,1,1.0,0.0,1.0,0.0,1,0,0,0,0,0,7
mukerrer_veri_seti.csv,REC000055,REC001233,0,0,1,1,0,0,0,0.21,1,0,0,0.25,0,0,0.6159,0,1,1,0,0,0,0.4242,0.4242,0.0,0.0909,1,0.275,1,0.2,0.0,0.0,0.0,0,0,0,0,0,0,7
mukerrer_veri_seti.csv,REC001663,REC001554,1,1,0,1,1,1,1,1.0,1,1,1,1.0,1,1,1.0,0,1,1,1,1,1,0.9846,0.9846,0.9733,0.8462,1,1.0,1,1.0,0.9467,1.0,0.9467,1,0,1,0,0,0,7
mukerrer_veri_seti.csv,REC000117,REC000323,0,0,1,1,0,0,0,0.28,1,0,0,0.2308,0,0,0.6901,0,1,1,0,0,0,0.519,0.519,0.0,0.2857,1,0.3109,1,0.4643,0.5778,0.4643,0.5778,0,0,0,0,0,0,7
mukerrer_veri_seti.csv,REC000218,REC001040,0,0,1,1,0,0,0,0.21,1,0,0,0.1905,0,0,0.6731,0,1,1,0,0,0,0.5667,0.5667,0.5,0.6,1,0.1711,1,0.6333,0.4833,0.6333,0.4833,0,0,0,0,0,0,7
mukerrer_veri_seti.csv,REC000670,REC001635,0,0,1,1,0,0,0,0.14,1,0,0,0.2308,0,0,0.5796,0,1,1,0,0,0,0.5012,0.5012,0.0,0.1538,1,0.2746,1,0.1818,0.4556,0.0,0.4556,0,0,0,0,0,0,7
mukerrer_veri_seti.csv,REC001315,REC001873,1,1,0,1,1,1,1,1.0,1,1,1,1.0,1,1,0.9349,0,1,1,1,1,1,1.0,1.0,1.0,1.0,1,1.0,1,1.0,1.0,1.0,1.0,1,1,1,0,0,0,7
mukerrer_veri_seti.csv,REC000255,REC000975,1,1,0,1,1,1,1,1.0,1,1,1,1.0,1,1,0.9324,0,1,1,1,1,1,1.0,1.0,1.0,1.0,1,1.0,1,1.0,1.0,1.0,1.0,1,1,1,0,0,0,7
mukerrer_veri_seti.csv,REC000618,REC000209,0,0,1,1,0,0,0,0.28,1,0,0,0.4,1,1,0.9822,0,1,1,0,0,0,0.6389,0.6389,0.35,0.4167,1,0.4082,1,0.7,0.4833,0.7,0.4833,0,0,0,0,0,0,7
mukerrer_veri_seti.csv,REC000206,REC000580,0,0,1,1,0,0,0,0.21,1,0,0,0.1905,0,0,0.6605,0,1,1,0,0,0,0.5848,0.5848,0.0,0.1818,1,0.2274,1,0.6111,0.535,0.6111,0.535,0,0,0,0,0,0,7
mukerrer_veri_seti.csv,REC000984,REC001875,1,1,0,1,1,1,1,1.0,1,1,1,1.0,1,1,0.9372,0,1,1,1,1,1,1.0,1.0,1.0,1.0,1,1.0,1,1.0,1.0,1.0,1.0,1,1,1,0,0,0,7
mukerrer_veri_seti.csv,REC001795,REC001162,0,0,1,1,0,0,0,0.21,1,0,0,0.6,0,0,0.6016,0,1,1,0,0,0,0.74,0.74,0.5,0.6364,1,0.555,1,0.4667,1.0,0.4667,1.0,0,1,0,0,0,1,7
mukerrer_veri_seti.csv,REC001683,REC001604,1,1,0,1,1,1,1,1.0,1,1,1,1.0,1,1,1.0,0,1,1,1,1,1,1.0,1.0,1.0,1.0,1,1.0,1,1.0,1.0,1.0,1.0,1,1,1,0,0,0,7
mukerrer_veri_seti.csv,REC001769,REC001137,1,1,0,1,1,1,1,1.0,1,1,1,1.0,1,1,1.0,0,1,1,1,1,1,1.0,1.0,1.0,1.0,1,1.0,1,1.0,1.0,1.0,1.0,1,1,1,0,0,0,7
mukerrer_veri_seti.csv,REC001638,REC000489,0,0,1,1,0,0,0,0.21,1,0,0,0.2308,1,1,0.9783,0,1,1,0,0,0,0.5007,0.5007,0.3666,0.1538,1,0.2794,1,0.4111,0.0,0.4111,0.0,0,0,0,0,0,0,7
mukerrer_veri_seti.csv,REC000090,REC000343,1,1,0,1,1,1,1,1.0,1,1,1,1.0,1,1,1.0,0,1,1,1,1,1,1.0,1.0,1.0,1.0,1,1.0,1,1.0,1.0,1.0,1.0,1,1,1,0,0,0,7
mukerrer_veri_seti.csv,REC000004,REC001421,0,0,1,1,0,0,0,0.28,1,0,0,0.2857,0,0,0.6817,0,1,1,0,0,0,0.74,0.74,0.5,0.7,1,0.3486,1,0.67,1.0,0.67,1.0,0,1,0,0,0,1,7
mukerrer_veri_seti.csv,REC000399,REC001179,0,0,1,1,0,0,0,0.21,1,0,1,0.2308,1,1,0.9857,0,1,1,0,0,0,0.5429,0.5429,0.0,0.0833,1,0.3846,1,0.5778,0.4667,0.5778,0.4667,0,0,0,0,0,0,7
mukerrer_veri_seti.csv,REC000893,REC000559,0,0,1,1,0,0,0,0.35,1,0,0,0.3636,1,1,0.6759,0,1,1,0,0,0,0.7909,0.7909,0.5,0.4545,1,0.3659,1,1.0,0.0,1.0,0.0,1,0,0,0,0,0,7
mukerrer_veri_seti.csv,REC001558,REC000142,0,0,1,1,0,0,0,0.35,1,0,0,0.5455,0,0,0.6456,0,1,1,0,0,0,0.74,0.74,0.875,0.75,1,0.5246,1,0.75,1.0,0.75,1.0,0,1,0,0,0,1,7
mukerrer_veri_seti.csv,REC000214,REC000208,1,0,0,0,1,1,1,1.0,1,1,1,1.0,1,1,1.0,0,1,1,1,1,1,1.0,1.0,1.0,1.0,1,1.0,1,1.0,1.0,1.0,1.0,1,1,1,0,0,0,6
mukerrer_veri_seti.csv,REC000886,REC000414,1,1,0,1,1,1,1,1.0,1,1,1,1.0,1,1,1.0,0,1,1,1,1,1,1.0,1.0,1.0,1.0,1,1.0,1,1.0,1.0,1.0,1.0,1,1,1,0,0,0,7
mukerrer_veri_seti.csv,REC000716,REC000982,1,1,0,1,1,1,1,1.0,1,1,1,1.0,1,1,0.737,0,1,1,1,1,1,1.0,1.0,1.0,1.0,1,1.0,1,1.0,1.0,1.0,1.0,1,1,1,0,0,0,7
mukerrer_veri_seti.csv,REC001160,REC001731,0,0,1,1,0,0,0,0.21,1,0,0,0.4167,0,0,0.5917,0,1,1,0,0,0,0.5427,0.5427,0.0,0.1538,1,0.4288,1,0.4556,0.1667,0.4556,0.0,0,0,0,0,0,0,7
mukerrer_veri_seti.csv,REC000340,REC000605,1,1,0,1,1,1,1,1.0,1,1,1,1.0,1,1,0.91,0,1,1,1,1,1,1.0,1.0,1.0,1.0,1,1.0,1,1.0,1.0,1.0,1.0,1,1,1,0,0,0,7
mukerrer_veri_seti.csv,REC000356,REC000492,0,0,1,1,0,0,0,0.35,1,0,1,0.24,0,0,0.8341,0,1,1,0,0,0,0.5278,0.5278,0.0,0.0,1,0.392,1,0.4667,0.6667,0.4667,0.6667,0,0,0,0,0,0,7
mukerrer_veri_seti.csv,REC001057,REC000621,1,1,0,1,1,1,1,1.0,1,1,1,1.0,1,1,0.9213,0,1,1,1,1,1,1.0,1.0,1.0,1.0,1,1.0,1,1.0,1.0,1.0,1.0,1,1,1,0,0,0,7
mukerrer_veri_seti.csv,REC000087,REC001405,1,0,0,0,1,1,1,1.0,1,1,1,1.0,1,1,1.0,0,1,1,1,1,1,1.0,1.0,1.0,1.0,1,1.0,1,1.0,1.0,1.0,1.0,1,1,1,0,0,0,6
mukerrer_veri_seti.csv,REC001054,REC001082,1,1,0,1,1,1,1,1.0,1,1,1,1.0,1,1,1.0,0,1,1,1,0,1,0.74,0.74,0.6667,0.7059,1,1.0,1,1.0,1.0,1.0,1.0,1,1,1,0,0,1,7
mukerrer_veri_seti.csv,REC001213,REC000807,0,0,1,1,0,0,0,0.35,1,0,0,0.1905,0,0,0.678,0,1,1,0,0,0,0.5848,0.5848,0.0,0.2727,1,0.2357,1,0.5778,0.5,0.5778,0.5,0,0,0,0,0,0,7
mukerrer_veri_seti.csv,REC001786,REC000942,0,0,1,1,0,0,0,0.35,1,0,0,0.32,0,0,0.789,0,1,1,0,0,0,0.5301,0.5301,0.3695,0.2308,1,0.2893,1,0.2222,0.6429,0.0,0.6429,0,0,0,0,0,0,7
mukerrer_veri_seti.csv,REC001404,REC000307,1,1,0,1,1,1,1,1.0,1,0,1,0.9565,1,1,1.0,0,1,1,1,1,1,1.0,1.0,1.0,1.0,1,0.9652,1,1.0,1.0,1.0,1.0,1,1,1,0,0,0,7
mukerrer_veri_seti.csv,REC000761,REC001015,1,1,0,1,1,1,1,1.0,1,1,1,1.0,1,1,0.0,0,1,1,1,1,1,1.0,1.0,1.0,1.0,1,1.0,1,1.0,1.0,1.0,1.0,1,1,1,0,0,0,6
mukerrer_veri_seti.csv,REC002002,REC000543,0,0,1,1,0,0,0,0.21,1,0,0,0.25,1,1,0.7925,0,1,1,0,0,0,0.5574,0.5574,0.35,0.1667,1,0.275,1,0.2,0.2222,0.0,0.0,0,0,0,0,0,0,7
mukerrer_veri_seti.csv,REC000804,REC000428,1,1,0,1,1,1,1,1.0,1,1,1,1.0,1,1,1.0,0,1,1,1,1,1,1.0,1.0,1.0,1.0,1,1.0,1,1.0,1.0,1.0,1.0,1,1,1,0,0,0,7
mukerrer_veri_seti.csv,REC001026,REC000540,0,0,1,1,0,0,0,0.35,1,0,0,0.069,1,1,0.9804,0,1,1,0,0,0,0.5308,0.5308,0.0,0.3125,1,0.1752,1,0.5619,0.5139,0.5619,0.5139,0,0,0,0,0,0,7
mukerrer_veri_seti.csv,REC001012,REC000096,1,1,0,1,1,1,1,1.0,1,1,1,1.0,1,1,1.0,0,1,1,0,0,0,0.74,0.74,0.6667,0.6471,1,1.0,1,1.0,1.0,1.0,1.0,1,1,1,0,0,1,7
mukerrer_veri_seti.csv,REC000025,REC001429,1,1,0,1,1,1,1,1.0,1,1,1,1.0,1,1,1.0,0,1,1,1,1,1,1.0,1.0,1.0,1.0,1,1.0,1,1.0,1.0,1.0,1.0,1,1,1,0,0,0,7
mukerrer_veri_seti.csv,REC001211,REC001228,1,1,0,1,1,1,1,1.0,1,1,1,1.0,1,1,1.0,0,1,1,1,1,1,1.0,1.0,1.0,1.0,1,1.0,1,1.0,1.0,1.0,1.0,1,1,1,0,0,0,7
mukerrer_veri_seti.csv,REC001203,REC001703,1,1,0,1,1,1,1,1.0,1,1,1,1.0,1,1,0.9455,0,1,1,1,1,1,1.0,1.0,1.0,1.0,1,1.0,1,1.0,1.0,1.0,1.0,1,1,1,0,0,0,7
mukerrer_veri_seti.csv,REC000759,REC000334,0,0,1,1,0,0,0,0.28,1,0,0,0.16,0,0,0.6384,0,1,1,0,0,0,0.5,0.5,0.5,0.6154,1,0.1962,1,0.4476,0.0,0.4476,0.0,0,0,0,0,0,0,7
mukerrer_veri_seti.csv,REC001346,REC001067,1,1,0,1,1,1,1,1.0,1,1,1,1.0,1,1,1.0,0,1,1,1,0,1,0.74,0.74,0.6667,0.6429,1,1.0,1,1.0,1.0,1.0,1.0,1,1,1,0,0,1,7
mukerrer_veri_seti.csv,REC001652,REC000687,0,0,1,1,0,0,0,0.35,1,0,0,0.5455,0,0,0.7366,0,1,1,0,0,0,0.5152,0.5152,0.0,0.0,1,0.4893,1,0.2,0.2,0.0,0.0,0,0,0,0,0,0,7
mukerrer_veri_seti.csv,REC001103,REC001065,0,0,1,1,0,0,0,0.14,1,0,0,0.5,0,0,0.7373,0,1,1,0,0,0,0.6636,0.6636,0.375,0.5455,1,0.4789,1,0.67,0.5111,0.67,0.5111,0,0,0,0,0,0,7
mukerrer_veri_seti.csv,REC000644,REC001982,0,0,1,1,0,0,0,0.28,1,0,0,0.2609,0,0,0.6013,0,1,1,0,0,0,0.7374,0.7374,0.5,0.5455,1,0.2658,1,0.0,1.0,0.0,1.0,0,1,0,0,0,1,7
mukerrer_veri_seti.csv,REC000311,REC000110,0,0,1,1,0,0,0,0.21,1,0,0,0.32,0,0,0.6835,0,1,1,0,0,0,0.6318,0.6318,0.5,0.7273,1,0.2893,1,0.6333,0.7333,0.6333,0.7333,0,0,0,0,0,0,7
mukerrer_veri_seti.csv,REC001184,REC001192,1,1,0,1,1,1,1,1.0,1,1,1,1.0,1,1,1.0,0,1,1,1,1,1,1.0,1.0,1.0,1.0,1,1.0,1,1.0,1.0,1.0,1.0,1,1,1,0,0,0,7
mukerrer_veri_seti.csv,REC000285,REC001566,1,0,0,0,1,1,1,1.0,1,1,1,1.0,1,1,1.0,0,1,1,1,1,1,1.0,1.0,1.0,1.0,1,1.0,1,1.0,1.0,1.0,1.0,1,1,1,0,0,0,6
mukerrer_veri_seti.csv,REC000148,REC001089,1,0,0,0,1,1,1,1.0,1,1,1,1.0,1,1,1.0,0,1,1,1,1,1,1.0,1.0,1.0,1.0,1,1.0,1,1.0,1.0,1.0,1.0,1,1,1,0,0,0,6
mukerrer_veri_seti.csv,REC000578,REC000558,0,0,1,1,0,0,0,0.28,1,0,1,0.24,0,0,0.673,0,1,1,0,0,0,0.35,0.35,0.0,0.1667,1,0.392,1,0.0,0.4556,0.0,0.4556,0,0,0,0,0,0,7
mukerrer_veri_seti.csv,REC001895,REC000362,1,1,0,1,1,1,1,1.0,1,1,1,1.0,1,1,1.0,0,1,1,1,1,1,1.0,1.0,1.0,1.0,1,1.0,1,1.0,1.0,1.0,1.0,1,1,1,0,0,0,7
mukerrer_veri_seti.csv,REC001280,REC001287,1,1,0,1,1,1,1,1.0,1,1,1,1.0,1,1,1.0,0,1,1,1,0,1,0.74,0.74,0.6667,0.6,1,1.0,1,1.0,1.0,1.0,1.0,1,1,1,0,0,1,7
mukerrer_veri_seti.csv,REC001971,REC001859,1,0,1,1,1,1,1,1.0,1,1,1,1.0,1,1,1.0,0,1,1,0,0,0,0.74,0.74,0.6667,0.6667,1,1.0,1,1.0,1.0,1.0,1.0,1,1,1,0,0,1,7
mukerrer_veri_seti.csv,REC001410,REC001311,0,0,1,1,0,0,0,0.21,1,0,0,0.1538,0,0,0.7135,0,1,1,0,0,0,0.5623,0.5623,0.5,0.5714,1,0.2643,1,0.5651,0.3077,0.5651,0.0,0,0,0,0,0,0,7
mukerrer_veri_seti.csv,REC001191,REC000347,1,1,0,1,1,1,1,1.0,1,1,1,1.0,1,1,1.0,0,1,1,1,1,1,1.0,1.0,1.0,1.0,1,1.0,1,1.0,1.0,1.0,1.0,1,1,1,0,0,0,7
mukerrer_veri_seti.csv,REC000823,REC001365,1,1,0,1,1,1,1,1.0,1,1,1,1.0,1,1,1.0,0,1,1,1,0,1,0.92,0.92,0.6667,0.6,1,1.0,1,1.0,0.6333,1.0,0.6333,1,0,1,0,0,0,7
mukerrer_veri_seti.csv,REC000499,REC001788,0,0,1,1,0,0,0,0.28,1,0,0,0.3333,1,1,0.6187,0,1,1,0,0,0,0.6364,0.6364,0.3933,0.3636,1,0.3381,1,0.2,0.7867,0.0,0.7867,0,0,0,0,0,0,7
mukerrer_veri_seti.csv,REC000272,REC001577,0,0,1,1,0,0,0,0.35,1,0,0,0.0769,1,1,0.9935,0,1,1,0,0,0,0.5237,0.5237,0.0,0.0833,1,0.1365,1,0.1818,0.2,0.0,0.0,0,0,0,0,0,0,7
mukerrer_veri_seti.csv,REC000574,REC001177,1,1,0,1,1,1,1,1.0,1,1,1,1.0,1,1,0.9151,0,1,1,1,1,1,1.0,1.0,1.0,1.0,1,1.0,1,1.0,1.0,1.0,1.0,1,1,1,0,0,0,7
mukerrer_veri_seti.csv,REC000579,REC001515,1,1,0,1,1,1,1,1.0,1,1,1,1.0,1,1,1.0,0,1,1,1,1,1,1.0,1.0,1.0,1.0,1,1.0,1,1.0,1.0,1.0,1.0,1,1,1,0,0,0,7
mukerrer_veri_seti.csv,REC001574,REC001727,0,0,1,1,0,0,0,0.21,1,0,0,0.2105,1,1,0.6775,0,1,1,0,0,0,0.6148,0.6148,0.0,0.2,1,0.2158,1,0.4444,0.5111,0.0,0.5111,0,0,0,0,0,0,7
mukerrer_veri_seti.csv,REC001510,REC001127,1,1,0,1,1,1,1,1.0,1,1,1,1.0,1,1,1.0,0,1,1,1,1,1,1.0,1.0,1.0,1.0,1,1.0,1,1.0,1.0,1.0,1.0,1,1,1,0,0,0,7
mukerrer_veri_seti.csv,REC000079,REC001759,0,0,1,1,0,0,0,0.21,1,0,0,0.32,1,1,0.9832,0,1,1,0,0,0,0.6111,0.6111,0.0,0.25,1,0.3393,1,0.6,0.4444,0.6,0.4444,0,0,0,0,0,0,7
mukerrer_veri_seti.csv,REC000416,REC001790,1,1,0,1,1,1,1,1.0,1,1,1,1.0,1,1,1.0,0,1,1,1,1,1,1.0,1.0,1.0,1.0,1,1.0,1,1.0,1.0,1.0,1.0,1,1,1,0,0,0,7
mukerrer_veri_seti.csv,REC001249,REC001225,0,0,1,1,0,0,0,0.35,1,0,1,0.2857,1,1,0.6216,0,1,1,0,0,0,0.87,0.87,0.5,0.6,1,0.4286,1,1.0,0.5111,1.0,0.5111,1,0,0,0,0,0,7
mukerrer_veri_seti.csv,REC001294,REC001798,1,1,0,1,1,1,1,1.0,1,1,1,1.0,1,1,0.9183,0,1,1,1,1,1,1.0,1.0,1.0,1.0,1,1.0,1,1.0,1.0,1.0,1.0,1,1,1,0,0,0,7
mukerrer_veri_seti.csv,REC001107,REC000655,0,0,1,1,0,0,0,0.28,1,0,0,0.4762,1,1,0.6996,0,1,1,0,0,0,0.5673,0.5673,0.0,0.1538,1,0.4283,1,0.67,0.0,0.67,0.0,0,0,0,0,0,0,7
mukerrer_veri_seti.csv,REC001114,REC001646,1,0,0,0,1,1,1,1.0,1,1,1,1.0,1,1,0.0,0,1,1,1,1,1,1.0,1.0,1.0,1.0,1,1.0,1,1.0,1.0,1.0,1.0,1,1,1,0,0,0,5
mukerrer_veri_seti.csv,REC000798,REC000861,0,0,1,1,0,0,0,0.28,1,0,0,0.32,1,1,0.8938,0,1,1,0,0,0,0.5657,0.5657,0.3916,0.3333,1,0.2747,1,0.4556,0.525,0.4556,0.525,0,0,0,0,0,0,7
mukerrer_veri_seti.csv,REC000885,REC001985,1,1,0,1,1,1,1,1.0,1,1,1,1.0,1,1,0.6785,0,1,1,1,1,1,1.0,1.0,1.0,1.0,1,1.0,1,1.0,1.0,1.0,1.0,1,1,1,0,0,0,7
mukerrer_veri_seti.csv,REC000774,REC001673,1,0,0,0,1,1,1,1.0,1,1,1,1.0,1,1,1.0,0,1,1,1,0,1,0.9636,0.9636,0.96,0.9091,1,1.0,1,1.0,0.92,1.0,0.92,1,0,1,0,0,0,6
mukerrer_veri_seti.csv,REC001119,REC001409,0,0,1,1,0,0,0,0.21,1,0,0,0.2727,1,1,0.607,0,1,1,0,0,0,0.5152,0.5152,0.35,0.2727,1,0.234,1,0.2222,0.4556,0.0,0.4556,0,0,0,0,0,0,7
mukerrer_veri_seti.csv,REC000816,REC001266,1,0,0,0,1,1,1,1.0,1,1,1,1.0,1,1,1.0,0,1,1,1,1,1,1.0,1.0,1.0,1.0,1,1.0,1,1.0,1.0,1.0,1.0,1,1,1,0,0,0,6
mukerrer_veri_seti.csv,REC001171,REC001232,1,1,0,1,1,1,1,1.0,1,1,1,1.0,1,1,1.0,0,1,1,1,1,1,1.0,1.0,1.0,1.0,1,1.0,1,1.0,1.0,1.0,1.0,1,1,1,0,0,0,7
mukerrer_veri_seti.csv,REC001507,REC001187,0,0,1,1,0,0,0,0.35,1,0,0,0.4348,1,1,0.7162,0,1,1,0,0,0,0.5389,0.5389,0.35,0.3333,1,0.405,1,0.4667,0.4722,0.4667,0.4722,0,0,0,0,0,0,7
mukerrer_veri_seti.csv,REC001420,REC001043,0,0,1,1,0,0,0,0.21,1,0,0,0.2609,0,0,0.6824,0,1,1,0,0,0,0.4722,0.4722,0.0,0.25,1,0.3287,1,0.4722,0.4667,0.4722,0.4667,0,0,0,0,0,0,7
mukerrer_veri_seti.csv,REC001679,REC000846,1,0,0,0,1,1,1,1.0,1,1,1,1.0,1,1,1.0,0,1,1,0,0,0,0.9611,0.9611,0.9611,0.9091,1,1.0,1,0.9222,1.0,0.9222,1.0,0,1,1,0,0,0,6
mukerrer_veri_seti.csv,REC001358,REC001525,1,0,0,0,1,1,1,1.0,1,1,1,1.0,1,1,1.0,0,1,1,1,0,1,0.96,0.96,0.9166,0.9,1,1.0,1,1.0,0.8333,1.0,0.8333,1,0,1,0,0,0,6
mukerrer_veri_seti.csv,REC001730,REC000711,1,1,0,1,1,1,1,1.0,1,1,1,1.0,1,1,1.0,0,1,1,1,1,1,1.0,1.0,1.0,1.0,1,1.0,1,1.0,1.0,1.0,1.0,1,1,1,0,0,0,7
mukerrer_veri_seti.csv,REC000848,REC001042,1,1,0,1,1,1,1,1.0,1,1,1,1.0,1,1,1.0,0,1,1,1,1,1,1.0,1.0,1.0,1.0,1,1.0,1,1.0,1.0,1.0,1.0,1,1,1,0,0,0,7
mukerrer_veri_seti.csv,REC000376,REC001832,0,0,1,1,0,0,0,0.28,1,0,0,0.2069,0,0,0.6095,0,1,1,0,0,0,0.4338,0.4338,0.0,0.2308,1,0.2445,1,0.4556,0.5651,0.4556,0.5651,0,0,0,0,0,0,7
mukerrer_veri_seti.csv,REC000469,REC000121,0,0,1,1,0,0,0,0.35,1,0,0,0.1818,1,1,0.5838,0,1,1,0,0,0,0.7074,0.7074,0.0,0.4545,1,0.1631,1,0.6,0.6722,0.6,0.6722,0,0,0,0,0,0,7
mukerrer_veri_seti.csv,REC001072,REC000880,1,1,0,1,1,1,1,1.0,1,1,1,1.0,1,1,1.0,0,1,1,1,1,1,1.0,1.0,1.0,1.0,1,1.0,1,1.0,1.0,1.0,1.0,1,1,1,0,0,0,7
mukerrer_veri_seti.csv,REC000216,REC000523,1,1,0,1,1,1,1,1.0,1,1,1,1.0,1,1,1.0,0,1,1,1,1,1,1.0,1.0,1.0,1.0,1,1.0,1,1.0,1.0,1.0,1.0,1,1,1,0,0,0,7
mukerrer_veri_seti.csv,REC001349,REC000710,1,1,0,1,1,1,1,1.0,1,0,0,1.0,1,1,1.0,0,1,1,1,1,1,1.0,1.0,1.0,1.0,1,0.8333,1,1.0,1.0,1.0,1.0,1,1,1,0,0,0,7
mukerrer_veri_seti.csv,REC000881,REC000304,0,0,1,1,0,0,0,0.28,1,0,0,0.25,1,1,0.9798,0,1,1,0,0,0,0.4508,0.4508,0.0,0.1818,1,0.2857,1,0.5778,0.0,0.5778,0.0,0,0,0,0,0,0,7
mukerrer_veri_seti.csv,REC001863,REC001725,0,0,1,1,0,0,0,0.21,1,0,0,0.3,1,1,0.6801,0,1,1,0,0,0,0.5889,0.5889,0.0,0.4167,1,0.2733,1,0.6111,0.6,0.6111,0.6,0,0,0,0,0,0,7
mukerrer_veri_seti.csv,REC000033,REC001551,1,1,0,1,1,1,1,1.0,1,1,1,1.0,1,1,1.0,0,1,1,1,1,1,1.0,1.0,1.0,1.0,1,1.0,1,1.0,1.0,1.0,1.0,1,1,1,0,0,0,7
mukerrer_veri_seti.csv,REC001230,REC000420,1,1,0,1,1,1,1,1.0,1,1,1,1.0,1,1,1.0,0,1,1,1,1,1,1.0,1.0,1.0,1.0,1,1.0,1,1.0,1.0,1.0,1.0,1,1,1,0,0,0,7
mukerrer_veri_seti.csv,REC001983,REC001902,0,0,1,1,0,0,0,0.28,1,0,0,0.5,0,0,0.6406,0,1,1,1,1,1,1.0,1.0,1.0,1.0,1,0.475,1,1.0,1.0,1.0,1.0,1,1,0,0,0,0,7
mukerrer_veri_seti.csv,REC001376,REC001848,0,0,1,1,0,0,0,0.28,1,0,0,0.2308,0,0,0.6723,0,1,1,0,0,0,0.8685,0.8685,0.5,0.6154,1,0.3258,1,1.0,0.5619,1.0,0.5619,1,0,0,0,0,0,7
mukerrer_veri_seti.csv,REC001780,REC000275,1,1,0,1,1,1,1,1.0,1,1,1,1.0,1,1,1.0,0,1,1,1,1,1,1.0,1.0,1.0,1.0,1,1.0,1,1.0,1.0,1.0,1.0,1,1,1,0,0,0,7
mukerrer_veri_seti.csv,REC000764,REC001667,1,1,0,1,1,1,1,1.0,1,1,1,1.0,1,1,0.0,0,1,1,1,1,1,1.0,1.0,1.0,1.0,1,1.0,1,1.0,1.0,1.0,1.0,1,1,1,0,0,0,6
mukerrer_veri_seti.csv,REC001811,REC000923,0,0,1,1,0,0,0,0.28,1,0,0,0.2,0,0,0.5859,0,1,1,0,0,0,0.5182,0.5182,0.0,0.0909,1,0.2129,1,0.0,0.6111,0.0,0.6111,0,0,0,0,0,0,7
mukerrer_veri_seti.csv,REC002001,REC001464,1,1,0,1,1,1,1,1.0,1,0,0,0.0,1,1,0.0,0,1,1,1,1,1,1.0,1.0,1.0,1.0,1,0.0,0,1.0,1.0,1.0,1.0,1,1,1,0,0,0,5
mukerrer_veri_seti.csv,REC001669,REC001392,0,0,1,1,0,0,0,0.42,1,0,1,0.2143,0,0,0.8618,0,1,1,0,0,0,0.3761,0.3761,0.0,0.0769,1,0.3714,1,0.4476,0.5029,0.4476,0.5029,0,0,0,0,0,0,7
mukerrer_veri_seti.csv,REC000600,REC000186,1,1,0,1,1,1,1,1.0,1,1,1,1.0,1,1,1.0,0,1,1,1,1,1,1.0,1.0,1.0,1.0,1,1.0,1,1.0,1.0,1.0,1.0,1,1,1,0,0,0,7
mukerrer_veri_seti.csv,REC000107,REC001772,0,0,1,1,0,0,0,0.28,1,0,0,0.2727,1,1,0.6592,0,1,1,0,0,0,0.4924,0.4924,0.0,0.1818,1,0.2515,1,0.0,0.4667,0.0,0.4667,0,0,0,0,0,0,7
mukerrer_veri_seti.csv,REC000459,REC001862,1,1,0,1,1,1,1,1.0,1,1,1,1.0,1,1,1.0,0,1,1,1,1,1,1.0,1.0,1.0,1.0,1,1.0,1,1.0,1.0,1.0,1.0,1,1,1,0,0,0,7
mukerrer_veri_seti.csv,REC001758,REC000198,1,1,0,1,1,1,1,1.0,1,1,1,1.0,1,1,1.0,0,1,1,1,0,1,0.74,0.74,0.6667,0.6667,1,1.0,1,1.0,1.0,1.0,1.0,1,1,1,0,0,1,7
mukerrer_veri_seti.csv,REC000165,REC001041,0,0,1,1,0,0,0,0.42,1,0,0,0.6,0,0,0.6918,0,1,1,0,0,0,0.4174,0.4174,0.0,0.0769,1,0.5618,1,0.4722,0.0,0.4722,0.0,0,0,0,0,0,0,7
mukerrer_veri_seti.csv,REC001458,REC000022,1,1,0,1,1,1,1,1.0,1,1,1,1.0,1,1,1.0,0,1,1,1,1,1,0.9818,0.9818,0.9667,0.8182,1,1.0,1,1.0,0.9333,1.0,0.9333,1,0,1,0,0,0,7
mukerrer_veri_seti.csv,REC000556,REC001807,1,1,0,1,1,1,1,1.0,1,0,0,1.0,1,1,1.0,0,1,1,1,1,1,1.0,1.0,1.0,1.0,1,0.8474,1,1.0,1.0,1.0,1.0,1,1,1,0,0,0,7
mukerrer_veri_seti.csv,REC001751,REC000829,0,0,1,1,0,0,0,0.21,1,0,0,0.2222,0,0,0.9066,0,1,1,0,0,0,0.6685,0.6685,0.0,0.3333,1,0.2883,1,0.6333,0.5556,0.6333,0.5556,0,0,0,0,0,0,7
mukerrer_veri_seti.csv,REC001017,REC002009,1,1,0,1,1,1,1,1.0,1,0,1,0.96,1,1,1.0,0,1,1,1,1,1,1.0,1.0,1.0,1.0,1,0.968,1,1.0,1.0,1.0,1.0,1,1,1,0,0,0,7
mukerrer_veri_seti.csv,REC001493,REC000927,1,0,1,1,1,1,1,1.0,1,1,1,1.0,1,1,1.0,0,1,1,0,0,0,0.74,0.74,0.6667,0.625,1,1.0,1,0.56,1.0,0.56,1.0,0,1,1,0,1,1,7
mukerrer_veri_seti.csv,REC000789,REC000131,0,0,1,1,0,0,0,0.21,1,0,1,0.08,0,0,0.6573,0,1,1,0,0,0,0.4444,0.4444,0.0,0.3333,1,0.264,1,0.4722,0.25,0.4722,0.0,0,0,0,0,0,0,7
mukerrer_veri_seti.csv,REC000401,REC001038,1,0,0,0,1,1,1,1.0,1,1,1,1.0,1,1,1.0,0,1,1,1,1,1,0.9833,0.9833,0.9733,0.8333,1,1.0,1,1.0,0.9467,1.0,0.9467,1,0,1,0,0,0,6
mukerrer_veri_seti.csv,REC001491,REC000138,1,1,0,1,1,1,1,1.0,1,0,0,0.0,1,1,0.0,0,1,1,1,1,1,1.0,1.0,1.0,1.0,1,0.0,0,1.0,1.0,1.0,1.0,1,1,1,0,0,0,5
mukerrer_veri_seti.csv,REC001757,REC000196,1,1,0,1,1,1,1,1.0,1,1,1,1.0,1,1,1.0,0,1,1,1,1,1,1.0,1.0,1.0,1.0,1,1.0,1,1.0,1.0,1.0,1.0,1,1,1,0,0,0,7
mukerrer_veri_seti.csv,REC000232,REC000145,1,1,0,1,1,1,1,1.0,1,1,1,1.0,1,1,1.0,0,1,1,1,1,1,1.0,1.0,1.0,1.0,1,1.0,1,1.0,1.0,1.0,1.0,1,1,1,0,0,0,7
mukerrer_veri_seti.csv,REC001881,REC001799,0,0,1,1,0,0,0,0.35,1,0,0,0.4,0,0,0.8244,0,1,1,0,0,0,0.7667,0.7667,0.4667,0.3333,1,0.395,1,0.9333,0.1667,0.9333,0.0,0,0,0,0,0,0,7
mukerrer_veri_seti.csv,REC001770,REC000595,1,1,0,1,1,1,1,1.0,1,1,1,1.0,1,1,1.0,0,1,1,1,1,1,1.0,1.0,1.0,1.0,1,1.0,1,1.0,1.0,1.0,1.0,1,1,1,0,0,0,7
mukerrer_veri_seti.csv,REC000689,REC000797,0,0,1,1,0,0,0,0.21,1,0,0,0.0952,0,0,0.6383,0,1,1,0,0,0,0.4944,0.4944,0.0,0.1667,1,0.0938,1,0.4556,0.2222,0.4556,0.0,0,0,0,0,0,0,7
mukerrer_veri_seti.csv,REC000694,REC000755,1,1,0,1,1,1,1,1.0,1,1,1,1.0,1,1,0.92,0,1,1,1,1,1,1.0,1.0,1.0,1.0,1,1.0,1,1.0,1.0,1.0,1.0,1,1,1,0,0,0,7
mukerrer_veri_seti.csv,REC000332,REC001080,1,1,0,1,1,1,1,1.0,1,1,1,1.0,1,1,0.0,0,1,1,1,1,1,1.0,1.0,1.0,1.0,1,1.0,1,1.0,1.0,1.0,1.0,1,1,1,0,0,0,6
mukerrer_veri_seti.csv,REC001288,REC001699,0,0,1,1,0,0,0,0.14,1,0,0,0.1739,0,0,0.7719,0,1,1,0,0,0,0.6515,0.6515,0.0,0.1818,1,0.2106,1,0.4833,0.4667,0.4833,0.4667,0,0,0,0,0,0,7
mukerrer_veri_seti.csv,REC000217,REC001004,0,0,1,1,0,0,0,0.35,1,0,0,0.2609,0,0,0.6005,0,1,1,0,0,0,0.4259,0.4259,0.3666,0.25,1,0.242,1,0.0,0.6622,0.0,0.6622,0,0,0,0,0,0,7
mukerrer_veri_seti.csv,REC000250,REC000484,1,1,0,1,1,1,1,1.0,1,1,1,1.0,1,1,1.0,0,1,1,1,1,1,1.0,1.0,1.0,1.0,1,1.0,1,1.0,1.0,1.0,1.0,1,1,1,0,0,0,7
mukerrer_veri_seti.csv,REC000368,REC000051,0,0,1,1,0,0,0,0.21,1,0,0,0.2609,0,0,0.6441,0,1,1,0,0,0,0.3965,0.3965,0.0,0.0833,1,0.2561,1,0.4444,0.0,0.4444,0.0,0,0,0,0,0,0,7
mukerrer_veri_seti.csv,REC000155,REC000512,0,0,1,1,0,0,0,0.28,1,0,0,0.5926,0,0,0.714,0,1,1,0,0,0,0.5338,0.5338,0.3535,0.1538,1,0.5598,1,0.4667,0.4365,0.4667,0.4365,0,0,0,0,0,0,7
mukerrer_veri_seti.csv,REC001034,REC001255,0,0,1,1,0,0,0,0.28,1,0,0,0.5185,0,0,0.6387,0,1,1,0,0,0,0.5571,0.5571,0.0,0.2308,1,0.5048,1,0.5619,0.2,0.5619,0.0,0,0,0,0,0,0,7
mukerrer_veri_seti.csv,REC000529,REC001101,1,1,0,1,1,1,1,1.0,1,1,1,1.0,1,1,1.0,0,1,1,1,1,1,1.0,1.0,1.0,1.0,1,1.0,1,1.0,1.0,1.0,1.0,1,1,1,0,0,0,7
mukerrer_veri_seti.csv,REC001506,REC000753,1,1,0,1,1,1,1,1.0,1,1,1,1.0,1,1,1.0,0,1,1,0,0,0,0.9667,0.9667,0.9667,0.8182,1,1.0,1,0.4667,0.4667,0.4667,0.4667,0,0,1,0,0,0,7
mukerrer_veri_seti.csv,REC001955,REC000194,0,0,1,1,0,0,0,0.28,1,0,0,0.3077,0,0,0.7143,0,1,1,0,0,0,0.74,0.74,0.5,0.5455,1,0.3212,1,0.2,1.0,0.0,1.0,0,1,0,0,0,1,7
mukerrer_veri_seti.csv,REC000495,REC001850,0,0,1,1,0,0,0,0.28,1,0,0,0.0909,0,0,0.7511,0,1,1,0,0,0,0.5045,0.5045,0.0,0.1818,1,0.1927,1,0.4667,0.0,0.4667,0.0,0,0,0,0,0,0,7
mukerrer_veri_seti.csv,REC000969,REC001181,0,0,1,1,0,0,0,0.35,1,0,0,0.5217,1,1,0.9845,0,1,1,0,0,0,0.5367,0.5367,0.5,0.5455,1,0.4992,1,0.5,0.4722,0.5,0.4722,0,0,0,0,0,0,7
mukerrer_veri_seti.csv,REC001056,REC000582,0,0,1,1,0,0,0,0.28,1,0,0,0.64,0,0,0.6069,0,1,1,0,0,0,0.4823,0.4823,0.0,0.0833,1,0.587,1,0.4833,0.4476,0.4833,0.4476,0,0,0,0,0,0,7
mukerrer_veri_seti.csv,REC001582,REC001382,1,1,0,1,1,1,1,1.0,1,1,1,1.0,1,1,1.0,0,1,1,1,1,1,1.0,1.0,1.0,1.0,1,1.0,1,1.0,1.0,1.0,1.0,1,1,1,0,0,0,7
mukerrer_veri_seti.csv,REC000072,REC001601,1,1,0,1,1,1,1,1.0,1,1,1,1.0,1,1,1.0,0,1,1,1,1,1,1.0,1.0,1.0,1.0,1,1.0,1,1.0,1.0,1.0,1.0,1,1,1,0,0,0,7
mukerrer_veri_seti.csv,REC000917,REC000244,1,1,0,1,1,1,1,1.0,1,1,1,1.0,1,1,1.0,0,1,1,1,1,1,1.0,1.0,1.0,1.0,1,1.0,1,1.0,1.0,1.0,1.0,1,1,1,0,0,0,7
mukerrer_veri_seti.csv,REC001928,REC000562,0,0,1,1,0,0,0,0.35,1,0,0,0.3636,0,0,0.7886,0,1,1,0,0,0,0.74,0.74,0.5,0.6667,1,0.3699,1,0.5,1.0,0.5,1.0,0,1,0,0,0,1,7
mukerrer_veri_seti.csv,REC000718,REC000228,1,0,0,0,1,1,1,1.0,1,1,1,1.0,1,1,1.0,0,1,1,1,1,1,0.9788,0.9788,0.9767,0.8182,1,1.0,1,0.9533,1.0,0.9533,1.0,0,1,1,0,0,0,6
mukerrer_veri_seti.csv,REC000954,REC000971,1,1,0,1,1,1,1,1.0,1,1,1,1.0,1,1,0.9117,0,1,1,1,1,1,1.0,1.0,1.0,1.0,1,1.0,1,1.0,1.0,1.0,1.0,1,1,1,0,0,0,7
mukerrer_veri_seti.csv,REC000780,REC001180,0,0,1,1,0,0,0,0.21,1,0,0,0.2857,0,0,0.6691,0,1,1,0,0,0,0.2939,0.2939,0.0,0.3636,1,0.3036,1,0.0,0.0,0.0,0.0,0,0,0,0,0,0,7
mukerrer_veri_seti.csv,REC000350,REC000843,1,0,0,0,1,1,1,1.0,1,1,1,1.0,1,1,1.0,0,1,1,1,1,1,0.9733,0.9733,0.9733,0.8,1,1.0,1,0.9467,1.0,0.9467,1.0,0,1,1,0,0,0,6
mukerrer_veri_seti.csv,REC001274,REC001312,1,1,0,1,1,1,1,1.0,1,0,1,0.9524,1,1,1.0,0,1,1,1,1,1,1.0,1.0,1.0,1.0,1,0.9619,1,1.0,1.0,1.0,1.0,1,1,1,0,0,0,7
mukerrer_veri_seti.csv,REC000985,REC001979,1,0,0,0,1,1,1,1.0,1,1,1,1.0,1,1,1.0,0,1,1,1,1,1,1.0,1.0,1.0,1.0,1,1.0,1,1.0,1.0,1.0,1.0,1,1,1,0,0,0,6
mukerrer_veri_seti.csv,REC000084,REC001668,1,0,0,0,1,1,1,1.0,1,1,1,1.0,1,1,1.0,0,1,1,1,1,1,1.0,1.0,1.0,1.0,1,1.0,1,1.0,1.0,1.0,1.0,1,1,1,0,0,0,6
mukerrer_veri_seti.csv,REC001524,REC000887,1,1,0,1,1,1,1,1.0,1,1,1,1.0,1,1,0.9434,0,1,1,1,1,1,1.0,1.0,1.0,1.0,1,1.0,1,1.0,1.0,1.0,1.0,1,1,1,0,0,0,7
mukerrer_veri_seti.csv,REC001791,REC001003,1,1,0,1,1,1,1,1.0,1,1,1,1.0,1,1,1.0,0,1,1,1,1,1,1.0,1.0,1.0,1.0,1,1.0,1,1.0,1.0,1.0,1.0,1,1,1,0,0,0,7
mukerrer_veri_seti.csv,REC000108,REC001354,1,1,0,1,1,1,1,1.0,1,1,1,1.0,1,1,0.91,0,1,1,1,1,1,1.0,1.0,1.0,1.0,1,1.0,1,1.0,1.0,1.0,1.0,1,1,1,0,0,0,7
mukerrer_veri_seti.csv,REC001390,REC000400,1,1,0,1,1,1,1,1.0,1,1,1,1.0,1,1,0.0,0,1,1,1,1,1,1.0,1.0,1.0,1.0,1,1.0,1,1.0,1.0,1.0,1.0,1,1,1,0,0,0,6
mukerrer_veri_seti.csv,REC001170,REC001482,0,0,1,1,0,0,0,0.35,1,0,0,0.16,1,1,0.9791,0,1,1,0,0,0,0.5237,0.5237,0.0,0.1667,1,0.1438,1,0.2,0.4556,0.0,0.4556,0,0,0,0,0,0,7
mukerrer_veri_seti.csv,REC000766,REC001837,0,0,1,1,0,0,0,0.28,1,0,0,0.2727,1,1,0.8881,0,1,1,0,0,0,0.4442,0.4442,0.0,0.2308,1,0.2932,1,0.5778,0.4722,0.5778,0.4722,0,0,0,0,0,0,7
mukerrer_veri_seti.csv,REC000730,REC000972,1,0,0,0,1,1,1,1.0,1,1,1,1.0,1,1,1.0,0,1,1,1,1,1,1.0,1.0,1.0,1.0,1,1.0,1,1.0,1.0,1.0,1.0,1,1,1,0,0,0,6
mukerrer_veri_seti.csv,REC001303,REC000064,0,0,1,1,0,0,0,0.28,1,0,0,0.75,0,0,0.5988,0,1,1,0,0,0,0.7137,0.7137,0.4445,0.4167,1,0.6176,1,0.6622,0.2222,0.6622,0.0,0,0,0,0,0,0,7
mukerrer_veri_seti.csv,REC000903,REC000981,0,0,1,1,0,0,0,0.28,1,0,0,0.24,1,1,0.9765,0,1,1,0,0,0,0.584,0.584,0.36,0.2308,1,0.267,1,0.4476,0.72,0.4476,0.72,0,0,0,0,0,0,7
mukerrer_veri_seti.csv,REC000637,REC001064,1,1,0,1,1,1,1,1.0,1,0,0,0.0,1,1,1.0,0,1,1,1,1,1,1.0,1.0,1.0,1.0,1,0.0,0,1.0,1.0,1.0,1.0,1,1,1,0,0,0,6
mukerrer_veri_seti.csv,REC000905,REC001802,0,0,1,1,0,0,0,0.21,1,0,0,0.1818,0,0,0.6753,0,1,1,0,0,0,0.7355,0.7355,0.5,0.6667,1,0.2205,1,0.4833,1.0,0.4833,1.0,0,1,0,0,0,1,7
mukerrer_veri_seti.csv,REC001327,REC000892,0,0,1,1,0,0,0,0.35,1,0,0,0.2727,1,1,0.6897,0,1,1,0,0,0,0.5697,0.5697,0.0,0.3636,1,0.2896,1,0.4667,0.6,0.4667,0.6,0,0,0,0,0,0,7
mukerrer_veri_seti.csv,REC001289,REC000130,1,1,0,1,1,1,1,1.0,1,0,0,1.0,1,1,1.0,0,1,1,1,1,1,1.0,1.0,1.0,1.0,1,0.8474,1,1.0,1.0,1.0,1.0,1,1,1,0,0,0,7
mukerrer_veri_seti.csv,REC001695,REC001364,1,1,0,1,1,1,1,1.0,1,1,1,1.0,1,1,0.9387,0,1,1,1,1,1,1.0,1.0,1.0,1.0,1,1.0,1,1.0,1.0,1.0,1.0,1,1,1,0,0,0,7
mukerrer_veri_seti.csv,REC001651,REC001555,0,0,1,1,0,0,0,0.28,1,0,0,0.5,0,0,0.7719,0,1,1,0,0,0,0.5705,0.5705,0.0,0.0769,1,0.475,1,0.4667,0.5397,0.4667,0.5397,0,0,0,0,0,0,7
mukerrer_veri_seti.csv,REC001102,REC000151,0,0,1,1,0,0,0,0.28,1,0,0,0.2609,0,0,0.7033,0,1,1,0,0,0,0.4495,0.4495,0.0,0.1667,1,0.2801,1,0.0,0.51,0.0,0.51,0,0,0,0,0,0,7
mukerrer_veri_seti.csv,REC000822,REC000647,0,0,1,1,0,0,0,0.21,1,0,0,0.2105,0,0,0.652,0,1,1,0,0,0,0.58,0.58,0.0,0.3,1,0.2632,1,0.64,0.0,0.64,0.0,0,0,0,0,0,0,7
mukerrer_veri_seti.csv,REC000393,REC000510,0,0,1,1,0,0,0,0.35,1,0,0,0.3636,0,0,0.6289,0,1,1,0,0,0,0.7545,0.7545,0.7277,0.3,1,0.3699,1,0.7333,0.7222,0.7333,0.7222,0,0,0,0,0,0,7
mukerrer_veri_seti.csv,REC001169,REC000385,1,1,0,1,1,1,1,1.0,1,1,1,1.0,1,1,1.0,0,1,1,0,0,0,0.9556,0.9556,0.925,0.8889,1,1.0,1,1.0,0.85,1.0,0.85,1,0,1,0,0,0,7
mukerrer_veri_seti.csv,REC001196,REC001839,0,0,1,1,0,0,0,0.28,1,0,0,0.1905,0,0,0.6901,0,1,1,1,0,1,0.8424,0.8424,0.5,0.5455,1,0.2274,1,1.0,0.0,1.0,0.0,1,0,0,0,0,0,7
mukerrer_veri_seti.csv,REC001468,REC000302,0,0,1,1,0,0,0,0.42,1,0,0,0.6429,0,0,0.6249,0,1,1,0,0,0,0.6111,0.6111,0.0,0.25,1,0.5893,1,0.5778,0.4556,0.5778,0.4556,0,0,0,0,0,0,7
mukerrer_veri_seti.csv,REC001553,REC000074,0,0,1,1,0,0,0,0.28,1,0,0,0.25,0,0,0.7328,0,1,1,0,0,0,0.5859,0.5859,0.3916,0.0,1,0.275,1,0.7833,0.5778,0.7833,0.5778,0,0,0,0,0,0,7
mukerrer_veri_seti.csv,REC001374,REC001407,0,0,1,1,0,0,0,0.21,1,0,0,0.4167,0,0,0.5969,0,1,1,0,0,0,0.6606,0.6606,0.3933,0.5455,1,0.4439,1,0.7867,0.0,0.7867,0.0,0,0,0,0,0,0,7
mukerrer_veri_seti.csv,REC001897,REC000095,0,0,1,1,0,0,0,0.28,1,0,0,0.1905,0,0,0.6076,0,1,1,0,0,0,0.5354,0.5354,0.0,0.1818,1,0.2238,1,0.6,0.0,0.6,0.0,0,0,0,0,0,0,7
mukerrer_veri_seti.csv,REC000661,REC000550,0,0,1,1,0,0,0,0.28,1,0,0,0.1739,1,1,0.6777,0,1,1,0,0,0,0.5354,0.5354,0.0,0.1818,1,0.2291,1,0.4833,0.4833,0.4833,0.4833,0,0,0,0,0,0,7
mukerrer_veri_seti.csv,REC001701,REC001827,1,1,0,1,1,1,1,1.0,1,1,1,1.0,1,1,1.0,0,1,1,1,1,1,1.0,1.0,1.0,1.0,1,1.0,1,1.0,1.0,1.0,1.0,1,1,1,0,0,0,7
mukerrer_veri_seti.csv,REC001118,REC000306,0,0,1,1,0,0,0,0.28,1,0,0,0.1053,0,0,0.6547,0,1,1,0,0,0,0.6,0.6,0.5,0.5556,1,0.1675,1,0.55,0.25,0.55,0.0,0,0,0,0,0,0,7
mukerrer_veri_seti.csv,REC000424,REC000128,0,0,1,1,0,0,0,0.28,1,0,0,0.5714,0,0,0.6451,0,1,1,0,0,0,0.5,0.5,0.5,0.6364,1,0.5771,1,0.52,0.0,0.52,0.0,0,0,0,0,0,0,7
mukerrer_veri_seti.csv,REC000268,REC000684,0,0,1,1,0,0,0,0.35,1,0,0,0.2105,1,1,0.6981,0,1,1,0,0,0,0.4815,0.4815,0.0,0.1111,1,0.2474,1,0.5,0.0,0.5,0.0,0,0,0,0,0,0,7
mukerrer_veri_seti.csv,REC000129,REC001666,1,1,0,1,1,1,1,1.0,1,1,1,1.0,1,1,1.0,0,1,1,1,1,1,1.0,1.0,1.0,1.0,1,1.0,1,1.0,1.0,1.0,1.0,1,1,1,0,0,0,7
mukerrer_veri_seti.csv,REC001164,REC000520,1,0,0,0,1,1,1,1.0,1,1,1,1.0,1,1,0.0,0,1,1,1,1,1,1.0,1.0,1.0,1.0,1,1.0,1,1.0,1.0,1.0,1.0,1,1,1,0,0,0,5
mukerrer_veri_seti.csv,REC000653,REC001767,1,1,0,1,1,1,1,1.0,1,1,1,1.0,1,1,0.9151,0,1,1,1,1,1,1.0,1.0,1.0,1.0,1,1.0,1,1.0,1.0,1.0,1.0,1,1,1,0,0,0,7
mukerrer_veri_seti.csv,REC001907,REC001538,0,0,1,1,0,0,0,0.35,1,0,0,0.25,1,1,0.658,0,1,1,0,0,0,0.6134,0.6134,0.3666,0.3846,1,0.275,1,0.6,0.5619,0.6,0.5619,0,0,0,0,0,0,7
mukerrer_veri_seti.csv,REC001033,REC001417,1,1,0,1,1,1,1,1.0,1,1,1,1.0,1,1,0.6443,0,1,1,1,1,1,1.0,1.0,1.0,1.0,1,1.0,1,1.0,1.0,1.0,1.0,1,1,1,0,0,0,7
mukerrer_veri_seti.csv,REC000844,REC000681,0,0,1,1,0,0,0,0.28,1,0,0,0.4,1,1,0.5987,0,1,1,0,0,0,0.5579,0.5579,0.0,0.3077,1,0.395,1,0.5778,0.4556,0.5778,0.4556,0,0,0,0,0,0,7
mukerrer_veri_seti.csv,REC000481,REC000586,0,0,1,1,0,0,0,0.28,1,0,1,0.3333,0,0,0.8065,0,1,1,0,0,0,0.6723,0.6723,0.5,0.6364,1,0.4667,1,0.4667,1.0,0.4667,1.0,0,1,0,0,0,1,7
mukerrer_veri_seti.csv,REC001712,REC001361,0,0,1,1,0,0,0,0.14,1,0,0,0.1818,1,1,0.9867,0,1,1,0,0,0,0.5242,0.5242,0.0,0.0909,1,0.1612,1,0.5778,0.0,0.5778,0.0,0,0,0,0,0,0,7
mukerrer_veri_seti.csv,REC001596,REC001726,1,1,0,1,1,1,1,1.0,1,0,1,0.9524,1,1,1.0,0,1,1,1,1,1,1.0,1.0,1.0,1.0,1,0.9619,1,1.0,1.0,1.0,1.0,1,1,1,0,0,0,7
mukerrer_veri_seti.csv,REC001237,REC000705,0,0,1,1,0,0,0,0.42,1,0,0,0.4167,0,0,0.6698,0,1,1,0,0,0,0.35,0.35,0.0,0.1667,1,0.4083,1,0.4833,0.0,0.4833,0.0,0,0,0,0,0,0,7
mukerrer_veri_seti.csv,REC000190,REC002000,0,0,1,1,0,0,0,0.28,1,0,0,0.16,0,0,0.6298,0,1,1,0,0,0,0.5076,0.5076,0.0,0.1667,1,0.1456,1,0.4556,0.4667,0.4556,0.4667,0,0,0,0,0,0,7
mukerrer_veri_seti.csv,REC000300,REC001785,1,1,0,1,1,1,1,1.0,1,0,0,1.0,1,1,1.0,0,1,1,1,1,1,1.0,1.0,1.0,1.0,1,0.8167,1,1.0,1.0,1.0,1.0,1,1,1,0,0,0,7
mukerrer_veri_seti.csv,REC000747,REC000632,0,0,1,1,0,0,0,0.35,1,0,0,0.1739,0,0,0.6681,0,1,1,0,0,0,0.5134,0.5134,0.0,0.1538,1,0.2023,1,0.2222,0.62,0.0,0.62,0,0,0,0,0,0,7
mukerrer_veri_seti.csv,REC001235,REC000061,1,1,0,1,1,1,1,1.0,1,0,1,1.0,1,1,1.0,0,1,1,1,1,1,1.0,1.0,1.0,1.0,1,1.0,1,1.0,1.0,1.0,1.0,1,1,1,0,0,0,7
mukerrer_veri_seti.csv,REC001340,REC001253,0,0,1,1,0,0,0,0.35,1,0,0,0.5217,0,0,0.6421,0,1,1,0,0,0,0.5,0.5,0.5,0.5833,1,0.5121,1,0.0,0.62,0.0,0.62,0,0,0,0,0,0,7
mukerrer_veri_seti.csv,REC001400,REC001438,0,0,1,1,0,0,0,0.28,1,0,1,0.5455,0,0,0.708,0,1,1,0,0,0,0.5667,0.5667,0.4667,0.3571,1,0.6364,1,0.3636,0.5952,0.0,0.5952,0,0,0,0,0,0,7
mukerrer_veri_seti.csv,REC001100,REC001813,0,0,1,1,0,0,0,0.21,1,0,0,0.3333,0,0,0.6984,0,1,1,0,0,0,0.5427,0.5427,0.35,0.3077,1,0.3348,1,0.7,0.5029,0.7,0.5029,0,0,0,0,0,0,7
mukerrer_veri_seti.csv,REC000895,REC000440,1,1,0,1,1,1,1,1.0,1,1,1,1.0,1,1,1.0,0,1,1,1,1,1,1.0,1.0,1.0,1.0,1,1.0,1,1.0,1.0,1.0,1.0,1,1,1,0,0,0,7
mukerrer_veri_seti.csv,REC001603,REC000715,0,0,1,1,0,0,0,0.21,1,0,0,0.1739,0,0,0.7323,0,1,1,0,0,0,0.5111,0.5111,0.5,0.6667,1,0.2339,1,0.4556,0.62,0.4556,0.62,0,0,0,0,0,0,7
mukerrer_veri_seti.csv,REC000598,REC001761,1,1,0,1,1,1,1,1.0,1,1,1,1.0,1,1,1.0,0,1,1,1,1,1,1.0,1.0,1.0,1.0,1,1.0,1,1.0,1.0,1.0,1.0,1,1,1,0,0,0,7
mukerrer_veri_seti.csv,REC001941,REC001872,0,0,1,1,0,0,0,0.28,1,0,0,0.3478,0,0,0.6806,0,1,1,0,0,0,0.4222,0.4222,0.35,0.3,1,0.3783,1,0.4833,0.0,0.4833,0.0,0,0,0,0,0,0,7
mukerrer_veri_seti.csv,REC001335,REC000059,0,0,1,1,0,0,0,0.21,1,0,1,0.2727,1,1,0.638,0,1,1,0,0,0,0.3826,0.3826,0.0,0.1818,1,0.4182,1,0.0,0.6333,0.0,0.6333,0,0,0,0,0,0,7
mukerrer_veri_seti.csv,REC000645,REC001471,0,0,1,1,0,0,0,0.28,1,0,0,0.4762,0,0,0.6298,0,1,1,0,0,0,0.612,0.612,0.3542,0.2308,1,0.4143,1,0.4643,0.7083,0.4643,0.7083,0,0,0,0,0,0,7
mukerrer_veri_seti.csv,REC000017,REC001825,0,0,1,1,0,0,0,0.14,1,0,0,0.24,1,1,0.9791,0,1,1,0,0,0,0.4722,0.4722,0.0,0.0833,1,0.2753,1,0.4667,0.4444,0.4667,0.4444,0,0,0,0,0,0,7
mukerrer_veri_seti.csv,REC000987,REC000988,1,1,0,1,1,1,1,1.0,1,1,1,1.0,1,1,1.0,0,1,1,1,1,1,1.0,1.0,1.0,1.0,1,1.0,1,1.0,1.0,1.0,1.0,1,1,1,0,0,0,7
mukerrer_veri_seti.csv,REC001355,REC000094,0,0,1,1,0,0,0,0.35,1,0,0,0.2727,0,0,0.7407,0,1,1,0,0,0,0.6,0.6,0.5,0.6,1,0.3064,1,0.4833,0.6722,0.4833,0.6722,0,0,0,0,0,0,7
mukerrer_veri_seti.csv,REC001806,REC000584,0,0,1,1,0,0,0,0.49,1,0,0,0.56,0,0,0.5968,0,1,1,0,0,0,0.4722,0.4722,0.4111,0.25,1,0.538,1,0.4722,0.4667,0.4722,0.4667,0,0,0,0,0,0,7
mukerrer_veri_seti.csv,REC001139,REC001605,0,0,1,1,0,0,0,0.28,1,0,0,0.25,1,1,0.7026,0,1,1,0,0,0,0.5579,0.5579,0.0,0.1538,1,0.2714,1,0.4556,0.4556,0.4556,0.4556,0,0,0,0,0,0,7
mukerrer_veri_seti.csv,REC000093,REC000233,1,1,0,1,1,1,1,1.0,1,1,1,1.0,1,1,1.0,0,1,1,0,0,0,0.74,0.74,0.6667,0.625,1,1.0,1,0.7333,1.0,0.7333,1.0,0,1,1,0,0,1,7
mukerrer_veri_seti.csv,REC000494,REC000119,0,0,1,1,0,0,0,0.35,1,0,1,0.3478,1,1,0.9871,0,1,1,0,0,0,0.6436,0.6436,0.35,0.2727,1,0.4783,1,0.65,0.535,0.65,0.535,0,0,0,0,0,0,7
mukerrer_veri_seti.csv,REC001397,REC000235,0,0,1,1,0,0,0,0.35,1,0,0,0.2727,0,0,0.7663,0,1,1,0,0,0,0.5241,0.5241,0.0,0.1667,1,0.2515,1,0.6333,0.0,0.6333,0.0,0,0,0,0,0,0,7
mukerrer_veri_seti.csv,REC001906,REC000808,1,0,0,0,1,1,1,1.0,1,1,1,1.0,1,1,1.0,0,1,1,1,1,1,0.9788,0.9788,0.9767,0.8182,1,1.0,1,0.9533,1.0,0.9533,1.0,0,1,1,0,0,0,6
mukerrer_veri_seti.csv,REC001989,REC001291,1,1,0,1,1,1,1,1.0,1,1,1,1.0,1,1,1.0,0,1,1,1,0,1,0.92,0.92,0.6667,0.6,1,1.0,1,1.0,0.6333,1.0,0.6333,1,0,1,0,0,0,7
mukerrer_veri_seti.csv,REC000826,REC000737,1,1,0,1,1,1,1,1.0,1,1,1,1.0,1,1,1.0,0,1,1,1,1,1,1.0,1.0,1.0,1.0,1,1.0,1,1.0,1.0,1.0,1.0,1,1,1,0,0,0,7
mukerrer_veri_seti.csv,REC001408,REC000417,0,0,1,1,0,0,0,0.28,1,0,1,0.3478,0,0,0.5593,0,1,1,0,0,0,0.5767,0.5767,0.0,0.2857,1,0.4783,1,0.5952,0.4722,0.5952,0.4722,0,0,0,0,0,0,7
mukerrer_veri_seti.csv,REC000739,REC001771,1,0,0,0,1,1,1,1.0,1,1,1,1.0,1,1,1.0,0,1,1,1,0,1,0.9636,0.9636,0.9571,0.9091,1,1.0,1,1.0,0.9143,1.0,0.9143,1,0,1,0,0,0,6
mukerrer_veri_seti.csv,REC001326,REC001321,1,1,0,1,1,1,1,1.0,1,1,1,1.0,1,1,0.9238,0,1,1,1,1,1,1.0,1.0,1.0,1.0,1,1.0,1,1.0,1.0,1.0,1.0,1,1,1,0,0,0,7
mukerrer_veri_seti.csv,REC001658,REC000570,0,0,1,1,0,0,0,0.21,1,0,0,0.3846,0,0,0.6831,0,1,1,0,0,0,0.8788,0.8788,0.5,0.5833,1,0.3791,1,1.0,0.51,1.0,0.51,1,0,0,0,0,0,7
mukerrer_veri_seti.csv,REC000453,REC000668,1,1,0,1,1,1,1,1.0,1,1,1,1.0,1,1,1.0,0,1,1,1,1,1,1.0,1.0,1.0,1.0,1,1.0,1,1.0,1.0,1.0,1.0,1,1,1,0,0,0,7
mukerrer_veri_seti.csv,REC001224,REC001622,1,1,0,1,1,1,1,1.0,1,1,1,1.0,1,1,1.0,0,1,1,1,1,1,1.0,1.0,1.0,1.0,1,1.0,1,1.0,1.0,1.0,1.0,1,1,1,0,0,0,7
mukerrer_veri_seti.csv,REC000460,REC001452,0,0,1,1,0,0,0,0.21,1,0,0,0.2963,0,0,0.5875,0,1,1,0,0,0,0.4369,0.4369,0.0,0.3571,1,0.327,1,0.4556,0.0,0.4556,0.0,0,0,0,0,0,0,7
mukerrer_veri_seti.csv,REC001792,REC000721,0,0,1,1,0,0,0,0.42,1,0,0,0.2609,1,1,0.7143,0,1,1,0,0,0,0.5848,0.5848,0.0,0.1818,1,0.3034,1,0.5,0.4556,0.5,0.4556,0,0,0,0,0,0,7
mukerrer_veri_seti.csv,REC000178,REC000503,0,0,1,1,0,0,0,0.28,1,0,0,0.1739,0,0,0.6742,0,1,1,0,0,0,0.7355,0.7355,0.5,0.6667,1,0.2181,1,0.5778,1.0,0.5778,1.0,0,1,0,0,0,1,7
mukerrer_veri_seti.csv,REC001220,REC001145,0,0,1,1,0,0,0,0.21,1,0,1,0.4444,0,0,0.626,0,1,1,0,0,0,0.8167,0.8167,0.4547,0.4286,1,0.5556,1,0.9095,0.1818,0.9095,0.0,0,0,0,0,0,0,7
mukerrer_veri_seti.csv,REC000509,REC001581,0,0,1,1,0,0,0,0.35,1,0,0,0.2222,1,1,0.9902,0,1,1,0,0,0,0.621,0.621,0.0,0.0714,1,0.2528,1,0.5455,0.5397,0.4556,0.5397,0,0,0,0,0,0,7
mukerrer_veri_seti.csv,REC001142,REC001613,0,0,1,1,0,0,0,0.35,1,0,0,0.2308,0,0,0.7586,0,1,1,0,0,0,0.5583,0.5583,0.5,0.5385,1,0.2679,1,0.0,0.6667,0.0,0.6667,0,0,0,0,0,0,7
mukerrer_veri_seti.csv,REC001348,REC000729,1,1,0,1,1,1,1,1.0,1,1,1,1.0,1,1,1.0,0,1,1,1,1,1,1.0,1.0,1.0,1.0,1,1.0,1,1.0,1.0,1.0,1.0,1,1,1,0,0,0,7
mukerrer_veri_seti.csv,REC000366,REC001561,0,0,1,1,0,0,0,0.21,1,0,0,0.0833,0,0,0.7013,0,1,1,0,0,0,0.5571,0.5571,0.0,0.25,1,0.1485,1,0.5778,0.4667,0.5778,0.4667,0,0,0,0,0,0,7
mukerrer_veri_seti.csv,REC001735,REC000521,1,1,0,1,1,1,1,1.0,1,1,1,1.0,1,1,1.0,0,1,1,1,1,1,0.9818,0.9818,0.9767,0.8182,1,1.0,1,1.0,0.9533,1.0,0.9533,1,0,1,0,0,0,7
mukerrer_veri_seti.csv,REC001485,REC001426,1,1,0,1,1,1,1,1.0,1,1,1,1.0,1,1,1.0,0,1,1,1,1,1,1.0,1.0,1.0,1.0,1,1.0,1,1.0,1.0,1.0,1.0,1,1,1,0,0,0,7
mukerrer_veri_seti.csv,REC000430,REC000728,0,0,1,1,0,0,0,0.28,1,0,0,0.1667,1,1,0.9775,0,1,1,0,0,0,0.4944,0.4944,0.0,0.1667,1,0.2167,1,0.4833,0.4556,0.4833,0.4556,0,0,0,0,0,0,7
mukerrer_veri_seti.csv,REC000669,REC000837,0,0,1,1,0,0,0,0.28,1,0,0,0.2727,0,0,0.6543,0,1,1,0,0,0,0.6237,0.6237,0.0,0.25,1,0.3129,1,0.4667,0.5778,0.4667,0.5778,0,0,0,0,0,0,7
mukerrer_veri_seti.csv,REC001499,REC000176,0,0,1,1,0,0,0,0.21,1,0,0,0.1818,0,0,0.6608,0,1,1,0,0,0,0.404,0.404,0.0,0.0909,1,0.2402,1,0.2,0.0,0.0,0.0,0,0,0,0,0,0,7
mukerrer_veri_seti.csv,REC001495,REC000089,0,0,1,1,0,0,0,0.28,1,0,0,0.1667,0,0,0.7007,0,1,1,0,0,0,0.5194,0.5194,0.0,0.0909,1,0.2167,1,0.6333,0.0,0.6333,0.0,0,0,0,0,0,0,7
mukerrer_veri_seti.csv,REC000008,REC000091,0,0,1,1,0,0,0,0.21,1,0,0,0.1176,0,0,0.6563,0,1,1,0,0,0,0.4907,0.4907,0.0,0.1111,1,0.1129,1,0.0,0.25,0.0,0.0,0,0,0,0,0,0,7
mukerrer_veri_seti.csv,REC001937,REC001500,1,1,0,1,1,1,1,1.0,1,1,1,1.0,1,1,0.9259,0,1,1,1,1,1,1.0,1.0,1.0,1.0,1,1.0,1,1.0,1.0,1.0,1.0,1,1,1,0,0,0,7
mukerrer_veri_seti.csv,REC001747,REC000585,0,0,1,1,0,0,0,0.14,1,0,0,0.3704,0,0,0.6643,0,1,1,0,0,0,0.5455,0.5455,0.5,0.5714,1,0.3713,1,0.4722,0.4365,0.4722,0.4365,0,0,0,0,0,0,7
mukerrer_veri_seti.csv,REC001949,REC001704,0,0,1,1,0,0,0,0.28,1,0,0,0.1,1,1,1.0,0,1,1,0,0,0,0.4481,0.4481,0.0,0.1,1,0.1657,1,0.2,0.0,0.0,0.0,0,0,0,0,0,0,7
mukerrer_veri_seti.csv,REC001814,REC001267,0,0,1,1,0,0,0,0.28,1,0,0,0.56,0,0,0.7742,0,1,1,0,0,0,0.5301,0.5301,0.0,0.1538,1,0.523,1,0.4556,0.4111,0.4556,0.4111,0,0,0,0,0,0,7
mukerrer_veri_seti.csv,REC001261,REC000357,0,0,1,1,0,0,0,0.42,1,0,0,0.3478,0,0,0.6859,0,1,1,0,0,0,0.6364,0.6364,0.3916,0.1818,1,0.3601,1,0.7833,0.4556,0.7833,0.4556,0,0,0,0,0,0,7
mukerrer_veri_seti.csv,REC000518,REC000106,0,0,1,1,0,0,0,0.35,1,0,0,0.3478,0,0,0.7797,0,1,1,1,0,1,0.951,0.951,0.5,0.6923,1,0.3533,1,1.0,0.5833,1.0,0.5833,1,0,0,0,0,0,7
mukerrer_veri_seti.csv,REC000956,REC001195,1,1,0,1,1,1,1,1.0,1,1,1,1.0,1,1,1.0,0,1,1,1,1,1,1.0,1.0,1.0,1.0,1,1.0,1,1.0,1.0,1.0,1.0,1,1,1,0,0,0,7
mukerrer_veri_seti.csv,REC001269,REC000082,0,0,1,1,0,0,0,0.21,1,0,0,0.1739,1,1,0.9791,0,1,1,0,0,0,0.59,0.59,0.0,0.1,1,0.2106,1,0.52,0.5278,0.52,0.5278,0,0,0,0,0,0,7
mukerrer_veri_seti.csv,REC000872,REC001952,0,0,1,1,0,0,0,0.21,1,0,0,0.1739,0,0,0.663,0,1,1,0,0,0,0.468,0.468,0.0,0.0909,1,0.2274,1,0.2857,0.1818,0.0,0.0,0,0,0,0,0,0,7
mukerrer_veri_seti.csv,REC001449,REC001953,1,1,0,1,1,1,1,1.0,1,1,1,1.0,1,1,0.9183,0,1,1,1,1,1,1.0,1.0,1.0,1.0,1,1.0,1,1.0,1.0,1.0,1.0,1,1,1,0,0,0,7
mukerrer_veri_seti.csv,REC000535,REC000648,0,0,1,1,0,0,0,0.28,1,0,0,0.4,1,1,0.9783,0,1,1,0,0,0,0.5579,0.5579,0.0,0.3077,1,0.3388,1,0.5619,0.6,0.5619,0.6,0,0,0,0,0,0,7
mukerrer_veri_seti.csv,REC000023,REC000685,1,0,0,0,1,1,1,1.0,1,1,1,1.0,1,1,1.0,0,1,1,1,1,1,1.0,1.0,1.0,1.0,1,1.0,1,1.0,1.0,1.0,1.0,1,1,1,0,0,0,6
mukerrer_veri_seti.csv,REC000486,REC000657,1,1,0,1,1,1,1,1.0,1,1,1,1.0,1,1,1.0,0,1,1,1,1,1,1.0,1.0,1.0,1.0,1,1.0,1,1.0,1.0,1.0,1.0,1,1,1,0,0,0,7
mukerrer_veri_seti.csv,REC000865,REC001210,0,0,1,1,0,0,0,0.28,1,0,0,0.1739,0,0,0.6267,0,1,1,0,0,0,0.5076,0.5076,0.0,0.1667,1,0.2023,1,0.4667,0.0,0.4667,0.0,0,0,0,0,0,0,7
mukerrer_veri_seti.csv,REC001967,REC000364,1,1,0,1,1,1,1,1.0,1,1,1,1.0,1,1,1.0,0,1,1,1,1,1,1.0,1.0,1.0,1.0,1,1.0,1,1.0,1.0,1.0,1.0,1,1,1,0,0,0,7
mukerrer_veri_seti.csv,REC000760,REC001789,1,1,0,1,1,1,1,1.0,1,1,1,1.0,1,1,0.9183,0,1,1,1,1,1,1.0,1.0,1.0,1.0,1,1.0,1,1.0,1.0,1.0,1.0,1,1,1,0,0,0,7
mukerrer_veri_seti.csv,REC000146,REC000015,0,0,1,1,0,0,0,0.28,1,0,0,0.3333,0,0,0.7704,0,1,1,0,0,0,0.6643,0.6643,0.3543,0.4667,1,0.3456,1,0.7086,0.6357,0.7086,0.6357,0,0,0,0,0,0,7
mukerrer_veri_seti.csv,REC001910,REC000713,1,1,0,1,1,1,1,1.0,1,1,1,1.0,1,1,1.0,0,1,1,1,1,1,1.0,1.0,1.0,1.0,1,1.0,1,1.0,1.0,1.0,1.0,1,1,1,0,0,0,7
mukerrer_veri_seti.csv,REC000513,REC000279,1,1,0,1,1,1,1,1.0,1,1,1,1.0,1,1,1.0,0,1,1,1,1,1,0.98,0.98,0.9625,0.8,1,1.0,1,1.0,0.925,1.0,0.925,1,0,1,0,0,0,7
mukerrer_veri_seti.csv,REC000646,REC000030,1,0,0,0,1,1,1,1.0,1,0,0,0.0,1,1,0.0,0,1,1,1,1,1,1.0,1.0,1.0,1.0,1,0.0,0,1.0,1.0,1.0,1.0,1,1,1,0,0,0,4
mukerrer_veri_seti.csv,REC000907,REC000650,0,0,1,1,0,0,0,0.28,1,0,0,0.0833,0,0,0.8326,0,1,1,0,0,0,0.463,0.463,0.0,0.1667,1,0.1567,1,0.4556,0.0,0.4556,0.0,0,0,0,0,0,0,7
mukerrer_veri_seti.csv,REC000378,REC001138,0,0,1,1,0,0,0,0.28,1,0,0,0.2857,0,0,0.6699,0,1,1,0,0,0,0.6494,0.6494,0.3535,0.3333,1,0.2917,1,0.7071,0.5619,0.7071,0.5619,0,0,0,0,0,0,7
mukerrer_veri_seti.csv,REC001434,REC001867,1,1,0,1,1,1,1,1.0,1,1,1,1.0,1,1,1.0,0,1,1,1,1,1,1.0,1.0,1.0,1.0,1,1.0,1,1.0,1.0,1.0,1.0,1,1,1,0,0,0,7
mukerrer_veri_seti.csv,REC001048,REC001242,0,0,1,1,0,0,0,0.28,1,0,0,0.1481,1,1,0.9845,0,1,1,0,0,0,0.4797,0.4797,0.0,0.0769,1,0.1519,1,0.4476,0.2,0.4476,0.0,0,0,0,0,0,0,7
mukerrer_veri_seti.csv,REC000702,REC000359,1,1,0,1,1,1,1,1.0,1,1,1,1.0,1,1,1.0,0,1,1,1,1,1,1.0,1.0,1.0,1.0,1,1.0,1,1.0,1.0,1.0,1.0,1,1,1,0,0,0,7
mukerrer_veri_seti.csv,REC001163,REC000622,1,1,0,1,1,1,1,1.0,1,1,1,1.0,1,1,1.0,0,1,1,1,1,1,1.0,1.0,1.0,1.0,1,1.0,1,1.0,1.0,1.0,1.0,1,1,1,0,0,0,7
mukerrer_veri_seti.csv,REC000599,REC000112,0,0,1,1,0,0,0,0.21,1,0,0,0.5,1,1,0.7119,0,1,1,0,0,0,0.7399,0.7399,0.5,0.5833,1,0.49,1,0.4556,1.0,0.4556,1.0,0,1,0,0,0,1,7
mukerrer_veri_seti.csv,REC000319,REC001974,0,0,1,1,0,0,0,0.42,1,0,0,0.5,0,0,0.5926,0,1,1,0,0,0,0.5516,0.5516,0.3611,0.2857,1,0.49,1,0.4556,0.6583,0.4556,0.6583,0,0,0,0,0,0,7
mukerrer_veri_seti.csv,REC000690,REC001564,0,0,1,1,0,0,0,0.28,1,0,0,0.1667,0,0,0.6499,0,1,1,0,0,0,0.503,0.503,0.5,0.6364,1,0.2233,1,0.4667,0.2,0.4667,0.0,0,0,0,0,0,0,7
mukerrer_veri_seti.csv,REC000756,REC000525,0,0,1,1,0,0,0,0.21,1,0,0,0.1538,1,1,0.9724,0,1,1,0,0,0,0.5579,0.5579,0.0,0.2308,1,0.2431,1,0.4476,0.4667,0.4476,0.4667,0,0,0,0,0,0,7
mukerrer_veri_seti.csv,REC001719,REC000677,0,0,1,1,0,0,0,0.28,1,0,0,0.3,1,1,0.5651,0,1,1,0,0,0,0.4242,0.4242,0.0,0.2727,1,0.2567,1,0.4667,0.0,0.4667,0.0,0,0,0,0,0,0,7
mukerrer_veri_seti.csv,REC000853,REC000243,0,0,1,1,0,0,0,0.14,1,0,0,0.069,1,1,0.9849,0,1,1,0,0,0,0.3761,0.3761,0.0,0.1538,1,0.1499,1,0.4476,0.0,0.4476,0.0,0,0,0,0,0,0,7
mukerrer_veri_seti.csv,REC001345,REC000676,1,1,0,1,1,1,1,1.0,1,1,1,1.0,1,1,1.0,0,1,1,1,1,1,1.0,1.0,1.0,1.0,1,1.0,1,1.0,1.0,1.0,1.0,1,1,1,0,0,0,7
mukerrer_veri_seti.csv,REC000652,REC001838,1,1,0,1,1,1,1,1.0,1,1,1,1.0,1,1,1.0,0,1,1,1,1,1,1.0,1.0,1.0,1.0,1,1.0,1,1.0,1.0,1.0,1.0,1,1,1,0,0,0,7
mukerrer_veri_seti.csv,REC000443,REC000911,1,1,0,1,1,1,1,1.0,1,1,1,1.0,1,1,1.0,0,1,1,0,0,0,0.7333,0.7333,0.6667,0.7,1,1.0,1,0.9048,1.0,0.9048,1.0,0,1,1,0,0,1,7
mukerrer_veri_seti.csv,REC001684,REC000470,0,0,1,1,0,0,0,0.42,1,0,0,0.5,0,0,0.698,0,1,1,0,0,0,0.5697,0.5697,0.0,0.2727,1,0.475,1,0.6333,0.4556,0.6333,0.4556,0,0,0,0,0,0,7
mukerrer_veri_seti.csv,REC000260,REC000029,0,0,1,1,0,0,0,0.28,1,0,0,0.3077,0,0,0.6496,0,1,1,0,0,0,0.7215,0.7215,0.5,0.5385,1,0.3251,1,0.4556,1.0,0.4556,1.0,0,1,0,0,0,1,7
mukerrer_veri_seti.csv,REC000450,REC001141,0,0,1,1,0,0,0,0.21,1,0,0,0.4167,0,0,0.628,0,1,1,0,0,0,0.5664,0.5664,0.0,0.1818,1,0.419,1,0.56,0.4556,0.56,0.4556,0,0,0,0,0,0,7
mukerrer_veri_seti.csv,REC001654,REC001938,0,0,1,1,0,0,0,0.21,1,0,0,0.4167,0,0,0.7195,0,1,1,0,0,0,0.5,0.5,0.5,0.5385,1,0.3863,1,0.5778,0.0,0.5778,0.0,0,0,0,0,0,0,7
mukerrer_veri_seti.csv,REC001864,REC001585,1,0,0,0,1,1,1,1.0,1,0,0,0.0,1,1,1.0,0,1,1,1,1,1,1.0,1.0,1.0,1.0,1,0.0,0,1.0,1.0,1.0,1.0,1,1,1,0,0,0,5
mukerrer_veri_seti.csv,REC000269,REC001865,0,0,1,1,0,0,0,0.21,1,0,0,0.2727,0,0,0.6316,0,1,1,1,0,1,0.8545,0.8545,0.5,0.6364,1,0.3382,1,1.0,0.4667,1.0,0.4667,1,0,0,0,0,0,7
mukerrer_veri_seti.csv,REC000472,REC001135,0,0,1,1,0,0,0,0.28,1,0,0,0.2069,1,1,0.9929,0,1,1,0,0,0,0.45,0.45,0.0,0.1333,1,0.2489,1,0.1538,0.4476,0.0,0.4476,0,0,0,0,0,0,7
mukerrer_veri_seti.csv,REC001826,REC000983,1,1,0,1,1,1,1,1.0,1,0,0,0.0,1,1,1.0,0,1,1,1,1,1,1.0,1.0,1.0,1.0,1,0.0,0,1.0,1.0,1.0,1.0,1,1,1,0,0,0,6
mukerrer_veri_seti.csv,REC000361,REC000449,0,0,1,1,0,0,0,0.21,1,0,0,0.5263,0,0,0.6107,0,1,1,0,0,0,0.5444,0.5444,0.3611,0.2,1,0.4782,1,0.4833,0.5111,0.4833,0.5111,0,0,0,0,0,0,7
mukerrer_veri_seti.csv,REC000769,REC001268,0,0,1,1,0,0,0,0.42,1,0,0,0.4,0,0,0.6655,0,1,1,0,0,0,0.74,0.74,0.5,0.5,1,0.395,1,0.4667,1.0,0.4667,1.0,0,1,0,0,0,1,7
mukerrer_veri_seti.csv,REC000159,REC000901,0,0,1,1,0,0,0,0.35,1,0,0,0.6667,0,0,0.6914,0,1,1,0,0,0,0.5574,0.5574,0.0,0.25,1,0.6233,1,0.4722,0.2222,0.4722,0.0,0,0,0,0,0,0,7
mukerrer_veri_seti.csv,REC000388,REC001086,1,1,0,1,1,1,1,1.0,1,0,1,0.9474,1,1,1.0,0,1,1,1,1,1,1.0,1.0,1.0,1.0,1,0.9579,1,1.0,1.0,1.0,1.0,1,1,1,0,0,0,7
mukerrer_veri_seti.csv,REC000663,REC000916,1,1,0,1,1,1,1,1.0,1,0,0,1.0,1,1,1.0,0,1,1,1,1,1,1.0,1.0,1.0,1.0,1,0.8947,1,1.0,1.0,1.0,1.0,1,1,1,0,0,0,7
mukerrer_veri_seti.csv,REC001446,REC001130,0,0,1,1,0,0,0,0.35,1,0,0,0.2727,0,0,0.7319,0,1,1,1,0,1,0.9,0.9,0.5,0.6667,1,0.2498,1,1.0,0.25,1.0,0.0,1,0,0,0,0,0,7
mukerrer_veri_seti.csv,REC000654,REC001514,1,1,0,1,1,1,1,1.0,1,1,1,1.0,1,1,0.6108,0,1,1,1,1,1,1.0,1.0,1.0,1.0,1,1.0,1,1.0,1.0,1.0,1.0,1,1,1,0,0,0,7
mukerrer_veri_seti.csv,REC001665,REC000297,1,1,0,1,1,1,1,1.0,1,1,1,1.0,1,1,1.0,0,1,1,1,1,1,1.0,1.0,1.0,0.6316,1,1.0,1,1.0,1.0,1.0,1.0,1,1,1,0,0,0,7
mukerrer_veri_seti.csv,REC001477,REC001833,0,0,1,1,0,0,0,0.35,1,0,0,0.1905,0,0,0.6281,0,1,1,0,0,0,0.4606,0.4606,0.0,0.0909,1,0.2936,1,0.4833,0.0,0.4833,0.0,0,0,0,0,0,0,7
mukerrer_veri_seti.csv,REC001216,REC000312,1,1,0,1,1,1,1,1.0,1,1,1,1.0,1,1,0.9269,0,1,1,1,1,1,1.0,1.0,1.0,1.0,1,1.0,1,1.0,1.0,1.0,1.0,1,1,1,0,0,0,7
mukerrer_veri_seti.csv,REC000080,REC000784,0,0,1,1,0,0,0,0.21,1,0,0,0.381,0,0,0.7028,0,1,1,0,0,0,0.8659,0.8659,0.5,0.6364,1,0.3729,1,1.0,0.6,1.0,0.6,1,0,0,0,0,0,7
mukerrer_veri_seti.csv,REC001037,REC000437,0,0,1,1,0,0,0,0.14,1,0,0,0.3077,0,0,0.6664,0,1,1,0,0,0,0.8538,0.8538,0.5,0.5,1,0.3873,1,1.0,0.4111,1.0,0.4111,1,0,0,0,0,0,7
mukerrer_veri_seti.csv,REC000461,REC000508,0,0,1,1,0,0,0,0.21,1,0,0,0.24,0,0,0.6943,0,1,1,0,0,0,0.5498,0.5498,0.0,0.2143,1,0.2634,1,0.5619,0.4556,0.5619,0.4556,0,0,0,0,0,0,7
mukerrer_veri_seti.csv,REC001546,REC001201,0,0,1,1,0,0,0,0.21,1,0,0,0.2609,0,0,0.75,0,1,1,0,0,0,0.5926,0.5926,0.3533,0.0833,1,0.3192,1,0.4722,0.7067,0.4722,0.7067,0,0,0,0,0,0,7
mukerrer_veri_seti.csv,REC001951,REC001092,0,0,1,1,0,0,0,0.35,1,0,0,0.1538,0,0,0.6298,0,1,1,0,0,0,0.5581,0.5581,0.0,0.0909,1,0.2494,1,0.2,0.4667,0.0,0.4667,0,0,0,0,0,0,7
mukerrer_veri_seti.csv,REC000932,REC001608,0,0,1,1,0,0,0,0.21,1,0,0,0.24,0,0,0.5641,0,1,1,0,0,0,0.5996,0.5996,0.5,0.4286,1,0.282,1,0.4417,1.0,0.4417,1.0,0,1,0,0,0,1,7
mukerrer_veri_seti.csv,REC001846,REC001000,0,0,1,1,0,0,0,0.28,1,0,0,0.24,0,0,0.7586,0,1,1,0,0,0,0.4321,0.4321,0.0,0.1538,1,0.2096,1,0.4667,0.0,0.4667,0.0,0,0,0,0,0,0,7
mukerrer_veri_seti.csv,REC000020,REC000149,0,0,1,1,0,0,0,0.21,1,0,0,0.2069,1,1,0.6341,0,1,1,0,0,0,0.4911,0.4911,0.0,0.0714,1,0.2918,1,0.3333,0.3833,0.0,0.3833,0,0,0,0,0,0,7
mukerrer_veri_seti.csv,REC000642,REC000325,1,0,0,0,1,1,1,1.0,1,1,1,1.0,1,1,1.0,0,1,1,1,1,1,1.0,1.0,1.0,1.0,1,1.0,1,1.0,1.0,1.0,1.0,1,1,1,0,0,0,6
mukerrer_veri_seti.csv,REC001636,REC001742,1,1,0,1,1,1,1,1.0,1,1,1,1.0,1,1,1.0,0,1,1,1,1,1,1.0,1.0,1.0,1.0,1,1.0,1,1.0,1.0,1.0,1.0,1,1,1,0,0,0,7
mukerrer_veri_seti.csv,REC000924,REC001841,0,0,1,1,0,0,0,0.28,1,0,0,0.0714,0,0,0.6273,0,1,1,0,0,0,0.5246,0.5246,0.0,0.1429,1,0.1143,1,0.5619,0.4444,0.5619,0.4444,0,0,0,0,0,0,7
mukerrer_veri_seti.csv,REC000563,REC000490,0,0,1,1,0,0,0,0.35,1,0,0,0.4167,0,0,0.6983,0,1,1,0,0,0,0.5556,0.5556,0.0,0.1667,1,0.3667,1,0.6429,0.4833,0.6429,0.4833,0,0,0,0,0,0,7
mukerrer_veri_seti.csv,REC000548,REC001543,1,0,1,1,1,1,1,1.0,1,1,1,1.0,1,1,1.0,0,1,1,1,0,1,0.74,0.74,0.6667,0.6842,1,1.0,1,1.0,1.0,1.0,1.0,1,1,1,0,0,1,7
mukerrer_veri_seti.csv,REC001120,REC000035,1,0,0,0,1,1,1,1.0,1,1,1,1.0,1,1,0.0,0,1,1,1,1,1,1.0,1.0,1.0,1.0,1,1.0,1,1.0,1.0,1.0,1.0,1,1,1,0,0,0,5
mukerrer_veri_seti.csv,REC001607,REC000498,0,0,1,1,0,0,0,0.28,1,0,0,0.0769,0,0,0.7302,0,1,1,0,0,0,0.5707,0.5707,0.5,0.5,1,0.1434,1,0.0,1.0,0.0,1.0,0,1,0,0,0,1,7
mukerrer_veri_seti.csv,REC000748,REC001709,0,0,1,1,0,0,0,0.28,1,0,0,0.1429,1,1,0.7429,0,1,1,0,0,0,0.3847,0.3847,0.0,0.125,1,0.1857,1,0.1818,0.0,0.0,0.0,0,0,0,0,0,0,7
mukerrer_veri_seti.csv,REC000352,REC001632,1,1,0,1,1,1,1,1.0,1,1,1,1.0,1,1,1.0,0,1,1,1,0,1,0.74,0.74,0.6667,0.6875,1,1.0,1,1.0,1.0,1.0,1.0,1,1,1,0,0,1,7
mukerrer_veri_seti.csv,REC000249,REC000511,0,0,1,1,0,0,0,0.28,1,0,0,0.32,0,0,0.6539,0,1,1,0,0,0,0.6909,0.6909,0.0,0.2308,1,0.3515,1,0.6357,0.6655,0.6357,0.6655,0,0,0,0,0,0,7
mukerrer_veri_seti.csv,REC000591,REC000475,0,0,1,1,0,0,0,0.28,1,0,0,0.3478,0,0,0.6471,0,1,1,0,0,0,0.5333,0.5333,0.5,0.6,1,0.3533,1,0.0,0.6333,0.0,0.6333,0,0,0,0,0,0,7
mukerrer_veri_seti.csv,REC000247,REC000700,1,1,0,1,1,1,1,1.0,1,1,1,1.0,1,1,0.9133,0,1,1,1,1,1,1.0,1.0,1.0,1.0,1,1.0,1,1.0,1.0,1.0,1.0,1,1,1,0,0,0,7
mukerrer_veri_seti.csv,REC001631,REC000241,1,1,0,1,1,1,1,1.0,1,1,1,1.0,1,1,1.0,0,1,1,1,1,1,1.0,1.0,1.0,1.0,1,1.0,1,1.0,1.0,1.0,1.0,1,1,1,0,0,0,7
mukerrer_veri_seti.csv,REC001521,REC000220,0,0,1,1,0,0,0,0.35,1,0,0,0.1818,0,0,0.6634,0,1,1,0,0,0,0.5152,0.5152,0.0,0.0909,1,0.2273,1,0.4833,0.1818,0.4833,0.0,0,0,0,0,0,0,7
mukerrer_veri_seti.csv,REC000333,REC001650,0,0,1,1,0,0,0,0.28,1,0,0,0.3333,1,1,0.9871,0,1,1,0,0,0,0.6474,0.6474,0.3746,0.4615,1,0.3381,1,0.4667,0.7492,0.4667,0.7492,0,0,0,0,0,0,7
mukerrer_veri_seti.csv,REC001922,REC001722,0,0,1,1,0,0,0,0.21,1,0,0,0.32,0,0,0.6464,0,1,1,0,0,0,0.4545,0.4545,0.0,0.0909,1,0.356,1,0.4833,0.0,0.4833,0.0,0,0,0,0,0,0,7
mukerrer_veri_seti.csv,REC001584,REC000467,0,0,1,1,0,0,0,0.28,1,0,0,0.4348,0,0,0.8319,0,1,1,0,0,0,0.5657,0.5657,0.4,0.4167,1,0.4312,1,0.4833,0.5556,0.4833,0.5556,0,0,0,0,0,0,7
mukerrer_veri_seti.csv,REC001834,REC001125,1,1,0,1,1,1,1,1.0,1,1,1,1.0,1,1,1.0,0,1,1,1,1,1,1.0,1.0,1.0,1.0,1,1.0,1,1.0,1.0,1.0,1.0,1,1,1,0,0,0,7
mukerrer_veri_seti.csv,REC000879,REC000609,0,0,1,1,0,0,0,0.21,1,0,0,0.3333,0,0,0.6337,0,1,1,0,0,0,0.5821,0.5821,0.35,0.3077,1,0.3772,1,0.5778,0.5778,0.5778,0.5778,0,0,0,0,0,0,7
mukerrer_veri_seti.csv,REC001706,REC000833,0,0,1,1,0,0,0,0.21,1,0,0,0.4444,0,0,0.6406,0,1,1,0,0,0,0.3901,0.3901,0.0,0.1538,1,0.4438,1,0.4556,0.0,0.4556,0.0,0,0,0,0,0,0,7
mukerrer_veri_seti.csv,REC001744,REC001580,0,0,1,1,0,0,0,0.28,1,0,0,0.16,0,0,0.7542,0,1,1,0,0,0,0.8439,0.8439,0.5,0.5833,1,0.218,1,1.0,0.4556,1.0,0.4556,1,0,0,0,0,0,7
mukerrer_veri_seti.csv,REC000028,REC001657,1,1,0,1,1,1,1,1.0,1,1,1,1.0,1,1,1.0,0,1,1,1,1,1,1.0,1.0,1.0,1.0,1,1.0,1,1.0,1.0,1.0,1.0,1,1,1,0,0,0,7
mukerrer_veri_seti.csv,REC000191,REC000036,0,0,1,1,0,0,0,0.35,1,0,0,0.16,1,1,0.9862,0,1,1,0,0,0,0.4949,0.4949,0.0,0.0769,1,0.1754,1,0.1667,0.4833,0.0,0.4833,0,0,0,0,0,0,7
mukerrer_veri_seti.csv,REC001502,REC000468,1,1,0,1,1,1,1,1.0,1,1,1,1.0,1,1,1.0,0,1,1,1,1,1,1.0,1.0,1.0,1.0,1,1.0,1,1.0,1.0,1.0,1.0,1,1,1,0,0,0,7
mukerrer_veri_seti.csv,REC000962,REC000583,0,0,1,1,0,0,0,0.21,1,0,0,0.4545,0,0,0.6271,0,1,1,0,0,0,0.3914,0.3914,0.0,0.0833,1,0.4351,1,0.0,0.0,0.0,0.0,0,0,0,0,0,0,7
mukerrer_veri_seti.csv,REC000697,REC000866,0,0,1,1,0,0,0,0.21,1,0,0,0.25,0,0,0.6656,0,1,1,0,0,0,0.5,0.5,0.5,0.4615,1,0.2857,1,0.1667,0.4556,0.0,0.4556,0,0,0,0,0,0,7
mukerrer_veri_seti.csv,REC000070,REC000870,1,0,1,1,1,1,1,1.0,1,1,1,1.0,1,1,1.0,0,1,1,0,0,0,0.74,0.74,0.6667,0.6,1,1.0,1,1.0,1.0,1.0,1.0,1,1,1,0,0,1,7
mukerrer_veri_seti.csv,REC000643,REC001532,0,0,1,1,0,0,0,0.28,1,0,0,0.3478,1,1,0.6615,0,1,1,0,0,0,0.6364,0.6364,0.0,0.2727,1,0.2959,1,0.4833,0.5778,0.4833,0.5778,0,0,0,0,0,0,7
mukerrer_veri_seti.csv,REC000060,REC001647,0,0,1,1,0,0,0,0.28,1,0,0,0.1818,0,0,0.5767,0,1,1,0,0,0,0.5818,0.5818,0.5,0.4545,1,0.2288,1,0.55,0.4722,0.55,0.4722,0,0,0,0,0,0,7
mukerrer_veri_seti.csv,REC000532,REC001447,1,1,0,1,1,1,1,1.0,1,1,1,1.0,1,1,1.0,0,1,1,1,0,1,0.9111,0.9111,0.6667,0.5556,1,1.0,1,1.0,0.5619,1.0,0.5619,1,0,1,0,0,0,7
mukerrer_veri_seti.csv,REC001724,REC000612,0,0,1,1,0,0,0,0.28,1,0,0,0.25,0,0,0.7387,0,1,1,0,0,0,0.7152,0.7152,0.5,0.5455,1,0.2789,1,0.4556,1.0,0.4556,1.0,0,1,0,0,0,1,7
mukerrer_veri_seti.csv,REC001159,REC000836,1,1,0,1,1,1,1,1.0,1,1,1,1.0,1,1,0.924,0,1,1,1,1,1,1.0,1.0,1.0,1.0,1,1.0,1,1.0,1.0,1.0,1.0,1,1,1,0,0,0,7
mukerrer_veri_seti.csv,REC001527,REC000794,1,1,0,1,1,1,1,1.0,1,1,1,1.0,1,1,1.0,0,1,1,1,1,1,1.0,1.0,1.0,1.0,1,1.0,1,1.0,1.0,1.0,1.0,1,1,1,0,0,0,7
mukerrer_veri_seti.csv,REC000693,REC000132,0,0,1,1,0,0,0,0.28,1,0,0,0.1905,0,0,0.5941,0,1,1,0,0,0,0.48,0.48,0.0,0.2,1,0.2406,1,0.535,0.0,0.535,0.0,0,0,0,0,0,0,7
mukerrer_veri_seti.csv,REC001386,REC000210,0,0,1,1,0,0,0,0.21,1,0,0,0.1739,1,1,0.6678,0,1,1,0,0,0,0.4556,0.4556,0.0,0.1667,1,0.2339,1,0.4556,0.0,0.4556,0.0,0,0,0,0,0,0,7
mukerrer_veri_seti.csv,REC000254,REC001637,1,1,0,1,1,1,1,1.0,1,1,1,1.0,1,1,1.0,0,1,1,1,1,1,1.0,1.0,1.0,1.0,1,1.0,1,1.0,1.0,1.0,1.0,1,1,1,0,0,0,7
mukerrer_veri_seti.csv,REC000683,REC001245,1,1,0,1,1,1,1,1.0,1,1,1,1.0,1,1,1.0,0,1,1,1,0,1,0.74,0.74,0.6667,0.7059,1,1.0,1,1.0,1.0,1.0,1.0,1,1,1,0,0,1,7
mukerrer_veri_seti.csv,REC000524,REC001939,1,1,0,1,1,1,1,1.0,1,0,0,1.0,1,1,1.0,0,1,1,1,1,1,1.0,1.0,1.0,1.0,1,0.8571,1,1.0,1.0,1.0,1.0,1,1,1,0,0,0,7
mukerrer_veri_seti.csv,REC000188,REC001265,1,0,0,0,1,1,1,1.0,1,1,1,1.0,1,1,1.0,0,1,1,1,0,1,0.9556,0.9556,0.9416,0.8889,1,1.0,1,1.0,0.8833,1.0,0.8833,1,0,1,0,0,0,6
mukerrer_veri_seti.csv,REC001094,REC000351,0,0,1,1,0,0,0,0.35,1,0,0,0.3478,0,0,0.6599,0,1,1,0,0,0,0.6111,0.6111,0.0,0.3333,1,0.3572,1,0.6,0.5556,0.6,0.5556,0,0,0,0,0,0,7
mukerrer_veri_seti.csv,REC001025,REC000913,1,0,0,0,1,1,1,1.0,1,1,1,1.0,1,1,1.0,0,1,1,0,1,1,0.9584,0.9584,0.9584,0.75,1,1.0,1,0.9167,1.0,0.9167,1.0,0,1,1,0,0,0,6
mukerrer_veri_seti.csv,REC000014,REC001781,0,0,1,1,0,0,0,0.49,1,0,0,0.1818,1,1,0.7377,0,1,1,0,0,0,0.4848,0.4848,0.0,0.2727,1,0.1788,1,0.4833,0.4667,0.4833,0.4667,0,0,0,0,0,0,7
mukerrer_veri_seti.csv,REC000063,REC000936,1,1,0,1,1,1,1,1.0,1,1,1,1.0,1,1,1.0,0,1,1,1,1,1,1.0,1.0,1.0,0.6316,1,1.0,1,1.0,1.0,1.0,1.0,1,1,1,0,0,0,7
mukerrer_veri_seti.csv,REC000968,REC001896,1,1,0,1,1,1,1,1.0,1,1,1,1.0,1,1,0.9183,0,1,1,1,1,1,1.0,1.0,1.0,1.0,1,1.0,1,1.0,1.0,1.0,1.0,1,1,1,0,0,0,7
mukerrer_veri_seti.csv,REC001944,REC001539,0,0,1,1,0,0,0,0.28,1,0,0,0.16,1,1,0.7879,0,1,1,0,0,0,0.5364,0.5364,0.0,0.0,1,0.1456,1,0.4556,0.2222,0.4556,0.0,0,0,0,0,0,0,7
mukerrer_veri_seti.csv,REC001416,REC001661,0,0,1,1,0,0,0,0.21,1,0,0,0.087,1,1,0.7357,0,1,1,0,0,0,0.4924,0.4924,0.0,0.0909,1,0.1514,1,0.4833,0.4556,0.4833,0.4556,0,0,0,0,0,0,7
mukerrer_veri_seti.csv,REC001377,REC000874,0,0,1,1,0,0,0,0.21,1,0,0,0.4762,0,0,0.6033,0,1,1,0,0,0,0.4481,0.4481,0.0,0.3,1,0.4441,1,0.0,0.6,0.0,0.6,0,0,0,0,0,0,7
mukerrer_veri_seti.csv,REC001776,REC001036,0,0,1,1,0,0,0,0.28,1,0,0,0.5714,0,0,0.7277,0,1,1,0,0,0,0.5152,0.5152,0.5,0.5455,1,0.5835,1,0.4667,0.4667,0.4667,0.4667,0,0,0,0,0,0,7
mukerrer_veri_seti.csv,REC001372,REC000419,0,0,1,1,0,0,0,0.28,1,0,0,0.1739,1,1,0.7485,0,1,1,0,0,0,0.5152,0.5152,0.0,0.1818,1,0.1558,1,0.4667,0.4667,0.4667,0.4667,0,0,0,0,0,0,7
mukerrer_veri_seti.csv,REC001857,REC000686,1,1,0,1,1,1,1,1.0,1,1,1,1.0,1,1,1.0,0,1,1,1,1,1,1.0,1.0,1.0,1.0,1,1.0,1,1.0,1.0,1.0,1.0,1,1,1,0,0,0,7
mukerrer_veri_seti.csv,REC001099,REC000941,0,0,1,1,0,0,0,0.21,1,0,0,0.16,0,0,0.721,0,1,1,0,0,0,0.3914,0.3914,0.0,0.1667,1,0.2137,1,0.0,0.0,0.0,0.0,0,0,0,0,0,0,7
mukerrer_veri_seti.csv,REC001453,REC001626,1,1,0,1,1,1,1,1.0,1,1,1,1.0,1,1,1.0,0,1,1,1,1,1,1.0,1.0,1.0,1.0,1,1.0,1,1.0,1.0,1.0,1.0,1,1,1,0,0,0,7
mukerrer_veri_seti.csv,REC000162,REC000776,0,0,1,1,0,0,0,0.28,1,0,0,0.0952,1,1,0.9783,0,1,1,0,0,0,0.4007,0.4007,0.0,0.0909,1,0.1476,1,0.0,0.0,0.0,0.0,0,0,0,0,0,0,7
mukerrer_veri_seti.csv,REC000946,REC000278,0,0,1,1,0,0,0,0.35,1,0,0,0.2609,0,0,0.6567,0,1,1,0,0,0,0.5076,0.5076,0.3666,0.25,1,0.2987,1,0.4667,0.4556,0.4667,0.4556,0,0,0,0,0,0,7
mukerrer_veri_seti.csv,REC000991,REC001260,0,0,1,1,0,0,0,0.35,1,0,1,0.2105,1,1,0.9758,0,1,1,0,0,0,0.4242,0.4242,0.0,0.1818,1,0.3684,1,0.4667,0.0,0.4667,0.0,0,0,0,0,0,0,7
mukerrer_veri_seti.csv,REC000370,REC000631,1,1,0,1,1,1,1,1.0,1,1,1,1.0,1,1,1.0,0,1,1,0,0,0,0.74,0.74,0.6667,0.5714,1,1.0,1,0.6333,1.0,0.6333,1.0,0,1,1,0,1,1,7
mukerrer_veri_seti.csv,REC000896,REC000076,1,1,0,1,1,1,1,1.0,1,1,1,1.0,1,1,1.0,0,1,1,1,1,1,1.0,1.0,1.0,1.0,1,1.0,1,1.0,1.0,1.0,1.0,1,1,1,0,0,0,7
mukerrer_veri_seti.csv,REC001060,REC000898,0,0,1,1,0,0,0,0.28,1,0,1,0.48,0,0,0.6527,0,1,1,0,0,0,0.5076,0.5076,0.0,0.0833,1,0.584,1,0.2,0.4556,0.0,0.4556,0,0,0,0,0,0,7
mukerrer_veri_seti.csv,REC000077,REC001295,1,1,0,1,1,1,1,1.0,1,1,1,1.0,1,1,1.0,0,1,1,1,1,1,1.0,1.0,1.0,1.0,1,1.0,1,1.0,1.0,1.0,1.0,1,1,1,0,0,0,7
mukerrer_veri_seti.csv,REC000471,REC001387,1,1,0,1,1,1,1,1.0,1,1,1,1.0,1,1,1.0,0,1,1,1,1,1,1.0,1.0,1.0,1.0,1,1.0,1,1.0,1.0,1.0,1.0,1,1,1,0,0,0,7
mukerrer_veri_seti.csv,REC000863,REC001820,1,1,0,1,1,1,1,1.0,1,1,1,1.0,1,1,1.0,0,1,1,1,1,1,1.0,1.0,1.0,1.0,1,1.0,1,1.0,1.0,1.0,1.0,1,1,1,0,0,0,7
mukerrer_veri_seti.csv,REC000667,REC000358,1,1,0,1,1,1,1,1.0,1,1,1,1.0,1,1,0.9231,0,1,1,1,1,1,1.0,1.0,1.0,1.0,1,1.0,1,1.0,1.0,1.0,1.0,1,1,1,0,0,0,7
mukerrer_veri_seti.csv,REC001531,REC000163,1,0,0,0,1,1,1,1.0,1,1,1,1.0,1,1,1.0,0,1,1,1,1,1,1.0,1.0,1.0,1.0,1,1.0,1,1.0,1.0,1.0,1.0,1,1,1,0,0,0,6
mukerrer_veri_seti.csv,REC000386,REC000838,1,1,0,1,1,1,1,1.0,1,1,1,1.0,1,1,1.0,0,1,1,0,0,0,0.74,0.74,0.6667,0.6471,1,1.0,1,1.0,1.0,1.0,1.0,1,1,1,0,0,1,7
mukerrer_veri_seti.csv,REC001674,REC001445,1,1,0,1,1,1,1,1.0,1,1,1,1.0,1,1,1.0,0,1,1,1,1,1,1.0,1.0,1.0,1.0,1,1.0,1,1.0,1.0,1.0,1.0,1,1,1,0,0,0,7
mukerrer_veri_seti.csv,REC000199,REC000779,0,0,1,1,0,0,0,0.35,1,0,0,0.2857,0,0,0.6308,0,1,1,0,0,0,0.64,0.64,0.0,0.2,1,0.3549,1,0.535,0.6333,0.535,0.6333,0,0,0,0,0,0,7
mukerrer_veri_seti.csv,REC000296,REC000944,1,1,0,1,1,1,1,1.0,1,1,1,1.0,1,1,1.0,0,1,1,1,1,1,1.0,1.0,1.0,1.0,1,1.0,1,1.0,1.0,1.0,1.0,1,1,1,0,0,0,7
mukerrer_veri_seti.csv,REC000852,REC000955,0,0,1,1,0,0,0,0.35,1,0,0,0.2,1,1,0.8333,0,1,1,0,0,0,0.5463,0.5463,0.0,0.0,1,0.2418,1,0.5111,0.25,0.5111,0.0,0,0,0,0,0,0,7
mukerrer_veri_seti.csv,REC000124,REC001451,0,0,1,1,0,0,0,0.28,1,0,0,0.24,0,0,0.6592,0,1,1,0,0,0,0.675,0.675,0.0,0.1667,1,0.3332,1,0.64,0.6111,0.64,0.6111,0,0,0,0,0,0,7
mukerrer_veri_seti.csv,REC000438,REC000986,0,0,1,1,0,0,0,0.35,1,0,0,0.2857,0,0,0.7273,0,1,1,0,0,0,0.6111,0.6111,0.3666,0.0,1,0.3,1,0.7333,0.4444,0.7333,0.4444,0,0,0,0,0,0,7
mukerrer_veri_seti.csv,REC000276,REC000213,0,0,1,1,0,0,0,0.28,1,0,0,0.1739,1,1,0.9804,0,1,1,0,0,0,0.5045,0.5045,0.0,0.1818,1,0.2106,1,0.4667,0.4667,0.4667,0.4667,0,0,0,0,0,0,7
mukerrer_veri_seti.csv,REC000412,REC001413,0,0,1,1,0,0,0,0.21,1,0,0,0.2963,0,0,0.642,0,1,1,0,0,0,0.6117,0.6117,0.5,0.6429,1,0.3782,1,0.4556,1.0,0.4556,1.0,0,1,0,0,0,1,7
mukerrer_veri_seti.csv,REC001178,REC001714,1,1,0,1,1,1,1,1.0,1,1,1,1.0,1,1,1.0,0,1,1,0,0,0,0.9334,0.9334,0.9334,0.9167,1,1.0,1,0.8667,1.0,0.8667,1.0,0,1,1,0,0,0,7
mukerrer_veri_seti.csv,REC001855,REC001411,1,1,0,1,1,1,1,1.0,1,1,1,1.0,1,1,1.0,0,1,1,1,1,1,1.0,1.0,1.0,1.0,1,1.0,1,1.0,1.0,1.0,1.0,1,1,1,0,0,0,7
mukerrer_veri_seti.csv,REC000952,REC001061,0,0,1,1,0,0,0,0.35,1,0,0,0.25,0,0,0.6543,0,1,1,0,0,0,0.7136,0.7136,0.38,0.1667,1,0.3,1,0.76,0.5778,0.76,0.5778,0,0,0,0,0,0,7
mukerrer_veri_seti.csv,REC000708,REC000890,0,0,1,1,0,0,0,0.35,1,0,0,0.25,1,1,0.6215,0,1,1,0,0,0,0.3825,0.3825,0.0,0.2308,1,0.2571,1,0.0,0.4444,0.0,0.4444,0,0,0,0,0,0,7
mukerrer_veri_seti.csv,REC001251,REC000427,1,1,0,1,1,1,1,1.0,1,1,1,1.0,1,1,1.0,0,1,1,1,0,1,0.74,0.74,0.6667,0.6667,1,1.0,1,1.0,1.0,1.0,1.0,1,1,1,0,0,1,7
mukerrer_veri_seti.csv,REC000330,REC001718,1,1,0,1,1,1,1,1.0,1,0,0,0.0,1,1,1.0,0,1,1,1,1,1,1.0,1.0,1.0,1.0,1,0.0,0,1.0,1.0,1.0,1.0,1,1,1,0,0,0,6
mukerrer_veri_seti.csv,REC000933,REC000150,0,0,1,1,0,0,0,0.14,1,0,0,0.1818,1,1,0.5337,0,1,1,0,0,0,0.5278,0.5278,0.0,0.1667,1,0.2718,1,0.2,0.5,0.0,0.5,0,0,0,0,0,0,7
mukerrer_veri_seti.csv,REC000741,REC001765,0,0,1,1,0,0,0,0.28,1,0,0,0.24,0,0,0.6083,0,1,1,0,0,0,0.5,0.5,0.5,0.5,1,0.2096,1,0.2,0.0,0.0,0.0,0,0,0,0,0,0,7
mukerrer_veri_seti.csv,REC000013,REC001611,0,0,1,1,0,0,0,0.28,1,0,0,0.2727,1,1,0.9783,0,1,1,0,0,0,0.5848,0.5848,0.0,0.2727,1,0.2932,1,0.4667,0.6333,0.4667,0.6333,0,0,0,0,0,0,7
mukerrer_veri_seti.csv,REC001360,REC001051,1,1,0,1,1,1,1,1.0,1,1,1,1.0,1,1,1.0,0,1,1,1,0,1,0.74,0.74,0.6667,0.6471,1,1.0,1,1.0,1.0,1.0,1.0,1,1,1,0,0,1,7
mukerrer_veri_seti.csv,REC001871,REC000433,0,0,1,1,0,0,0,0.21,1,0,0,0.5714,0,0,0.6387,0,1,1,0,0,0,0.5778,0.5778,0.0,0.1667,1,0.4729,1,0.5,0.4476,0.5,0.4476,0,0,0,0,0,0,7
mukerrer_veri_seti.csv,REC000980,REC001563,1,0,0,0,1,1,1,1.0,1,1,1,1.0,1,1,0.0,0,1,1,1,1,1,1.0,1.0,1.0,1.0,1,1.0,1,1.0,1.0,1.0,1.0,1,1,1,0,0,0,5
mukerrer_veri_seti.csv,REC001194,REC001935,1,1,0,1,1,1,1,1.0,1,1,1,1.0,1,1,0.6902,0,1,1,1,1,1,1.0,1.0,1.0,1.0,1,1.0,1,1.0,1.0,1.0,1.0,1,1,1,0,0,0,7
mukerrer_veri_seti.csv,REC001696,REC000337,1,1,0,1,1,1,1,1.0,1,1,1,1.0,1,1,1.0,0,1,1,1,1,1,1.0,1.0,1.0,1.0,1,1.0,1,1.0,1.0,1.0,1.0,1,1,1,0,0,0,7
mukerrer_veri_seti.csv,REC000316,REC001363,1,1,0,1,1,1,1,1.0,1,1,1,1.0,1,1,1.0,0,1,1,1,0,1,0.9294,0.9294,0.6667,0.6471,1,1.0,1,1.0,0.0,1.0,0.0,1,0,1,0,0,0,7
mukerrer_veri_seti.csv,REC000607,REC000398,0,0,1,1,0,0,0,0.14,1,0,0,0.2308,0,0,0.7002,0,1,1,0,0,0,0.5922,0.5922,0.0,0.2143,1,0.2679,1,0.535,0.3611,0.535,0.3611,0,0,0,0,0,0,7
mukerrer_veri_seti.csv,REC001090,REC000038,1,0,1,1,1,1,1,1.0,1,1,1,1.0,1,1,1.0,0,1,1,1,0,1,0.74,0.74,0.6667,0.6,1,1.0,1,1.0,1.0,1.0,1.0,1,1,1,0,0,1,7
mukerrer_veri_seti.csv,REC001851,REC000172,0,0,1,1,0,0,0,0.21,1,0,0,0.2,1,1,0.7462,0,1,1,0,0,0,0.5194,0.5194,0.0,0.0909,1,0.25,1,0.1818,0.0,0.0,0.0,0,0,0,0,0,0,7
mukerrer_veri_seti.csv,REC001909,REC001161,1,0,0,0,1,1,1,1.0,1,1,1,1.0,1,1,1.0,0,1,1,1,1,1,1.0,1.0,1.0,1.0,1,1.0,1,1.0,1.0,1.0,1.0,1,1,1,0,0,0,6
mukerrer_veri_seti.csv,REC000101,REC000445,1,1,0,1,1,1,1,1.0,1,1,1,1.0,1,1,0.9231,0,1,1,1,1,1,1.0,1.0,1.0,1.0,1,1.0,1,1.0,1.0,1.0,1.0,1,1,1,0,0,0,7
mukerrer_veri_seti.csv,REC000926,REC001994,1,1,0,1,1,1,1,1.0,1,1,1,1.0,1,1,0.9412,0,1,1,1,1,1,1.0,1.0,1.0,1.0,1,1.0,1,1.0,1.0,1.0,1.0,1,1,1,0,0,0,7
mukerrer_veri_seti.csv,REC001880,REC000869,1,1,0,1,1,1,1,1.0,1,1,1,1.0,1,1,0.9218,0,1,1,1,1,1,1.0,1.0,1.0,1.0,1,1.0,1,1.0,1.0,1.0,1.0,1,1,1,0,0,0,7
mukerrer_veri_seti.csv,REC001720,REC000565,1,1,0,1,1,1,1,1.0,1,1,1,1.0,1,1,1.0,0,1,1,1,1,1,1.0,1.0,1.0,1.0,1,1.0,1,1.0,1.0,1.0,1.0,1,1,1,0,0,0,7
mukerrer_veri_seti.csv,REC000140,REC001219,0,0,1,1,0,0,0,0.21,1,0,1,0.1538,0,0,0.6303,0,1,1,0,0,0,0.5076,0.5076,0.0,0.0833,1,0.3231,1,0.6,0.0,0.6,0.0,0,0,0,0,0,0,7
mukerrer_veri_seti.csv,REC000864,REC001917,0,0,1,1,0,0,0,0.21,1,0,0,0.3478,0,0,0.6588,0,1,1,0,0,0,0.5,0.5,0.5,0.5,1,0.2949,1,0.373,0.4444,0.373,0.4444,0,0,0,0,0,0,7
mukerrer_veri_seti.csv,REC000384,REC001115,1,1,0,1,1,1,1,1.0,1,1,1,1.0,1,1,1.0,0,1,1,0,0,0,0.9444,0.9444,0.9334,0.9167,1,1.0,1,0.8667,1.0,0.8667,1.0,0,1,1,0,0,0,7
mukerrer_veri_seti.csv,REC000069,REC000743,1,1,0,1,1,1,1,1.0,1,0,1,0.9524,1,1,1.0,0,1,1,1,1,1,1.0,1.0,1.0,1.0,1,0.9619,1,1.0,1.0,1.0,1.0,1,1,1,0,0,0,7
mukerrer_veri_seti.csv,REC001829,REC001432,0,0,1,1,0,0,0,0.14,1,0,0,0.6897,0,0,0.6396,0,1,1,0,0,0,0.3846,0.3846,0.0,0.2857,1,0.6232,1,0.4476,0.0,0.4476,0.0,0,0,0,0,0,0,7
mukerrer_veri_seti.csv,REC001715,REC000355,1,1,0,1,1,1,1,1.0,1,1,1,1.0,1,1,1.0,0,1,1,1,1,1,1.0,1.0,1.0,1.0,1,1.0,1,1.0,1.0,1.0,1.0,1,1,1,0,0,0,7
mukerrer_veri_seti.csv,REC001011,REC001044,0,0,1,1,0,0,0,0.28,1,0,0,0.0952,0,0,0.7213,0,1,1,0,0,0,0.4556,0.4556,0.0,0.0833,1,0.1716,1,0.25,0.0,0.0,0.0,0,0,0,0,0,0,7
mukerrer_veri_seti.csv,REC000733,REC001592,0,0,1,1,0,0,0,0.42,1,0,0,0.4615,0,0,0.6054,0,1,1,0,0,0,0.5705,0.5705,0.5,0.6154,1,0.5104,1,0.4444,0.5889,0.4444,0.5889,0,0,0,0,0,0,7
mukerrer_veri_seti.csv,REC000039,REC000047,1,1,0,1,1,1,1,1.0,1,1,1,1.0,1,1,0.91,0,1,1,1,1,1,1.0,1.0,1.0,1.0,1,1.0,1,1.0,1.0,1.0,1.0,1,1,1,0,0,0,7
mukerrer_veri_seti.csv,REC000088,REC001750,1,1,0,1,1,1,1,1.0,1,1,1,1.0,1,1,1.0,0,1,1,1,1,1,1.0,1.0,1.0,1.0,1,1.0,1,1.0,1.0,1.0,1.0,1,1,1,0,0,0,7
mukerrer_veri_seti.csv,REC001113,REC001734,0,0,1,1,0,0,0,0.21,1,0,0,0.6,0,0,0.713,0,1,1,0,0,0,0.6597,0.6597,0.5,0.5455,1,0.5589,1,0.5778,1.0,0.5778,1.0,0,1,0,0,0,1,7
mukerrer_veri_seti.csv,REC001079,REC001433,1,1,0,1,1,1,1,1.0,1,1,1,1.0,1,1,1.0,0,1,1,1,1,1,1.0,1.0,1.0,1.0,1,1.0,1,1.0,1.0,1.0,1.0,1,1,1,0,0,0,7
mukerrer_veri_seti.csv,REC000738,REC001022,1,1,0,1,1,1,1,1.0,1,1,1,1.0,1,1,1.0,0,1,1,1,1,1,1.0,1.0,1.0,1.0,1,1.0,1,1.0,1.0,1.0,1.0,1,1,1,0,0,0,7
mukerrer_veri_seti.csv,REC001359,REC000614,0,0,1,1,0,0,0,0.21,1,0,0,0.4,0,0,0.6462,0,1,1,0,0,0,0.74,0.74,0.5,0.6364,1,0.3533,1,0.4833,1.0,0.4833,1.0,0,1,0,0,0,1,7
mukerrer_veri_seti.csv,REC000185,REC001173,1,1,0,1,1,1,1,1.0,1,1,1,1.0,1,1,0.9133,0,1,1,1,1,1,1.0,1.0,1.0,1.0,1,1.0,1,1.0,1.0,1.0,1.0,1,1,1,0,0,0,7
mukerrer_veri_seti.csv,REC000341,REC000485,0,0,1,1,0,0,0,0.28,1,0,0,0.5185,0,0,0.7161,0,1,1,0,0,0,0.5556,0.5556,0.35,0.1667,1,0.4898,1,0.7,0.1818,0.7,0.0,0,0,0,0,0,0,7
mukerrer_veri_seti.csv,REC000126,REC001271,1,1,0,1,1,1,1,1.0,1,0,0,0.0,1,1,1.0,0,1,1,1,1,1,1.0,1.0,1.0,1.0,1,0.0,0,1.0,1.0,1.0,1.0,1,1,1,0,0,0,6
mukerrer_veri_seti.csv,REC000043,REC001389,1,1,0,1,1,1,1,1.0,1,1,1,1.0,1,1,1.0,0,1,1,1,1,1,1.0,1.0,1.0,1.0,1,1.0,1,1.0,1.0,1.0,1.0,1,1,1,0,0,0,7
mukerrer_veri_seti.csv,REC001384,REC000259,0,0,1,1,0,0,0,0.28,1,0,0,0.2308,0,0,0.7143,0,1,1,0,0,0,0.5848,0.5848,0.5,0.6364,1,0.2729,1,0.4833,0.4722,0.4833,0.4722,0,0,0,0,0,0,7
mukerrer_veri_seti.csv,REC000371,REC001304,1,1,0,1,1,1,1,1.0,1,1,1,1.0,1,1,1.0,0,1,1,1,1,1,1.0,1.0,1.0,1.0,1,1.0,1,1.0,1.0,1.0,1.0,1,1,1,0,0,0,7
mukerrer_veri_seti.csv,REC000274,REC000935,0,0,1,1,0,0,0,0.28,1,0,0,0.1905,0,0,0.7223,0,1,1,0,0,0,0.8032,0.8032,0.5,0.4444,1,0.2313,1,1.0,0.0,1.0,0.0,1,0,0,0,0,0,7
mukerrer_veri_seti.csv,REC000921,REC000127,1,1,0,1,1,1,1,1.0,1,1,1,1.0,1,1,1.0,0,1,1,1,1,1,1.0,1.0,1.0,1.0,1,1.0,1,1.0,1.0,1.0,1.0,1,1,1,0,0,0,7
mukerrer_veri_seti.csv,REC000931,REC000153,0,0,1,1,0,0,0,0.28,1,0,0,0.08,1,1,0.6317,0,1,1,0,0,0,0.4306,0.4306,0.0,0.1333,1,0.1429,1,0.1818,0.4476,0.0,0.4476,0,0,0,0,0,0,7
mukerrer_veri_seti.csv,REC001238,REC000814,1,1,0,1,1,1,1,1.0,1,1,1,1.0,1,1,1.0,0,1,1,1,1,1,1.0,1.0,1.0,1.0,1,1.0,1,1.0,1.0,1.0,1.0,1,1,1,0,0,0,7
mukerrer_veri_seti.csv,REC000680,REC001503,1,1,0,1,1,1,1,1.0,1,1,1,1.0,1,1,0.9259,0,1,1,1,1,1,1.0,1.0,1.0,1.0,1,1.0,1,1.0,1.0,1.0,1.0,1,1,1,0,0,0,7
mukerrer_veri_seti.csv,REC000966,REC000413,1,1,0,1,1,1,1,1.0,1,1,1,1.0,1,1,0.9163,0,1,1,1,1,1,1.0,1.0,1.0,1.0,1,1.0,1,1.0,1.0,1.0,1.0,1,1,1,0,0,0,7
mukerrer_veri_seti.csv,REC001190,REC001797,0,0,1,1,0,0,0,0.21,1,0,0,0.087,1,1,0.6167,0,1,1,0,0,0,0.5076,0.5076,0.0,0.0833,1,0.1529,1,0.2222,0.4444,0.0,0.4444,0,0,0,0,0,0,7
mukerrer_veri_seti.csv,REC001343,REC000436,0,0,1,1,0,0,0,0.28,1,0,0,0.1538,1,1,0.9879,0,1,1,0,0,0,0.55,0.55,0.0,0.1667,1,0.2088,1,0.62,0.0,0.62,0.0,0,0,0,0,0,0,7
mukerrer_veri_seti.csv,REC000425,REC000809,1,0,0,0,1,1,1,1.0,1,1,1,1.0,1,1,1.0,0,1,1,0,0,0,0.95,0.95,0.94,0.9167,1,1.0,1,0.88,1.0,0.88,1.0,0,1,1,0,0,0,6
mukerrer_veri_seti.csv,REC000478,REC000177,1,1,0,1,1,1,1,1.0,1,1,1,1.0,1,1,0.9474,0,1,1,1,1,1,1.0,1.0,1.0,1.0,1,1.0,1,1.0,1.0,1.0,1.0,1,1,1,0,0,0,7
mukerrer_veri_seti.csv,REC000989,REC000253,1,1,0,1,1,1,1,1.0,1,0,1,0.9231,1,1,1.0,0,1,1,1,1,1,1.0,1.0,1.0,1.0,1,0.9385,1,1.0,1.0,1.0,1.0,1,1,1,0,0,0,7
mukerrer_veri_seti.csv,REC000248,REC000925,0,0,1,1,0,0,0,0.35,1,0,1,0.64,1,1,0.9941,0,1,1,0,0,0,0.5971,0.5971,0.5,0.6154,1,0.712,1,0.3952,0.4476,0.3952,0.4476,0,0,0,0,0,0,7
mukerrer_veri_seti.csv,REC000432,REC001239,0,0,1,1,0,0,0,0.28,1,0,0,0.1739,0,0,0.5869,0,1,1,0,0,0,0.4131,0.4131,0.0,0.1818,1,0.1963,1,0.4667,0.0,0.4667,0.0,0,0,0,0,0,0,7
mukerrer_veri_seti.csv,REC001854,REC000790,1,1,0,1,1,1,1,1.0,1,1,1,1.0,1,1,1.0,0,1,1,1,1,1,1.0,1.0,1.0,1.0,1,1.0,1,1.0,1.0,1.0,1.0,1,1,1,0,0,0,7
mukerrer_veri_seti.csv,REC000040,REC001001,0,0,1,1,0,0,0,0.28,1,0,0,0.48,0,0,0.8,0,1,1,0,0,0,0.4823,0.4823,0.0,0.1667,1,0.504,1,0.4833,0.4444,0.4833,0.4444,0,0,0,0,0,0,7
mukerrer_veri_seti.csv,REC001762,REC000411,1,1,0,1,1,1,1,1.0,1,1,1,1.0,1,1,1.0,0,1,1,0,0,0,0.7157,0.7157,0.6667,0.6471,1,1.0,1,0.7333,1.0,0.7333,1.0,0,1,1,0,0,1,7
mukerrer_veri_seti.csv,REC001697,REC001385,1,1,0,1,1,1,1,1.0,1,1,1,1.0,1,1,1.0,0,1,1,0,0,0,0.74,0.74,0.6667,0.6667,1,1.0,1,1.0,1.0,1.0,1.0,1,1,1,0,0,1,7
mukerrer_veri_seti.csv,REC001151,REC000951,1,1,0,1,1,1,1,1.0,1,1,1,1.0,1,1,1.0,0,1,1,0,0,0,0.74,0.74,0.6667,0.6111,1,1.0,1,0.8578,1.0,0.8578,1.0,0,1,1,0,0,1,7
mukerrer_veri_seti.csv,REC001836,REC000806,1,1,0,1,1,1,1,1.0,1,0,0,0.0,1,1,0.0,0,1,1,1,1,1,1.0,1.0,1.0,1.0,1,0.0,0,1.0,1.0,1.0,1.0,1,1,1,0,0,0,5
mukerrer_veri_seti.csv,REC001035,REC000477,0,0,1,1,0,0,0,0.35,1,0,0,0.1739,0,0,0.6901,0,1,1,0,0,0,0.6,0.6,0.5,0.5,1,0.2141,1,0.4833,0.2222,0.4833,0.0,0,0,0,0,0,0,7
mukerrer_veri_seti.csv,REC000193,REC001528,1,0,0,0,1,1,1,1.0,1,1,1,1.0,1,1,1.0,0,1,1,1,1,1,1.0,1.0,1.0,1.0,1,1.0,1,1.0,1.0,1.0,1.0,1,1,1,0,0,0,6
mukerrer_veri_seti.csv,REC001439,REC000904,1,1,0,1,1,1,1,1.0,1,0,0,0.0,1,1,1.0,0,1,1,1,1,1,1.0,1.0,1.0,1.0,1,0.0,0,1.0,1.0,1.0,1.0,1,1,1,0,0,0,6
mukerrer_veri_seti.csv,REC001371,REC000571,0,0,1,1,0,0,0,0.28,1,0,0,0.25,0,0,0.828,0,1,1,0,0,0,0.4407,0.4407,0.0,0.25,1,0.2955,1,0.4556,0.4667,0.4556,0.4667,0,0,0,0,0,0,7
mukerrer_veri_seti.csv,REC001032,REC000462,1,1,0,1,1,1,1,1.0,1,0,0,1.0,1,1,1.0,0,1,1,1,1,1,1.0,1.0,1.0,1.0,1,0.8857,1,1.0,1.0,1.0,1.0,1,1,1,0,0,0,7
mukerrer_veri_seti.csv,REC000408,REC001150,0,0,1,1,0,0,0,0.21,1,0,0,0.3077,0,0,0.5921,0,1,1,0,0,0,0.627,0.627,0.0,0.3333,1,0.3725,1,0.5778,0.5778,0.5778,0.5778,0,0,0,0,0,0,7
mukerrer_veri_seti.csv,REC000024,REC001763,0,0,1,1,0,0,0,0.28,1,0,0,0.1538,0,0,0.6821,0,1,1,0,0,0,0.5004,0.5004,0.0,0.3077,1,0.2185,1,0.4556,0.6,0.4556,0.6,0,0,0,0,0,0,7
mukerrer_veri_seti.csv,REC000867,REC001243,0,0,1,1,0,0,0,0.35,1,0,0,0.3448,0,0,0.6017,0,1,1,0,0,0,0.74,0.74,0.875,0.7692,1,0.333,1,0.75,1.0,0.75,1.0,0,1,0,0,0,1,7
mukerrer_veri_seti.csv,REC000947,REC000335,0,0,1,1,0,0,0,0.42,1,0,0,0.4615,0,0,0.6316,0,1,1,0,0,0,0.4407,0.4407,0.0,0.1667,1,0.4008,1,0.0,0.4667,0.0,0.4667,0,0,0,0,0,0,7
mukerrer_veri_seti.csv,REC001963,REC001823,0,0,1,1,0,0,0,0.28,1,0,0,0.1481,0,0,0.6217,0,1,1,0,0,0,0.4359,0.4359,0.0,0.0,1,0.2085,1,0.0,0.4365,0.0,0.4365,0,0,0,0,0,0,7
mukerrer_veri_seti.csv,REC001276,REC001058,1,1,0,1,1,1,1,1.0,1,1,1,1.0,1,1,1.0,0,1,1,1,0,1,0.9263,0.9263,0.6667,0.6316,1,1.0,1,1.0,0.5778,1.0,0.5778,1,0,1,0,0,0,7
mukerrer_veri_seti.csv,REC001353,REC001830,1,1,0,1,1,1,1,1.0,1,1,1,1.0,1,1,1.0,0,1,1,1,1,1,1.0,1.0,1.0,1.0,1,1.0,1,1.0,1.0,1.0,1.0,1,1,1,0,0,0,7
mukerrer_veri_seti.csv,REC001931,REC001046,1,1,0,1,1,1,1,1.0,1,0,1,0.9091,1,1,1.0,0,1,1,1,1,1,1.0,1.0,1.0,1.0,1,0.9273,1,1.0,1.0,1.0,1.0,1,1,1,0,0,0,7
mukerrer_veri_seti.csv,REC000451,REC001986,1,1,0,1,1,1,1,1.0,1,1,1,1.0,1,1,1.0,0,1,1,1,1,1,1.0,1.0,1.0,1.0,1,1.0,1,1.0,1.0,1.0,1.0,1,1,1,0,0,0,7
mukerrer_veri_seti.csv,REC000109,REC001085,1,0,0,0,1,1,1,1.0,1,1,1,1.0,1,1,1.0,0,1,1,1,1,1,0.98,0.98,0.97,0.8,1,1.0,1,1.0,0.94,1.0,0.94,1,0,1,0,0,0,6
mukerrer_veri_seti.csv,REC000252,REC000587,1,1,0,1,1,1,1,1.0,1,1,1,1.0,1,1,1.0,0,1,1,1,1,1,1.0,1.0,1.0,1.0,1,1.0,1,1.0,1.0,1.0,1.0,1,1,1,0,0,0,7
mukerrer_veri_seti.csv,REC001205,REC000044,0,0,1,1,0,0,0,0.28,1,0,0,0.3077,0,0,0.7213,0,1,1,1,0,1,0.8476,0.8476,0.5,0.5,1,0.3033,1,1.0,0.1667,1.0,0.0,1,0,0,0,0,0,7
mukerrer_veri_seti.csv,REC001920,REC001456,0,0,1,1,0,0,0,0.21,1,0,1,0.4211,0,0,0.7397,0,1,1,0,0,0,0.6515,0.6515,0.4334,0.3636,1,0.5368,1,0.4833,0.8,0.4833,0.8,0,0,0,0,0,0,7
mukerrer_veri_seti.csv,REC001548,REC000187,0,0,1,1,0,0,0,0.42,1,0,0,0.2222,0,0,0.7,0,1,1,0,0,0,0.74,0.74,0.5,0.5833,1,0.2094,1,0.5778,1.0,0.5778,1.0,0,1,0,0,0,1,7
mukerrer_veri_seti.csv,REC000625,REC000081,1,1,0,1,1,1,1,1.0,1,1,1,1.0,1,1,1.0,0,1,1,1,1,1,1.0,1.0,1.0,1.0,1,1.0,1,1.0,1.0,1.0,1.0,1,1,1,0,0,0,7
mukerrer_veri_seti.csv,REC000071,REC000633,1,1,0,1,1,1,1,1.0,1,1,1,1.0,1,1,0.9312,0,1,1,1,1,1,1.0,1.0,1.0,1.0,1,1.0,1,1.0,1.0,1.0,1.0,1,1,1,0,0,0,7
mukerrer_veri_seti.csv,REC000476,REC001713,1,1,0,1,1,1,1,1.0,1,1,1,1.0,1,1,1.0,0,1,1,0,0,0,0.74,0.74,0.6667,0.6667,1,1.0,1,1.0,1.0,1.0,1.0,1,1,1,0,0,1,7
mukerrer_veri_seti.csv,REC001212,REC001157,1,1,0,1,1,1,1,1.0,1,0,1,0.9524,1,1,1.0,0,1,1,1,1,1,1.0,1.0,1.0,1.0,1,0.9619,1,1.0,1.0,1.0,1.0,1,1,1,0,0,0,7
mukerrer_veri_seti.csv,REC001680,REC000373,0,0,1,1,0,0,0,0.42,1,0,0,0.5714,0,0,0.6744,0,1,1,0,0,0,0.739,0.739,0.5,0.6364,1,0.4759,1,0.52,1.0,0.52,1.0,0,1,0,0,0,1,7
mukerrer_veri_seti.csv,REC001617,REC000497,1,1,0,1,1,1,1,1.0,1,1,1,1.0,1,1,1.0,0,1,1,1,1,1,1.0,1.0,1.0,1.0,1,1.0,1,1.0,1.0,1.0,1.0,1,1,1,0,0,0,7
mukerrer_veri_seti.csv,REC001900,REC000735,1,1,0,1,1,1,1,1.0,1,0,0,1.0,1,1,1.0,0,1,1,1,1,1,1.0,1.0,1.0,1.0,1,0.875,1,1.0,1.0,1.0,1.0,1,1,1,0,0,0,7
mukerrer_veri_seti.csv,REC000948,REC001708,0,0,1,1,0,0,0,0.28,1,0,0,0.24,0,0,0.6659,0,1,1,0,0,0,0.5045,0.5045,0.5,0.6364,1,0.2634,1,0.4667,0.4833,0.4667,0.4833,0,0,0,0,0,0,7
mukerrer_veri_seti.csv,REC000945,REC001020,1,1,0,1,1,1,1,1.0,1,1,1,1.0,1,1,1.0,0,1,1,0,0,0,0.74,0.74,0.6667,0.6111,1,1.0,1,0.5778,1.0,0.5778,1.0,0,1,1,0,1,1,7
mukerrer_veri_seti.csv,REC001074,REC001144,1,1,0,1,1,1,1,1.0,1,1,1,1.0,1,1,1.0,0,1,1,1,1,1,1.0,1.0,1.0,1.0,1,1.0,1,1.0,1.0,1.0,1.0,1,1,1,0,0,0,7
mukerrer_veri_seti.csv,REC001853,REC001614,0,0,1,1,0,0,0,0.28,1,0,0,0.6087,0,0,0.5962,0,1,1,0,0,0,0.6452,0.6452,0.3535,0.4,1,0.5185,1,0.5029,0.7071,0.5029,0.7071,0,0,0,0,0,0,7
mukerrer_veri_seti.csv,REC000961,REC000773,1,1,0,1,1,1,1,1.0,1,1,1,1.0,1,1,0.9333,0,1,1,1,1,1,1.0,1.0,1.0,1.0,1,1.0,1,1.0,1.0,1.0,1.0,1,1,1,0,0,0,7
mukerrer_veri_seti.csv,REC001123,REC000832,0,0,1,1,0,0,0,0.28,1,0,0,0.5455,0,0,0.6216,0,1,1,0,0,0,0.5763,0.5763,0.5,0.5455,1,0.4837,1,0.6389,0.2222,0.6389,0.0,0,0,0,0,0,0,7
mukerrer_veri_seti.csv,REC000572,REC001929,0,0,1,1,0,0,0,0.14,1,0,0,0.1739,0,0,0.5734,0,1,1,0,0,0,0.6559,0.6559,0.5,0.5385,1,0.2181,1,0.2,1.0,0.0,1.0,0,1,0,0,0,1,7
mukerrer_veri_seti.csv,REC000620,REC001441,0,0,1,1,0,0,0,0.21,1,0,0,0.25,0,0,0.6469,0,1,1,0,0,0,0.3333,0.3333,0.0,0.0833,1,0.2714,1,0.0,0.5778,0.0,0.5778,0,0,0,0,0,0,7
mukerrer_veri_seti.csv,REC000224,REC001640,0,0,1,1,0,0,0,0.28,1,0,0,0.0769,0,0,0.7094,0,1,1,0,0,0,0.5644,0.5644,0.5,0.5385,1,0.1473,1,0.0,1.0,0.0,1.0,0,1,0,0,0,1,7
mukerrer_veri_seti.csv,REC001736,REC000736,0,0,1,1,0,0,0,0.21,1,0,0,0.087,0,0,0.7266,0,1,1,0,0,0,0.5944,0.5944,0.5,0.5833,1,0.1596,1,0.4833,0.4556,0.4833,0.4556,0,0,0,0,0,0,7
mukerrer_veri_seti.csv,REC000801,REC001357,1,1,0,1,1,1,1,1.0,1,0,0,0.0,1,1,0.0,0,1,1,1,1,1,1.0,1.0,1.0,1.0,1,0.0,0,1.0,1.0,1.0,1.0,1,1,1,0,0,0,5
mukerrer_veri_seti.csv,REC001307,REC000045,1,1,0,1,1,1,1,1.0,1,1,1,1.0,1,1,1.0,0,1,1,1,1,1,1.0,1.0,1.0,1.0,1,1.0,1,1.0,1.0,1.0,1.0,1,1,1,0,0,0,7
mukerrer_veri_seti.csv,REC000777,REC000338,0,0,1,1,0,0,0,0.42,1,0,0,0.32,0,0,0.6414,0,1,1,0,0,0,0.74,0.74,0.5,0.5833,1,0.3192,1,0.4111,1.0,0.4111,1.0,0,1,0,0,0,1,7
mukerrer_veri_seti.csv,REC001134,REC000515,0,0,1,1,0,0,0,0.14,1,0,0,0.3333,0,0,0.5458,0,1,1,0,0,0,0.5301,0.5301,0.35,0.2308,1,0.3381,1,0.4556,0.51,0.4556,0.51,0,0,0,0,0,0,7
mukerrer_veri_seti.csv,REC000639,REC001461,0,0,1,1,0,0,0,0.35,1,0,0,0.1818,1,1,0.9783,0,1,1,0,0,0,0.3686,0.3686,0.0,0.1538,1,0.1984,1,0.2222,0.2,0.0,0.0,0,0,0,0,0,0,7
mukerrer_veri_seti.csv,REC001523,REC000372,1,1,0,1,1,1,1,1.0,1,1,1,1.0,1,1,1.0,0,1,1,1,0,1,0.9294,0.9294,0.6667,0.6471,1,1.0,1,1.0,0.0,1.0,0.0,1,0,1,0,0,0,7
mukerrer_veri_seti.csv,REC001351,REC000195,1,1,0,1,1,1,1,1.0,1,1,1,1.0,1,1,0.9192,0,1,1,1,1,1,1.0,1.0,1.0,1.0,1,1.0,1,1.0,1.0,1.0,1.0,1,1,1,0,0,0,7
mukerrer_veri_seti.csv,REC000179,REC001117,0,0,1,1,0,0,0,0.35,1,0,0,0.3,0,0,0.6362,0,1,1,0,0,0,0.71,0.71,0.5,0.6364,1,0.3282,1,0.4667,1.0,0.4667,1.0,0,1,0,0,0,1,7
mukerrer_veri_seti.csv,REC000712,REC000085,0,0,1,1,0,0,0,0.28,1,0,0,0.4,1,1,0.8463,0,1,1,0,0,0,0.6,0.6,0.0,0.3,1,0.4018,1,0.5,0.64,0.5,0.64,0,0,0,0,0,0,7
mukerrer_veri_seti.csv,REC001634,REC001876,1,0,0,0,1,1,1,1.0,1,1,1,1.0,1,1,1.0,0,1,1,1,1,1,0.98,0.98,0.97,0.8,1,1.0,1,1.0,0.94,1.0,0.94,1,0,1,0,0,0,6
mukerrer_veri_seti.csv,REC000491,REC000630,0,0,1,1,0,0,0,0.42,1,0,0,0.3077,1,1,0.9852,0,1,1,0,0,0,0.547,0.547,0.0,0.2308,1,0.3362,1,0.5778,0.1667,0.5778,0.0,0,0,0,0,0,0,7
mukerrer_veri_seti.csv,REC001254,REC000423,1,1,0,1,1,1,1,1.0,1,1,1,1.0,1,1,0.9495,0,1,1,1,1,1,1.0,1.0,1.0,1.0,1,1.0,1,1.0,1.0,1.0,1.0,1,1,1,0,0,0,7
mukerrer_veri_seti.csv,REC000238,REC001903,1,1,0,1,1,1,1,1.0,1,1,1,1.0,1,1,1.0,0,1,1,1,1,1,1.0,1.0,1.0,1.0,1,1.0,1,1.0,1.0,1.0,1.0,1,1,1,0,0,0,7
mukerrer_veri_seti.csv,REC000862,REC001671,0,0,1,1,0,0,0,0.14,1,0,1,0.25,1,1,0.7541,0,1,1,0,0,0,0.2879,0.2879,0.0,0.1818,1,0.4,1,0.0,0.4667,0.0,0.4667,0,0,0,0,0,0,7
mukerrer_veri_seti_v2.csv,REC000827,REC000828,1,1,0,1,1,1,1,1.0,1,1,1,1.0,1,1,1.0,0,1,1,1,0,1,0.9667,0.9667,0.9667,0.9091,1,1.0,1,1.0,0.9333,1.0,0.9333,1,0,1,0,0,0,7
mukerrer_veri_seti_v2.csv,REC000683,REC000684,1,1,0,1,1,1,1,1.0,1,1,1,1.0,1,1,1.0,0,1,1,1,1,1,1.0,1.0,1.0,1.0,1,1.0,1,1.0,1.0,1.0,1.0,1,1,1,0,0,0,7
mukerrer_veri_seti_v2.csv,REC001225,REC001226,0,0,1,1,0,0,0,0.28,1,0,1,0.6667,0,0,0.5776,0,1,1,0,0,0,0.7105,0.7105,0.4289,0.2143,1,0.7333,1,0.8578,0.4861,0.8578,0.4861,0,0,0,0,0,0,7
mukerrer_veri_seti_v2.csv,REC000785,REC000786,1,1,0,1,0,0,1,0.8,1,1,1,1.0,1,1,0.9298,0,1,1,1,1,1,1.0,1.0,1.0,1.0,1,1.0,1,1.0,1.0,1.0,1.0,1,1,1,0,0,0,7
mukerrer_veri_seti_v2.csv,REC001661,REC001662,0,0,1,1,0,0,0,0.21,1,0,0,0.2857,1,1,0.6132,0,1,1,0,0,0,0.5556,0.5556,0.5,0.5556,1,0.3286,1,0.25,0.5,0.0,0.5,0,0,0,0,0,0,7
mukerrer_veri_seti_v2.csv,REC000127,REC000128,1,1,0,1,1,1,1,1.0,1,1,1,1.0,1,1,1.0,0,1,1,1,0,1,0.96,0.96,0.96,0.5455,1,1.0,1,1.0,0.75,1.0,0.75,1,0,1,0,0,0,7
mukerrer_veri_seti_v2.csv,REC001461,REC001462,0,0,1,1,0,0,0,0.28,1,0,0,0.2857,0,0,0.6262,0,1,1,0,0,0,0.8788,0.8788,0.5,0.6667,1,0.3,1,1.0,0.6622,1.0,0.6622,1,0,0,0,0,0,7
mukerrer_veri_seti_v2.csv,REC000491,REC000492,1,1,0,1,1,1,1,1.0,1,1,1,1.0,1,1,1.0,0,1,1,0,0,0,0.9444,0.9444,0.9334,0.9167,1,1.0,1,0.8667,1.0,0.8667,1.0,0,1,1,0,0,0,7
mukerrer_veri_seti_v2.csv,REC000937,REC000938,1,1,0,1,1,1,1,1.0,1,1,1,1.0,1,1,1.0,0,1,1,1,0,1,0.9636,0.9636,0.9533,0.9091,1,1.0,1,1.0,0.9067,1.0,0.9067,1,0,1,0,0,0,7
mukerrer_veri_seti_v2.csv,REC001295,REC001296,0,0,1,1,0,0,0,0.35,1,0,0,0.25,1,1,0.6753,0,1,1,1,0,1,0.8673,0.8673,0.5,0.6364,1,0.2176,1,1.0,0.4833,1.0,0.4833,1,0,0,0,0,0,7
mukerrer_veri_seti_v2.csv,REC000011,REC000012,1,1,0,1,1,1,1,1.0,1,1,1,1.0,1,1,1.0,0,1,1,1,0,1,0.9667,0.9667,0.9667,0.8,1,1.0,1,0.9333,1.0,0.9333,1.0,0,1,1,0,0,0,7
mukerrer_veri_seti_v2.csv,REC000559,REC000560,1,1,0,1,1,1,1,1.0,1,1,1,1.0,1,1,1.0,0,1,1,1,1,1,1.0,1.0,1.0,1.0,1,1.0,1,1.0,1.0,1.0,1.0,1,1,1,0,0,0,7
mukerrer_veri_seti_v2.csv,REC000757,REC000758,1,1,0,1,1,1,1,1.0,1,1,1,1.0,1,1,1.0,0,1,1,1,1,1,1.0,1.0,1.0,1.0,1,1.0,1,1.0,1.0,1.0,1.0,1,1,1,0,0,0,7
mukerrer_veri_seti_v2.csv,REC001259,REC001260,0,0,1,1,0,0,0,0.28,1,0,0,0.0833,1,1,0.655,0,1,1,0,0,0,0.8673,0.8673,0.5,0.6364,1,0.15,1,1.0,0.62,1.0,0.62,1,0,0,0,0,0,7
mukerrer_veri_seti_v2.csv,REC001445,REC001446,0,0,1,1,0,0,0,0.35,1,0,0,0.3077,0,0,0.6449,0,1,1,0,0,0,0.4801,0.4801,0.3631,0.1538,1,0.3725,1,0.1818,0.535,0.0,0.535,0,0,0,0,0,0,7
mukerrer_veri_seti_v2.csv,REC001349,REC001350,0,0,1,1,0,0,0,0.14,1,0,0,0.6667,1,1,0.6663,0,1,1,1,0,1,0.8667,0.8667,0.5,0.6667,1,0.6288,1,1.0,0.64,1.0,0.64,1,0,0,0,0,0,7
mukerrer_veri_seti_v2.csv,REC001611,REC001612,0,0,1,1,0,0,0,0.42,1,0,0,0.1667,1,1,0.5995,0,1,1,0,0,0,0.6359,0.6359,0.5,0.6364,1,0.219,1,0.4833,1.0,0.4833,1.0,0,1,0,0,0,1,7
mukerrer_veri_seti_v2.csv,REC000665,REC000666,1,1,0,1,1,1,1,1.0,1,1,1,1.0,1,1,0.9455,0,1,1,1,1,1,1.0,1.0,1.0,1.0,1,1.0,1,1.0,1.0,1.0,1.0,1,1,1,0,0,0,7
mukerrer_veri_seti_v2.csv,REC001511,REC001512,0,0,1,1,0,0,0,0.28,1,0,1,0.5263,0,0,0.6713,0,1,1,0,0,0,0.6835,0.6835,0.3916,0.1818,1,0.6211,1,0.7833,0.64,0.7833,0.64,0,0,0,0,0,0,7
mukerrer_veri_seti_v2.csv,REC001733,REC001734,0,0,1,1,0,0,0,0.21,1,0,0,0.25,0,0,0.7273,0,1,1,0,0,0,0.5242,0.5242,0.0,0.0909,1,0.29,1,0.0,0.5778,0.0,0.5778,0,0,0,0,0,0,7
mukerrer_veri_seti_v2.csv,REC001741,REC001742,0,0,1,1,0,0,0,0.28,1,0,0,0.1,0,0,0.8785,0,1,1,0,0,0,0.4667,0.4667,0.0,0.2,1,0.1747,1,0.0,0.4667,0.0,0.4667,0,0,0,0,0,0,7
mukerrer_veri_seti_v2.csv,REC000217,REC000218,1,1,0,1,1,1,1,1.0,1,1,1,1.0,1,1,1.0,0,1,1,0,0,0,0.96,0.96,0.96,0.5833,1,1.0,1,0.75,1.0,0.75,1.0,0,1,1,0,0,0,7
mukerrer_veri_seti_v2.csv,REC001677,REC001678,0,0,1,1,0,0,0,0.28,1,0,0,0.3704,0,0,0.8329,0,1,1,1,1,1,1.0,1.0,1.0,1.0,1,0.3752,1,1.0,1.0,1.0,1.0,1,1,0,0,0,0,7
mukerrer_veri_seti_v2.csv,REC001653,REC001654,0,0,1,1,0,0,0,0.28,1,0,0,0.4,0,0,0.7097,0,1,1,0,0,0,0.82,0.82,0.7833,0.3,1,0.4082,1,0.7,0.8667,0.7,0.8667,0,0,0,0,0,0,7
mukerrer_veri_seti_v2.csv,REC001319,REC001320,0,0,1,1,0,0,0,0.42,1,0,0,0.1905,0,0,0.735,0,1,1,0,0,0,0.5152,0.5152,0.0,0.0909,1,0.2357,1,0.5,0.1667,0.5,0.0,0,0,0,0,0,0,7
mukerrer_veri_seti_v2.csv,REC001405,REC001406,0,0,1,1,0,0,0,0.14,1,0,0,0.3846,1,1,0.7039,0,1,1,0,0,0,0.9047,0.9047,0.5,0.6429,1,0.341,1,1.0,0.6833,1.0,0.6833,1,0,0,0,0,0,7
mukerrer_veri_seti_v2.csv,REC001145,REC001146,0,0,1,1,0,0,0,0.28,1,0,0,0.2143,0,0,0.7385,0,1,1,0,0,0,0.5464,0.5464,0.0,0.3077,1,0.2346,1,0.4667,0.5651,0.4667,0.5651,0,0,0,0,0,0,7
mukerrer_veri_seti_v2.csv,REC001119,REC001120,0,0,1,1,0,0,0,0.49,1,0,0,0.3478,0,0,0.663,0,1,1,0,0,0,0.6389,0.6389,0.38,0.1667,1,0.3533,1,0.2222,0.76,0.0,0.76,0,0,0,0,0,0,7
mukerrer_veri_seti_v2.csv,REC001969,REC001970,0,0,1,1,0,0,0,0.35,1,0,0,0.2222,0,0,0.7016,0,1,1,0,0,0,0.4665,0.4665,0.0,0.2857,1,0.1944,1,0.0,0.55,0.0,0.55,0,0,0,0,0,0,7
mukerrer_veri_seti_v2.csv,REC000133,REC000134,1,1,0,1,1,1,1,1.0,1,1,1,1.0,1,1,1.0,0,1,1,0,0,0,0.96,0.96,0.96,0.7,1,1.0,1,1.0,0.775,1.0,0.775,1,0,1,0,0,0,7
mukerrer_veri_seti_v2.csv,REC000131,REC000132,1,1,0,1,1,1,1,1.0,1,1,1,1.0,1,1,1.0,0,1,1,1,1,1,0.74,0.74,0.6667,0.8462,1,1.0,1,1.0,1.0,1.0,1.0,1,1,1,0,0,1,7
mukerrer_veri_seti_v2.csv,REC000383,REC000384,1,1,0,1,1,1,1,1.0,1,1,1,1.0,1,1,1.0,0,1,1,0,0,0,0.96,0.96,0.96,0.5455,1,1.0,1,0.75,1.0,0.75,1.0,0,1,1,0,0,0,7
mukerrer_veri_seti_v2.csv,REC000681,REC000682,1,1,0,1,0,0,0,0.63,1,1,1,1.0,1,1,0.9455,0,1,1,1,1,1,1.0,1.0,1.0,1.0,1,1.0,1,1.0,1.0,1.0,1.0,1,1,1,0,0,0,7
mukerrer_veri_seti_v2.csv,REC001409,REC001410,0,0,1,1,0,0,0,0.28,1,0,1,0.75,0,0,0.6444,0,1,1,0,0,0,0.5571,0.5571,0.0,0.1667,1,0.8,1,0.6889,0.4365,0.6889,0.4365,0,0,0,0,0,0,7
mukerrer_veri_seti_v2.csv,REC001641,REC001642,0,0,1,1,0,0,0,0.28,1,0,0,0.2,0,0,0.7586,0,1,1,1,0,1,0.915,0.915,0.8756,0.7,1,0.2482,1,1.0,0.7511,1.0,0.7511,1,0,0,0,0,0,7
mukerrer_veri_seti_v2.csv,REC001657,REC001658,0,0,1,1,0,0,0,0.42,1,0,0,0.24,0,0,0.6957,0,1,1,0,0,0,0.4823,0.4823,0.0,0.1667,1,0.2777,1,0.0,0.5778,0.0,0.5778,0,0,0,0,0,0,7
mukerrer_veri_seti_v2.csv,REC000999,REC001000,1,0,0,0,1,1,1,1.0,1,1,1,1.0,1,1,1.0,0,1,1,0,0,0,0.9533,0.9533,0.9533,0.9,1,1.0,1,0.9067,1.0,0.9067,1.0,0,1,1,0,0,0,6
mukerrer_veri_seti_v2.csv,REC001257,REC001258,0,0,1,1,0,0,0,0.28,1,0,0,0.1818,1,1,0.7143,0,1,1,1,0,1,0.8786,0.8786,0.5,0.6429,1,0.2169,1,1.0,0.5619,1.0,0.5619,1,0,0,0,0,0,7
mukerrer_veri_seti_v2.csv,REC001931,REC001932,0,0,1,1,0,0,0,0.28,1,0,0,0.24,1,1,0.6342,0,1,1,0,0,0,0.3991,0.3991,0.0,0.2308,1,0.2394,1,0.0,0.4476,0.0,0.4476,0,0,0,0,0,0,7
mukerrer_veri_seti_v2.csv,REC000087,REC000088,1,1,0,1,1,1,1,1.0,1,1,1,1.0,1,1,1.0,0,1,1,1,1,1,0.9818,0.9818,0.98,0.9091,1,1.0,1,0.96,1.0,0.96,1.0,0,1,1,0,0,0,7
mukerrer_veri_seti_v2.csv,REC001681,REC001682,0,0,1,1,0,0,0,0.28,1,0,0,0.3478,0,0,0.9526,0,1,1,0,0,0,0.74,0.74,0.865,0.6667,1,0.2959,1,0.73,1.0,0.73,1.0,0,1,0,0,0,1,7
mukerrer_veri_seti_v2.csv,REC000819,REC000820,1,1,0,1,0,0,0,0.65,1,1,1,1.0,1,1,1.0,0,1,1,1,1,1,1.0,1.0,1.0,1.0,1,1.0,1,1.0,1.0,1.0,1.0,1,1,1,0,0,0,7
mukerrer_veri_seti_v2.csv,REC001777,REC001778,0,0,1,1,0,0,0,0.35,1,0,0,0.0833,0,0,0.6902,0,1,1,0,0,0,0.4587,0.4587,0.0,0.0769,1,0.1549,1,0.4722,0.0,0.4722,0.0,0,0,0,0,0,0,7
mukerrer_veri_seti_v2.csv,REC001843,REC001844,0,0,1,1,0,0,0,0.28,1,0,0,0.1667,0,0,0.5707,0,1,1,0,0,0,0.6421,0.6421,0.3933,0.4167,1,0.2281,1,0.4444,0.5778,0.0,0.5778,0,0,0,0,0,0,7
mukerrer_veri_seti_v2.csv,REC001397,REC001398,0,0,1,1,0,0,0,0.42,1,0,0,0.2609,0,0,0.7669,0,1,1,0,0,0,0.5408,0.5408,0.0,0.2,1,0.2987,1,0.55,0.4833,0.55,0.4833,0,0,0,0,0,0,7
mukerrer_veri_seti_v2.csv,REC001811,REC001812,0,0,1,1,0,0,0,0.28,1,0,0,0.4762,0,0,0.8563,0,1,1,0,0,0,0.5763,0.5763,0.35,0.3636,1,0.3986,1,0.4722,0.6333,0.4722,0.6333,0,0,0,0,0,0,7
mukerrer_veri_seti_v2.csv,REC000189,REC000190,1,1,0,1,1,1,1,1.0,1,1,1,1.0,1,1,1.0,0,1,1,1,0,1,0.96,0.96,0.96,0.6364,1,1.0,1,1.0,0.76,1.0,0.76,1,0,1,0,0,0,7
mukerrer_veri_seti_v2.csv,REC000965,REC000966,1,1,0,1,1,1,1,1.0,1,1,1,1.0,1,1,1.0,0,1,1,1,1,1,1.0,1.0,1.0,1.0,1,1.0,1,1.0,1.0,1.0,1.0,1,1,1,0,0,0,7
mukerrer_veri_seti_v2.csv,REC001273,REC001274,0,0,1,1,0,0,0,0.21,1,0,0,0.3571,0,0,0.8706,0,1,1,0,0,0,0.6002,0.6002,0.5,0.5,1,0.3034,1,0.6833,0.4556,0.6833,0.4556,0,0,0,0,0,0,7
mukerrer_veri_seti_v2.csv,REC000961,REC000962,1,1,0,1,1,1,1,1.0,1,1,1,1.0,1,1,0.9339,0,1,1,1,1,1,1.0,1.0,1.0,1.0,1,1.0,1,1.0,1.0,1.0,1.0,1,1,1,0,0,0,7
mukerrer_veri_seti_v2.csv,REC000993,REC000994,1,1,0,1,1,1,1,1.0,1,1,1,1.0,1,1,1.0,0,1,1,1,1,1,1.0,1.0,1.0,1.0,1,1.0,1,1.0,1.0,1.0,1.0,1,1,1,0,0,0,7
mukerrer_veri_seti_v2.csv,REC000367,REC000368,1,1,0,1,1,1,1,1.0,1,1,1,1.0,1,1,1.0,0,1,1,1,1,1,1.0,1.0,1.0,1.0,1,1.0,1,1.0,1.0,1.0,1.0,1,1,1,0,0,0,7
mukerrer_veri_seti_v2.csv,REC000573,REC000574,1,1,0,1,1,1,1,1.0,1,1,1,1.0,1,1,1.0,0,1,1,1,0,1,0.9636,0.9636,0.9466,0.9091,1,1.0,1,1.0,0.8933,1.0,0.8933,1,0,1,0,0,0,7
mukerrer_veri_seti_v2.csv,REC000763,REC000764,1,1,0,1,1,1,1,1.0,1,1,1,1.0,1,1,1.0,0,1,1,1,1,1,1.0,1.0,1.0,1.0,1,1.0,1,1.0,1.0,1.0,1.0,1,1,1,0,0,0,7
mukerrer_veri_seti_v2.csv,REC001293,REC001294,0,0,1,1,0,0,0,0.35,1,0,0,0.0909,0,0,0.846,0,1,1,1,1,1,1.0,1.0,1.0,1.0,1,0.1675,1,1.0,1.0,1.0,1.0,1,1,0,0,0,0,7
mukerrer_veri_seti_v2.csv,REC000391,REC000392,1,1,0,1,1,1,1,1.0,1,1,1,1.0,1,1,1.0,0,1,1,1,0,1,0.9,0.9,0.5,0.5,1,1.0,1,1.0,0.373,1.0,0.373,1,0,1,0,0,0,7
mukerrer_veri_seti_v2.csv,REC001305,REC001306,0,0,1,1,0,0,0,0.21,1,0,0,0.0952,1,1,0.7119,0,1,1,0,0,0,0.7273,0.7273,0.5,0.6364,1,0.1662,1,0.64,0.7333,0.64,0.7333,0,0,0,0,0,0,7
mukerrer_veri_seti_v2.csv,REC000449,REC000450,1,1,0,1,1,1,1,1.0,1,1,1,1.0,1,1,1.0,0,1,1,0,0,0,0.9576,0.9576,0.9533,0.9091,1,1.0,1,0.9067,1.0,0.9067,1.0,0,1,1,0,0,0,7
mukerrer_veri_seti_v2.csv,REC001643,REC001644,0,0,1,1,0,0,0,0.35,1,0,0,0.2727,0,0,0.7596,0,1,1,1,1,1,1.0,1.0,1.0,1.0,1,0.2813,1,1.0,1.0,1.0,1.0,1,1,0,0,0,0,7
mukerrer_veri_seti_v2.csv,REC001783,REC001784,0,0,1,1,0,0,0,0.28,1,0,0,0.3846,0,0,0.6152,0,1,1,0,0,0,0.4762,0.4762,0.3572,0.4286,1,0.3709,1,0.0,0.0,0.0,0.0,0,0,0,0,0,0,7
mukerrer_veri_seti_v2.csv,REC001901,REC001902,0,0,1,1,0,0,0,0.28,1,0,0,0.3636,0,0,0.7414,0,1,1,0,0,0,0.5483,0.5483,0.0,0.3846,1,0.3809,1,0.4833,0.6762,0.4833,0.6762,0,0,0,0,0,0,7
mukerrer_veri_seti_v2.csv,REC001519,REC001520,0,0,1,1,0,0,0,0.21,1,0,0,0.2609,0,0,0.6681,0,1,1,1,0,1,0.9333,0.9333,0.9,0.8333,1,0.2876,1,1.0,0.8,1.0,0.8,1,0,0,0,0,0,7
mukerrer_veri_seti_v2.csv,REC000505,REC000506,1,1,0,1,1,1,1,1.0,1,1,1,1.0,1,1,1.0,0,1,1,1,0,1,0.96,0.96,0.96,0.6364,1,1.0,1,0.76,1.0,0.76,1.0,0,1,1,0,0,0,7
mukerrer_veri_seti_v2.csv,REC001763,REC001764,0,0,1,1,0,0,0,0.28,1,0,0,0.2609,0,0,0.6478,0,1,1,0,0,0,0.4924,0.4924,0.0,0.1818,1,0.2876,1,0.0,0.5889,0.0,0.5889,0,0,0,0,0,0,7
mukerrer_veri_seti_v2.csv,REC000179,REC000180,1,1,0,1,1,1,1,1.0,1,1,1,1.0,1,1,1.0,0,1,1,0,0,0,0.96,0.96,0.96,0.7,1,1.0,1,0.775,1.0,0.775,1.0,0,1,1,0,0,0,7
mukerrer_veri_seti_v2.csv,REC001625,REC001626,0,0,1,1,0,0,0,0.35,1,0,1,0.4444,0,0,0.7273,0,1,1,0,0,0,0.5004,0.5004,0.0,0.1538,1,0.5556,1,0.4476,0.4111,0.4476,0.4111,0,0,0,0,0,0,7
mukerrer_veri_seti_v2.csv,REC001553,REC001554,0,0,1,1,0,0,0,0.35,1,0,0,0.1818,1,1,0.7503,0,1,1,0,0,0,0.8439,0.8439,0.5,0.5833,1,0.2244,1,1.0,0.51,1.0,0.51,1,0,0,0,0,0,7
mukerrer_veri_seti_v2.csv,REC001155,REC001156,0,0,1,1,0,0,0,0.28,1,0,0,0.1481,1,1,0.7269,0,1,1,1,0,1,0.9385,0.9385,0.8933,0.8462,1,0.1935,1,1.0,0.7867,1.0,0.7867,1,0,0,0,0,0,7
mukerrer_veri_seti_v2.csv,REC001053,REC001054,0,0,1,1,0,0,0,0.42,1,0,0,0.1667,0,0,0.6636,0,1,1,0,0,0,0.4407,0.4407,0.0,0.1667,1,0.2288,1,0.4833,0.4444,0.4833,0.4444,0,0,0,0,0,0,7
mukerrer_veri_seti_v2.csv,REC000711,REC000712,1,1,0,1,0,0,0,0.65,1,1,1,1.0,1,1,1.0,0,1,1,1,1,1,1.0,1.0,1.0,1.0,1,1.0,1,1.0,1.0,1.0,1.0,1,1,1,0,0,0,7
mukerrer_veri_seti_v2.csv,REC000331,REC000332,1,1,0,1,0,0,1,0.8,1,1,1,1.0,1,1,1.0,0,1,1,1,1,1,1.0,1.0,1.0,1.0,1,1.0,1,1.0,1.0,1.0,1.0,1,1,1,0,0,0,7
mukerrer_veri_seti_v2.csv,REC001535,REC001536,0,0,1,1,0,0,0,0.28,1,0,0,0.3636,0,0,0.6667,0,1,1,1,1,1,1.0,1.0,1.0,1.0,1,0.3809,1,1.0,1.0,1.0,1.0,1,1,0,0,0,0,7
mukerrer_veri_seti_v2.csv,REC000629,REC000630,1,1,0,1,1,1,1,1.0,1,1,1,1.0,1,1,0.9284,0,1,1,1,1,1,1.0,1.0,1.0,1.0,1,1.0,1,1.0,1.0,1.0,1.0,1,1,1,0,0,0,7
mukerrer_veri_seti_v2.csv,REC000163,REC000164,1,1,0,1,1,1,1,1.0,1,1,1,1.0,1,1,1.0,0,1,1,1,0,1,0.9692,0.9692,0.6667,0.8462,1,1.0,1,1.0,0.0,1.0,0.0,1,0,1,0,0,0,7
mukerrer_veri_seti_v2.csv,REC000423,REC000424,1,1,0,1,1,1,1,1.0,1,1,1,1.0,1,1,1.0,0,1,1,1,1,1,1.0,1.0,1.0,1.0,1,1.0,1,1.0,1.0,1.0,1.0,1,1,1,0,0,0,7
mukerrer_veri_seti_v2.csv,REC001247,REC001248,0,0,1,1,0,0,0,0.35,1,0,0,0.4167,0,0,0.6499,0,1,1,1,1,1,1.0,1.0,1.0,1.0,1,0.4083,1,1.0,1.0,1.0,1.0,1,1,0,0,0,0,7
mukerrer_veri_seti_v2.csv,REC000597,REC000598,1,1,0,1,1,1,1,1.0,1,1,1,1.0,1,1,1.0,0,1,1,1,1,1,1.0,1.0,1.0,1.0,1,1.0,1,1.0,1.0,1.0,1.0,1,1,1,0,0,0,7
mukerrer_veri_seti_v2.csv,REC001343,REC001344,0,0,1,1,0,0,0,0.28,1,0,0,0.5714,0,0,0.7637,0,1,1,0,0,0,0.74,0.74,0.8534,0.7,1,0.539,1,0.7067,1.0,0.7067,1.0,0,1,0,0,0,1,7
mukerrer_veri_seti_v2.csv,REC001073,REC001074,0,0,1,1,0,0,0,0.21,1,0,0,0.0952,1,1,0.6231,0,1,1,1,0,1,0.8673,0.8673,0.5,0.6364,1,0.1716,1,1.0,0.535,1.0,0.535,1,0,0,0,0,0,7
mukerrer_veri_seti_v2.csv,REC000771,REC000772,1,0,0,0,1,1,1,1.0,1,1,1,1.0,1,1,1.0,0,1,1,0,0,0,0.9667,0.9667,0.9556,0.9167,1,1.0,1,1.0,0.9111,1.0,0.9111,1,0,1,0,0,0,6
mukerrer_veri_seti_v2.csv,REC000227,REC000228,1,1,0,1,1,1,1,1.0,1,1,1,1.0,1,1,1.0,0,1,1,0,0,0,0.96,0.96,0.96,0.5833,1,1.0,1,0.75,1.0,0.75,1.0,0,1,1,0,0,0,7
mukerrer_veri_seti_v2.csv,REC001707,REC001708,0,0,1,1,0,0,0,0.21,1,0,0,0.16,0,0,0.6444,0,1,1,0,0,0,0.4407,0.4407,0.0,0.0833,1,0.203,1,0.4556,0.2,0.4556,0.0,0,0,0,0,0,0,7
mukerrer_veri_seti_v2.csv,REC001089,REC001090,0,0,1,1,0,0,0,0.21,1,0,0,0.2609,0,0,0.665,0,1,1,0,0,0,0.8788,0.8788,0.5,0.6667,1,0.2801,1,1.0,0.62,1.0,0.62,1,0,0,0,0,0,7
mukerrer_veri_seti_v2.csv,REC000069,REC000070,1,1,0,1,1,1,1,1.0,1,1,1,1.0,1,1,1.0,0,1,1,0,0,0,0.96,0.96,0.96,0.5385,1,1.0,1,1.0,0.7429,1.0,0.7429,1,0,1,0,0,0,7
mukerrer_veri_seti_v2.csv,REC000545,REC000546,1,1,0,1,1,1,1,1.0,1,1,1,1.0,1,1,1.0,0,1,1,0,0,0,0.96,0.96,0.96,0.6667,1,1.0,1,0.76,1.0,0.76,1.0,0,1,1,0,0,0,7
mukerrer_veri_seti_v2.csv,REC000825,REC000826,1,1,0,1,1,1,1,1.0,1,0,1,0.9524,1,1,1.0,0,1,1,1,1,1,1.0,1.0,1.0,1.0,1,0.9619,1,1.0,1.0,1.0,1.0,1,1,1,0,0,0,7
mukerrer_veri_seti_v2.csv,REC000797,REC000798,1,1,0,1,0,0,0,0.63,1,1,1,1.0,1,1,1.0,0,1,1,1,1,1,1.0,1.0,1.0,1.0,1,1.0,1,1.0,1.0,1.0,1.0,1,1,1,0,0,0,7
mukerrer_veri_seti_v2.csv,REC001267,REC001268,0,0,1,1,0,0,0,0.35,1,0,0,0.1905,0,0,0.5923,0,1,1,0,0,0,0.5056,0.5056,0.0,0.3333,1,0.2424,1,0.4833,0.62,0.4833,0.62,0,0,0,0,0,0,7
mukerrer_veri_seti_v2.csv,REC000995,REC000996,1,1,0,1,0,0,1,0.8,1,1,1,1.0,1,1,1.0,0,1,1,1,1,1,1.0,1.0,1.0,1.0,1,1.0,1,1.0,1.0,1.0,1.0,1,1,1,0,0,0,7
mukerrer_veri_seti_v2.csv,REC001621,REC001622,0,0,1,1,0,0,0,0.28,1,0,0,0.3704,0,0,0.6013,0,1,1,1,1,1,1.0,1.0,1.0,1.0,1,0.391,1,1.0,1.0,1.0,1.0,1,1,0,0,0,0,7
mukerrer_veri_seti_v2.csv,REC001499,REC001500,0,0,1,1,0,0,0,0.49,1,0,0,0.0909,1,1,0.706,0,1,1,1,0,1,0.9232,0.9232,0.9,0.7273,1,0.1682,1,1.0,0.8,1.0,0.8,1,0,0,0,0,0,7
mukerrer_veri_seti_v2.csv,REC001779,REC001780,0,0,1,1,0,0,0,0.21,1,0,0,0.24,0,0,0.7,0,1,1,0,0,0,0.5429,0.5429,0.0,0.25,1,0.2491,1,0.4556,0.4667,0.4556,0.4667,0,0,0,0,0,0,7
mukerrer_veri_seti_v2.csv,REC001977,REC001978,0,0,1,1,0,0,0,0.21,1,0,0,0.6,0,0,0.6984,0,1,1,0,0,0,0.74,0.74,0.5,0.5455,1,0.5755,1,0.2222,1.0,0.0,1.0,0,1,0,0,0,1,7
mukerrer_veri_seti_v2.csv,REC000333,REC000334,1,1,0,1,1,1,1,1.0,1,1,1,1.0,1,1,1.0,0,1,1,0,0,0,0.96,0.96,0.96,0.5,1,1.0,1,1.0,0.7429,1.0,0.7429,1,0,1,0,0,0,7
mukerrer_veri_seti_v2.csv,REC001479,REC001480,0,0,1,1,0,0,0,0.35,1,0,0,0.0952,1,1,0.7303,0,1,1,0,0,0,0.74,0.74,0.9025,0.8182,1,0.1393,1,0.805,1.0,0.805,1.0,0,1,0,0,0,1,7
mukerrer_veri_seti_v2.csv,REC000031,REC000032,1,1,0,1,1,1,1,1.0,1,1,1,1.0,1,1,1.0,0,1,1,1,0,1,0.96,0.96,0.96,0.6364,1,1.0,1,1.0,0.76,1.0,0.76,1,0,1,0,0,0,7
mukerrer_veri_seti_v2.csv,REC001895,REC001896,0,0,1,1,0,0,0,0.28,1,0,0,0.2609,0,0,0.8276,0,1,1,0,0,0,0.6936,0.6936,0.0,0.2727,1,0.2274,1,0.67,0.6,0.67,0.6,0,0,0,0,0,0,7
mukerrer_veri_seti_v2.csv,REC000369,REC000370,1,1,0,1,1,1,1,1.0,1,1,1,1.0,1,1,1.0,0,1,1,1,1,1,1.0,1.0,1.0,1.0,1,1.0,1,1.0,1.0,1.0,1.0,1,1,1,0,0,0,7
mukerrer_veri_seti_v2.csv,REC001031,REC001032,0,0,1,1,0,0,0,0.28,1,0,0,0.2727,0,0,0.6744,0,1,1,1,1,1,1.0,1.0,1.0,1.0,1,0.2932,1,1.0,1.0,1.0,1.0,1,1,0,0,0,0,7
mukerrer_veri_seti_v2.csv,REC001789,REC001790,0,0,1,1,0,0,0,0.28,1,0,0,0.3636,0,0,0.7412,0,1,1,0,0,0,0.4508,0.4508,0.0,0.2727,1,0.4172,1,0.0,0.4667,0.0,0.4667,0,0,0,0,0,0,7
mukerrer_veri_seti_v2.csv,REC000413,REC000414,1,1,0,1,1,1,1,1.0,1,1,1,1.0,1,1,1.0,0,1,1,0,0,0,0.96,0.96,0.96,0.5385,1,1.0,1,1.0,0.7429,1.0,0.7429,1,0,1,0,0,0,7
mukerrer_veri_seti_v2.csv,REC000251,REC000252,1,1,0,1,1,1,1,1.0,1,1,1,1.0,1,1,1.0,0,1,1,1,0,1,0.95,0.95,0.95,0.7273,1,1.0,1,1.0,0.84,1.0,0.84,1,0,1,0,0,0,7
mukerrer_veri_seti_v2.csv,REC001615,REC001616,0,0,1,1,0,0,0,0.14,1,0,0,0.3158,1,1,0.6892,0,1,1,0,0,0,0.7383,0.7383,0.5,0.6364,1,0.3474,1,0.6333,1.0,0.6333,1.0,0,1,0,0,0,1,7
mukerrer_veri_seti_v2.csv,REC001063,REC001064,0,0,1,1,0,0,0,0.42,1,0,0,0.0909,0,0,0.8965,0,1,1,1,1,1,1.0,1.0,1.0,1.0,1,0.1359,1,1.0,1.0,1.0,1.0,1,1,0,0,0,0,7
mukerrer_veri_seti_v2.csv,REC000039,REC000040,1,1,0,1,1,1,1,1.0,1,1,1,1.0,1,1,1.0,0,1,1,0,0,0,0.92,0.92,0.92,0.3333,1,1.0,1,0.8,0.76,0.8,0.76,0,0,1,0,0,0,7
mukerrer_veri_seti_v2.csv,REC001761,REC001762,0,0,1,1,0,0,0,0.35,1,0,0,0.16,0,0,0.5619,0,1,1,0,0,0,0.4936,0.4936,0.0,0.0769,1,0.2227,1,0.4556,0.4444,0.4556,0.4444,0,0,0,0,0,0,7
mukerrer_veri_seti_v2.csv,REC000103,REC000104,1,1,0,1,1,1,1,1.0,1,1,1,1.0,1,1,1.0,0,1,1,1,0,1,0.96,0.96,0.96,0.6667,1,1.0,1,1.0,0.76,1.0,0.76,1,0,1,0,0,0,7
mukerrer_veri_seti_v2.csv,REC000905,REC000906,1,1,0,1,1,1,1,1.0,1,1,1,1.0,1,1,0.9192,0,1,1,1,1,1,1.0,1.0,1.0,1.0,1,1.0,1,1.0,1.0,1.0,1.0,1,1,1,0,0,0,7
mukerrer_veri_seti_v2.csv,REC001569,REC001570,0,0,1,1,0,0,0,0.42,1,0,1,0.2308,0,0,0.6282,0,1,1,0,0,0,0.74,0.74,0.5,0.6364,1,0.3846,1,0.535,1.0,0.535,1.0,0,1,0,0,0,1,7
mukerrer_veri_seti_v2.csv,REC000361,REC000362,1,1,0,1,1,1,1,1.0,1,1,1,1.0,1,1,1.0,0,1,1,1,1,1,1.0,1.0,1.0,1.0,1,1.0,1,1.0,1.0,1.0,1.0,1,1,1,0,0,0,7
mukerrer_veri_seti_v2.csv,REC000115,REC000116,1,1,0,1,1,1,1,1.0,1,1,1,1.0,1,1,1.0,0,1,1,0,0,0,0.96,0.96,0.96,0.6923,1,1.0,1,0.76,1.0,0.76,1.0,0,1,1,0,0,0,7
mukerrer_veri_seti_v2.csv,REC001387,REC001388,0,0,1,1,0,0,0,0.21,1,0,0,0.08,0,0,0.6106,0,1,1,1,1,1,1.0,1.0,1.0,1.0,1,0.1587,1,1.0,1.0,1.0,1.0,1,1,0,0,0,0,7
mukerrer_veri_seti_v2.csv,REC000873,REC000874,1,0,0,0,1,1,1,1.0,1,1,1,1.0,1,1,1.0,0,1,1,1,1,1,1.0,1.0,1.0,1.0,1,1.0,1,1.0,1.0,1.0,1.0,1,1,1,0,0,0,6
mukerrer_veri_seti_v2.csv,REC000835,REC000836,1,1,0,1,1,1,1,1.0,1,1,1,1.0,1,1,0.9492,0,1,1,1,1,1,1.0,1.0,1.0,1.0,1,1.0,1,1.0,1.0,1.0,1.0,1,1,1,0,0,0,7
mukerrer_veri_seti_v2.csv,REC000697,REC000698,1,1,0,1,1,1,1,1.0,1,0,0,1.0,1,1,1.0,0,1,1,1,1,1,1.0,1.0,1.0,1.0,1,0.8818,1,1.0,1.0,1.0,1.0,1,1,1,0,0,0,7
mukerrer_veri_seti_v2.csv,REC001351,REC001352,0,0,1,1,0,0,0,0.42,1,0,0,0.2609,1,1,0.6531,0,1,1,0,0,0,0.605,0.605,0.35,0.3333,1,0.3034,1,0.525,0.6,0.525,0.6,0,0,0,0,0,0,7
mukerrer_veri_seti_v2.csv,REC001487,REC001488,0,0,1,1,0,0,0,0.42,1,0,0,0.2222,0,0,0.7463,0,1,1,1,1,1,1.0,1.0,1.0,1.0,1,0.2567,1,1.0,1.0,1.0,1.0,1,1,0,0,0,0,7
mukerrer_veri_seti_v2.csv,REC001105,REC001106,0,0,1,1,0,0,0,0.21,1,0,0,0.2963,0,0,0.7143,0,1,1,1,1,1,1.0,1.0,1.0,1.0,1,0.3253,1,1.0,1.0,1.0,1.0,1,1,0,0,0,0,7
mukerrer_veri_seti_v2.csv,REC001099,REC001100,0,0,1,1,0,0,0,0.21,1,0,0,0.3077,0,0,0.6828,0,1,1,1,1,1,1.0,1.0,1.0,1.0,1,0.3725,1,1.0,1.0,1.0,1.0,1,1,0,0,0,0,7
mukerrer_veri_seti_v2.csv,REC001605,REC001606,0,0,1,1,0,0,0,0.35,1,0,0,0.1538,0,0,0.7857,0,1,1,0,0,0,0.3825,0.3825,0.0,0.0769,1,0.1981,1,0.0,0.1818,0.0,0.0,0,0,0,0,0,0,7
mukerrer_veri_seti_v2.csv,REC000909,REC000910,1,1,0,1,1,1,1,1.0,1,1,1,1.0,1,1,1.0,0,1,1,1,1,1,1.0,1.0,1.0,1.0,1,1.0,1,1.0,1.0,1.0,1.0,1,1,1,0,0,0,7
mukerrer_veri_seti_v2.csv,REC000765,REC000766,1,1,0,1,1,1,1,1.0,1,1,1,1.0,1,1,1.0,0,1,1,1,1,1,1.0,1.0,1.0,1.0,1,1.0,1,1.0,1.0,1.0,1.0,1,1,1,0,0,0,7
mukerrer_veri_seti_v2.csv,REC000161,REC000162,1,1,0,1,1,1,1,1.0,1,1,1,1.0,1,1,1.0,0,1,1,0,0,0,0.96,0.96,0.96,0.6364,1,1.0,1,0.76,1.0,0.76,1.0,0,1,1,0,0,0,7
mukerrer_veri_seti_v2.csv,REC001069,REC001070,0,0,1,1,0,0,0,0.28,1,0,0,0.3846,0,0,0.6359,0,1,1,0,0,0,0.5111,0.5111,0.0,0.3333,1,0.3934,1,0.0,0.5556,0.0,0.5556,0,0,0,0,0,0,7
mukerrer_veri_seti_v2.csv,REC001197,REC001198,0,0,1,1,0,0,0,0.35,1,0,1,0.6364,0,0,0.6347,0,1,1,0,0,0,0.5242,0.5242,0.0,0.1818,1,0.7091,1,0.0,0.6,0.0,0.6,0,0,0,0,0,0,7
mukerrer_veri_seti_v2.csv,REC001923,REC001924,0,0,1,1,0,0,0,0.35,1,0,1,0.2609,0,0,0.6953,0,1,1,0,0,0,0.5848,0.5848,0.0,0.1818,1,0.4087,1,0.6333,0.2,0.6333,0.0,0,0,0,0,0,0,7
mukerrer_veri_seti_v2.csv,REC001017,REC001018,0,0,1,1,0,0,0,0.28,1,0,0,0.0909,0,0,0.8518,0,1,1,1,1,1,1.0,1.0,1.0,1.0,1,0.1477,1,1.0,1.0,1.0,1.0,1,1,0,0,0,0,7
mukerrer_veri_seti_v2.csv,REC001237,REC001238,0,0,1,1,0,0,0,0.28,1,0,1,0.4762,0,0,0.7636,0,1,1,0,0,0,0.4606,0.4606,0.0,0.1818,1,0.581,1,0.4667,0.0,0.4667,0.0,0,0,0,0,0,0,7
mukerrer_veri_seti_v2.csv,REC001357,REC001358,0,0,1,1,0,0,0,0.28,1,0,0,0.5,1,1,0.6456,0,1,1,1,0,1,0.9378,0.9378,0.9242,0.8,1,0.4857,1,1.0,0.8483,1.0,0.8483,1,0,0,0,0,0,7
mukerrer_veri_seti_v2.csv,REC001207,REC001208,0,0,1,1,0,0,0,0.28,1,0,0,0.087,1,1,0.8784,0,1,1,0,0,0,0.525,0.525,0.0,0.1667,1,0.1485,1,0.5857,0.0,0.5857,0.0,0,0,0,0,0,0,7
mukerrer_veri_seti_v2.csv,REC000741,REC000742,1,0,0,0,1,1,1,1.0,1,1,1,1.0,1,1,1.0,0,1,1,1,1,1,0.94,0.94,0.94,0.9091,1,1.0,1,0.88,1.0,0.88,1.0,0,1,1,0,0,0,6
mukerrer_veri_seti_v2.csv,REC000101,REC000102,1,1,0,1,1,1,1,1.0,1,1,1,1.0,1,1,1.0,0,1,1,0,0,0,0.96,0.96,0.96,0.7,1,1.0,1,1.0,0.775,1.0,0.775,1,0,1,0,0,0,7
mukerrer_veri_seti_v2.csv,REC001607,REC001608,0,0,1,1,0,0,0,0.28,1,0,0,0.24,0,0,0.6217,0,1,1,1,1,1,1.0,1.0,1.0,1.0,1,0.2107,1,1.0,1.0,1.0,1.0,1,1,0,0,0,0,7
mukerrer_veri_seti_v2.csv,REC001893,REC001894,0,0,1,1,0,0,0,0.28,1,0,0,0.1481,0,0,0.6437,0,1,1,0,0,0,0.373,0.373,0.0,0.0714,1,0.1935,1,0.0,0.0,0.0,0.0,0,0,0,0,0,0,7
mukerrer_veri_seti_v2.csv,REC001647,REC001648,0,0,1,1,0,0,0,0.28,1,0,0,0.2609,1,1,0.6248,0,1,1,1,0,1,0.74,0.74,0.5,0.7273,1,0.2905,1,0.56,1.0,0.56,1.0,0,1,0,0,0,1,7
mukerrer_veri_seti_v2.csv,REC001521,REC001522,0,0,1,1,0,0,0,0.35,1,0,0,0.6667,0,0,0.6489,0,1,1,1,1,1,1.0,1.0,1.0,1.0,1,0.6015,1,1.0,1.0,1.0,1.0,1,1,0,0,0,0,7
mukerrer_veri_seti_v2.csv,REC000613,REC000614,1,1,0,1,1,1,1,1.0,1,0,0,1.0,1,1,1.0,0,1,1,1,1,1,1.0,1.0,1.0,1.0,1,0.8882,1,1.0,1.0,1.0,1.0,1,1,1,0,0,0,7
mukerrer_veri_seti_v2.csv,REC001935,REC001936,0,0,1,1,0,0,0,0.42,1,0,0,0.1429,0,0,0.7135,0,1,1,0,0,0,0.2786,0.2786,0.0,0.0769,1,0.1893,1,0.0,0.0,0.0,0.0,0,0,0,0,0,0,7
mukerrer_veri_seti_v2.csv,REC001575,REC001576,0,0,1,1,0,0,0,0.28,1,0,0,0.3333,0,0,0.7419,0,1,1,1,1,1,1.0,1.0,1.0,1.0,1,0.3614,1,1.0,1.0,1.0,1.0,1,1,0,0,0,0,7
mukerrer_veri_seti_v2.csv,REC001879,REC001880,0,0,1,1,0,0,0,0.35,1,0,0,0.0909,0,0,0.7619,0,1,1,0,0,0,0.3914,0.3914,0.0,0.0,1,0.1627,1,0.0,0.0,0.0,0.0,0,0,0,0,0,0,7
mukerrer_veri_seti_v2.csv,REC000471,REC000472,1,1,0,1,1,1,1,1.0,1,1,1,1.0,1,1,1.0,0,1,1,1,0,1,0.9667,0.9667,0.9667,0.9167,1,1.0,1,1.0,0.9333,1.0,0.9333,1,0,1,0,0,0,7
mukerrer_veri_seti_v2.csv,REC001679,REC001680,0,0,1,1,0,0,0,0.42,1,0,1,0.4,1,1,0.5585,0,1,1,1,0,1,0.8667,0.8667,0.5,0.6667,1,0.52,1,1.0,0.4667,1.0,0.4667,1,0,0,0,0,0,7
mukerrer_veri_seti_v2.csv,REC000229,REC000230,1,1,0,1,1,1,1,1.0,1,1,1,1.0,1,1,1.0,0,1,1,0,0,0,0.92,0.92,0.92,0.2727,1,1.0,1,0.75,0.775,0.75,0.775,0,0,1,0,0,0,7
mukerrer_veri_seti_v2.csv,REC001897,REC001898,0,0,1,1,0,0,0,0.28,1,0,0,0.0769,0,0,0.707,0,1,1,0,0,0,0.292,0.292,0.0,0.0769,1,0.1515,1,0.0,0.0,0.0,0.0,0,0,0,0,0,0,7
mukerrer_veri_seti_v2.csv,REC001231,REC001232,0,0,1,1,0,0,0,0.21,1,0,0,0.1818,0,0,0.6976,0,1,1,1,1,1,1.0,1.0,1.0,1.0,1,0.2205,1,1.0,1.0,1.0,1.0,1,1,0,0,0,0,7
mukerrer_veri_seti_v2.csv,REC000153,REC000154,1,1,0,1,1,1,1,1.0,1,1,1,1.0,1,1,1.0,0,1,1,0,0,0,0.96,0.96,0.96,0.6364,1,1.0,1,0.76,1.0,0.76,1.0,0,1,1,0,0,0,7
mukerrer_veri_seti_v2.csv,REC001057,REC001058,0,0,1,1,0,0,0,0.28,1,0,1,0.4444,0,0,0.6744,0,1,1,0,0,0,0.468,0.468,0.0,0.0909,1,0.5556,1,0.2222,0.0,0.0,0.0,0,0,0,0,0,0,7
mukerrer_veri_seti_v2.csv,REC000487,REC000488,1,1,0,1,1,1,1,1.0,1,0,1,0.9167,1,1,1.0,0,1,1,1,1,1,1.0,1.0,1.0,1.0,1,0.9333,1,1.0,1.0,1.0,1.0,1,1,1,0,0,0,7
mukerrer_veri_seti_v2.csv,REC001851,REC001852,0,0,1,1,0,0,0,0.35,1,0,0,0.32,0,0,0.9467,0,1,1,0,0,0,0.4212,0.4212,0.0,0.0909,1,0.2747,1,0.0,0.4667,0.0,0.4667,0,0,0,0,0,0,7
mukerrer_veri_seti_v2.csv,REC001291,REC001292,0,0,1,1,0,0,0,0.28,1,0,1,0.6957,1,1,0.6365,0,1,1,0,0,0,0.7152,0.7152,0.3666,0.5455,1,0.7565,1,0.6333,0.7333,0.6333,0.7333,0,0,0,0,0,0,7
mukerrer_veri_seti_v2.csv,REC001281,REC001282,0,0,1,1,0,0,0,0.42,1,0,0,0.3478,0,0,0.8554,0,1,1,1,1,1,1.0,1.0,1.0,1.0,1,0.373,1,1.0,1.0,1.0,1.0,1,1,0,0,0,0,7
mukerrer_veri_seti_v2.csv,REC001221,REC001222,0,0,1,1,0,0,0,0.35,1,0,1,0.7,0,0,0.7268,0,1,1,0,0,0,0.5354,0.5354,0.0,0.2727,1,0.76,1,0.4667,0.56,0.4667,0.56,0,0,0,0,0,0,7
mukerrer_veri_seti_v2.csv,REC001447,REC001448,0,0,1,1,0,0,0,0.49,1,0,0,0.2857,0,0,0.5787,0,1,1,0,0,0,0.6385,0.6385,0.35,0.1818,1,0.3286,1,0.0,0.7,0.0,0.7,0,0,0,0,0,0,7
mukerrer_veri_seti_v2.csv,REC000075,REC000076,1,1,0,1,1,1,1,1.0,1,1,1,1.0,1,1,1.0,0,1,1,0,0,0,0.96,0.96,0.96,0.6923,1,1.0,1,0.76,1.0,0.76,1.0,0,1,1,0,0,0,7
mukerrer_veri_seti_v2.csv,REC000431,REC000432,1,1,0,1,1,1,1,1.0,1,1,1,1.0,1,1,1.0,0,1,1,1,1,1,1.0,1.0,1.0,1.0,1,1.0,1,1.0,1.0,1.0,1.0,1,1,1,0,0,0,7
mukerrer_veri_seti_v2.csv,REC001693,REC001694,0,0,1,1,0,0,0,0.21,1,0,0,0.2727,0,0,0.8065,0,1,1,1,1,1,1.0,1.0,1.0,1.0,1,0.2971,1,1.0,1.0,1.0,1.0,1,1,0,0,0,0,7
mukerrer_veri_seti_v2.csv,REC000427,REC000428,1,1,0,1,1,1,1,1.0,1,1,1,1.0,1,1,1.0,0,1,1,0,0,0,0.9111,0.9111,0.5,0.5556,1,1.0,1,1.0,0.6889,1.0,0.6889,1,0,1,0,0,0,7
mukerrer_veri_seti_v2.csv,REC000389,REC000390,1,1,0,1,1,1,1,1.0,1,1,1,1.0,1,1,1.0,0,1,1,1,1,1,1.0,1.0,1.0,1.0,1,1.0,1,1.0,1.0,1.0,1.0,1,1,1,0,0,0,7
mukerrer_veri_seti_v2.csv,REC001959,REC001960,0,0,1,1,0,0,0,0.14,1,0,1,0.16,0,0,0.6738,0,1,1,0,0,0,0.5237,0.5237,0.0,0.3333,1,0.328,1,0.6333,0.4444,0.6333,0.4444,0,0,0,0,0,0,7
mukerrer_veri_seti_v2.csv,REC001669,REC001670,0,0,1,1,0,0,0,0.14,1,0,0,0.4545,1,1,0.9724,0,1,1,0,0,0,0.74,0.74,0.5,0.6429,1,0.4584,1,0.6086,1.0,0.6086,1.0,0,1,0,0,0,1,7
mukerrer_veri_seti_v2.csv,REC000743,REC000744,1,1,0,1,1,1,1,1.0,1,1,1,1.0,1,1,1.0,0,1,1,1,1,1,1.0,1.0,1.0,1.0,1,1.0,1,1.0,1.0,1.0,1.0,1,1,1,0,0,0,7
mukerrer_veri_seti_v2.csv,REC000779,REC000780,1,1,0,1,1,1,1,1.0,1,1,1,1.0,1,1,1.0,0,1,1,1,1,1,1.0,1.0,1.0,1.0,1,1.0,1,1.0,1.0,1.0,1.0,1,1,1,0,0,0,7
mukerrer_veri_seti_v2.csv,REC000419,REC000420,1,1,0,1,1,1,1,1.0,1,1,1,1.0,1,1,1.0,0,1,1,0,0,0,0.96,0.96,0.96,0.6,1,1.0,1,0.775,0.67,0.775,0.67,0,0,1,0,0,0,7
mukerrer_veri_seti_v2.csv,REC000921,REC000922,1,1,0,1,1,1,1,1.0,1,1,1,1.0,1,1,1.0,0,1,1,1,1,1,1.0,1.0,1.0,1.0,1,1.0,1,1.0,1.0,1.0,1.0,1,1,1,0,0,0,7
mukerrer_veri_seti_v2.csv,REC001971,REC001972,0,0,1,1,0,0,0,0.21,1,0,0,0.3,0,0,0.6374,0,1,1,0,0,0,0.475,0.475,0.0,0.3,1,0.2874,1,0.0,0.4833,0.0,0.4833,0,0,0,0,0,0,7
mukerrer_veri_seti_v2.csv,REC001235,REC001236,0,0,1,1,0,0,0,0.35,1,0,0,0.2857,0,0,0.919,0,1,1,0,0,0,0.7057,0.7057,0.5,0.6667,1,0.3486,1,0.62,1.0,0.62,1.0,0,1,0,0,0,1,7
mukerrer_veri_seti_v2.csv,REC001929,REC001930,0,0,1,1,0,0,0,0.28,1,0,0,0.08,0,0,0.75,0,1,1,0,0,0,0.5167,0.5167,0.0,0.1667,1,0.154,1,0.4556,0.4833,0.4556,0.4833,0,0,0,0,0,0,7
mukerrer_veri_seti_v2.csv,REC001193,REC001194,0,0,1,1,0,0,0,0.35,1,0,0,0.1739,1,1,0.6574,0,1,1,0,0,0,0.8567,0.8567,0.5,0.5833,1,0.2291,1,1.0,0.4722,1.0,0.4722,1,0,0,0,0,0,7
mukerrer_veri_seti_v2.csv,REC000253,REC000254,1,1,0,1,1,1,1,1.0,1,1,1,1.0,1,1,1.0,0,1,1,0,0,0,0.92,0.92,0.92,0.2727,1,1.0,1,0.76,0.76,0.76,0.76,0,0,1,0,0,0,7
mukerrer_veri_seti_v2.csv,REC000591,REC000592,1,1,0,1,1,1,1,1.0,1,1,1,1.0,1,1,1.0,0,1,1,0,0,0,0.5,0.5,0.5,0.5,1,1.0,1,0.0,1.0,0.0,1.0,0,1,1,1,1,0,7
mukerrer_veri_seti_v2.csv,REC000255,REC000256,1,1,0,1,1,1,1,1.0,1,1,1,1.0,1,1,1.0,0,1,1,1,0,1,0.96,0.96,0.95,0.8,1,1.0,1,1.0,0.8667,1.0,0.8667,1,0,1,0,0,0,7
mukerrer_veri_seti_v2.csv,REC000173,REC000174,1,1,0,1,1,1,1,1.0,1,1,1,1.0,1,1,1.0,0,1,1,0,0,0,0.92,0.92,0.92,0.2727,1,1.0,1,0.775,0.75,0.775,0.75,0,0,1,0,0,0,7
mukerrer_veri_seti_v2.csv,REC001337,REC001338,0,0,1,1,0,0,0,0.14,1,0,1,0.75,0,0,0.6082,0,1,1,0,0,0,0.5571,0.5571,0.0,0.3077,1,0.8,1,0.6762,0.0,0.6762,0.0,0,0,0,0,0,0,7
mukerrer_veri_seti_v2.csv,REC000691,REC000692,1,1,0,1,0,0,0,0.63,1,1,1,1.0,1,1,1.0,0,1,1,1,1,1,1.0,1.0,1.0,1.0,1,1.0,1,1.0,1.0,1.0,1.0,1,1,1,0,0,0,7
mukerrer_veri_seti_v2.csv,REC000729,REC000730,1,1,0,1,1,1,1,1.0,1,0,0,1.0,1,1,1.0,0,1,1,1,1,1,1.0,1.0,1.0,1.0,1,0.8167,1,1.0,1.0,1.0,1.0,1,1,1,0,0,0,7
mukerrer_veri_seti_v2.csv,REC001577,REC001578,0,0,1,1,0,0,0,0.28,1,0,0,0.5,1,1,0.7624,0,1,1,1,0,1,0.93,0.93,0.86,0.75,1,0.4955,1,1.0,0.72,1.0,0.72,1,0,0,0,0,0,7
mukerrer_veri_seti_v2.csv,REC001325,REC001326,0,0,1,1,0,0,0,0.35,1,0,0,0.1667,0,0,0.7345,0,1,1,0,0,0,0.9185,0.9185,0.5,0.6923,1,0.2233,1,1.0,0.6357,1.0,0.6357,1,0,0,0,0,0,7
mukerrer_veri_seti_v2.csv,REC001561,REC001562,0,0,1,1,0,0,0,0.28,1,0,0,0.0,1,1,0.6991,0,1,1,0,0,0,0.604,0.604,0.5,0.5455,1,0.0714,1,0.0,1.0,0.0,1.0,0,1,0,0,0,1,7
mukerrer_veri_seti_v2.csv,REC001205,REC001206,0,0,1,1,0,0,0,0.21,1,0,0,0.4545,0,0,0.6565,0,1,1,0,0,0,0.74,0.74,0.5,0.7273,1,0.4268,1,0.55,1.0,0.55,1.0,0,1,0,0,0,1,7
mukerrer_veri_seti_v2.csv,REC001433,REC001434,0,0,1,1,0,0,0,0.35,1,0,0,0.6897,1,1,0.6616,0,1,1,0,0,0,0.74,0.74,0.5,0.7692,1,0.6417,1,0.6667,1.0,0.535,1.0,0,1,0,0,0,1,7
mukerrer_veri_seti_v2.csv,REC001467,REC001468,0,0,1,1,0,0,0,0.35,1,0,0,0.1905,1,1,0.643,0,1,1,0,0,0,0.8956,0.8956,0.5,0.5,1,0.2471,1,1.0,0.4444,1.0,0.0,1,0,0,0,0,0,7
mukerrer_veri_seti_v2.csv,REC000495,REC000496,1,1,0,1,1,1,1,1.0,1,1,1,1.0,1,1,1.0,0,1,1,1,1,1,1.0,1.0,1.0,1.0,1,1.0,1,1.0,1.0,1.0,1.0,1,1,1,0,0,0,7
mukerrer_veri_seti_v2.csv,REC000721,REC000722,1,1,0,1,1,1,1,1.0,1,1,1,1.0,1,1,1.0,0,1,1,1,1,1,1.0,1.0,1.0,1.0,1,1.0,1,1.0,1.0,1.0,1.0,1,1,1,0,0,0,7
mukerrer_veri_seti_v2.csv,REC000329,REC000330,1,1,0,1,1,1,1,1.0,1,1,1,1.0,1,1,1.0,0,1,1,1,0,1,0.9636,0.9636,0.9533,0.9091,1,1.0,1,1.0,0.9067,1.0,0.9067,1,0,1,0,0,0,7
mukerrer_veri_seti_v2.csv,REC000867,REC000868,1,0,0,0,1,1,1,1.0,1,0,0,0.0,1,1,1.0,0,1,1,1,1,1,1.0,1.0,1.0,1.0,1,0.0,0,1.0,1.0,1.0,1.0,1,1,1,0,0,0,5
mukerrer_veri_seti_v2.csv,REC001775,REC001776,0,0,1,1,0,0,0,0.28,1,0,0,0.4545,0,0,0.7493,0,1,1,0,0,0,0.5167,0.5167,0.3666,0.4,1,0.4268,1,0.2222,0.4833,0.0,0.4833,0,0,0,0,0,0,7
mukerrer_veri_seti_v2.csv,REC000823,REC000824,1,1,0,1,1,1,1,1.0,1,0,1,0.9474,1,1,1.0,0,1,1,1,1,1,1.0,1.0,1.0,1.0,1,0.9579,1,1.0,1.0,1.0,1.0,1,1,1,0,0,0,7
mukerrer_veri_seti_v2.csv,REC000275,REC000276,1,1,0,1,1,1,1,1.0,1,1,1,1.0,1,1,1.0,0,1,1,0,0,0,0.96,0.96,0.96,0.7273,1,1.0,1,0.775,1.0,0.775,1.0,0,1,1,0,0,0,7
mukerrer_veri_seti_v2.csv,REC000155,REC000156,1,1,0,1,1,1,1,1.0,1,1,1,1.0,1,1,1.0,0,1,1,1,0,1,0.96,0.96,0.96,0.6429,1,1.0,1,1.0,0.75,1.0,0.75,1,0,1,0,0,0,7
mukerrer_veri_seti_v2.csv,REC000967,REC000968,1,1,0,1,1,1,1,1.0,1,1,1,1.0,1,1,1.0,0,1,1,0,0,0,0.9481,0.9481,0.9416,0.8889,1,1.0,1,0.8833,1.0,0.8833,1.0,0,1,1,0,0,0,7
mukerrer_veri_seti_v2.csv,REC001961,REC001962,0,0,1,1,0,0,0,0.35,1,0,0,0.1905,0,0,0.6286,0,1,1,0,0,0,0.3533,0.3533,0.3533,0.0909,1,0.2357,1,0.0,0.0,0.0,0.0,0,0,0,0,0,0,7
mukerrer_veri_seti_v2.csv,REC001393,REC001394,0,0,1,1,0,0,0,0.21,1,0,0,0.4545,0,0,0.6888,0,1,1,1,1,1,1.0,1.0,1.0,1.0,1,0.447,1,1.0,1.0,1.0,1.0,1,1,0,0,0,0,7
mukerrer_veri_seti_v2.csv,REC000085,REC000086,1,1,0,1,1,1,1,1.0,1,1,1,1.0,1,1,1.0,0,1,1,1,0,1,0.74,0.74,0.6667,0.8462,1,1.0,1,1.0,1.0,1.0,1.0,1,1,1,0,0,1,7
mukerrer_veri_seti_v2.csv,REC000639,REC000640,1,1,0,1,1,1,1,1.0,1,1,1,1.0,1,1,1.0,0,1,1,1,1,1,1.0,1.0,1.0,1.0,1,1.0,1,1.0,1.0,1.0,1.0,1,1,1,0,0,0,7
mukerrer_veri_seti_v2.csv,REC000601,REC000602,1,1,0,1,1,1,1,1.0,1,1,1,1.0,1,1,1.0,0,1,1,1,1,1,1.0,1.0,1.0,1.0,1,1.0,1,1.0,1.0,1.0,1.0,1,1,1,0,0,0,7
mukerrer_veri_seti_v2.csv,REC000435,REC000436,1,1,0,1,1,1,1,1.0,1,1,1,1.0,1,1,1.0,0,1,1,1,1,1,1.0,1.0,1.0,1.0,1,1.0,1,1.0,1.0,1.0,1.0,1,1,1,0,0,0,7
mukerrer_veri_seti_v2.csv,REC000399,REC000400,1,1,0,1,1,1,1,1.0,1,1,1,1.0,1,1,1.0,0,1,1,0,0,0,0.5,0.5,0.5,0.5385,1,1.0,1,0.4476,1.0,0.4476,1.0,0,1,1,1,1,0,7
mukerrer_veri_seti_v2.csv,REC000117,REC000118,1,1,0,1,1,1,1,1.0,1,1,1,1.0,1,1,1.0,0,1,1,0,0,0,0.92,0.92,0.92,0.25,1,1.0,1,0.76,0.75,0.76,0.75,0,0,1,0,0,0,7
mukerrer_veri_seti_v2.csv,REC000027,REC000028,1,1,0,1,1,1,1,1.0,1,1,1,1.0,1,1,1.0,0,1,1,1,0,1,0.96,0.96,0.96,0.7273,1,1.0,1,1.0,0.775,1.0,0.775,1,0,1,0,0,0,7
mukerrer_veri_seti_v2.csv,REC001773,REC001774,0,0,1,1,0,0,0,0.35,1,0,0,0.3,0,0,0.9256,0,1,1,0,0,0,0.6333,0.6333,0.3611,0.3,1,0.3505,1,0.7222,0.2222,0.7222,0.0,0,0,0,0,0,0,7
mukerrer_veri_seti_v2.csv,REC000907,REC000908,1,1,0,1,1,1,1,1.0,1,0,0,0.0,1,1,0.0,0,1,1,1,1,1,1.0,1.0,1.0,1.0,1,0.0,0,1.0,1.0,1.0,1.0,1,1,1,0,0,0,5
mukerrer_veri_seti_v2.csv,REC000607,REC000608,1,0,0,0,1,1,1,1.0,1,1,1,1.0,1,1,1.0,0,1,1,1,1,1,1.0,1.0,1.0,1.0,1,1.0,1,1.0,1.0,1.0,1.0,1,1,1,0,0,0,6
mukerrer_veri_seti_v2.csv,REC001903,REC001904,0,0,1,1,0,0,0,0.21,1,0,0,0.2609,0,0,0.643,0,1,1,0,0,0,0.4823,0.4823,0.0,0.1667,1,0.2837,1,0.2,0.4556,0.0,0.4556,0,0,0,0,0,0,7
mukerrer_veri_seti_v2.csv,REC001723,REC001724,0,0,1,1,0,0,0,0.28,1,0,0,0.3158,0,0,0.7541,0,1,1,0,0,0,0.5926,0.5926,0.0,0.1667,1,0.3098,1,0.6,0.2222,0.6,0.0,0,0,0,0,0,0,7
mukerrer_veri_seti_v2.csv,REC001275,REC001276,0,0,1,1,0,0,0,0.35,1,0,0,0.2727,0,0,0.6283,0,1,1,0,0,0,0.74,0.74,0.5,0.6923,1,0.2971,1,0.64,1.0,0.64,1.0,0,1,0,0,0,1,7
mukerrer_veri_seti_v2.csv,REC000375,REC000376,1,1,0,1,1,1,1,1.0,1,1,1,1.0,1,1,1.0,0,1,1,0,0,0,0.5,0.5,0.5,0.4,1,1.0,1,0.4833,1.0,0.4833,1.0,0,1,1,1,1,0,7
mukerrer_veri_seti_v2.csv,REC000403,REC000404,1,1,0,1,1,1,1,1.0,1,1,1,1.0,1,1,1.0,0,1,1,0,0,0,0.92,0.92,0.92,0.3,1,1.0,1,0.775,0.76,0.775,0.76,0,0,1,0,0,0,7
mukerrer_veri_seti_v2.csv,REC000071,REC000072,1,1,0,1,1,1,1,1.0,1,1,1,1.0,1,1,1.0,0,1,1,1,0,1,0.74,0.74,0.6667,0.8333,1,1.0,1,1.0,1.0,1.0,1.0,1,1,1,0,0,1,7
mukerrer_veri_seti_v2.csv,REC001633,REC001634,0,0,1,1,0,0,0,0.21,1,0,1,0.4545,0,0,0.7797,0,1,1,1,0,1,0.9273,0.9273,0.5,0.6364,1,0.5636,1,1.0,0.6222,1.0,0.6222,1,0,0,0,0,0,7
mukerrer_veri_seti_v2.csv,REC001579,REC001580,0,0,1,1,0,0,0,0.21,1,0,0,0.24,1,1,0.6608,0,1,1,0,0,0,0.8909,0.8909,0.5,0.5455,1,0.267,1,1.0,0.4667,1.0,0.4667,1,0,0,0,0,0,7
mukerrer_veri_seti_v2.csv,REC001837,REC001838,0,0,1,1,0,0,0,0.28,1,0,0,0.25,0,0,0.6639,0,1,1,0,0,0,0.5076,0.5076,0.0,0.1667,1,0.2474,1,0.2,0.4556,0.0,0.4556,0,0,0,0,0,0,7
mukerrer_veri_seti_v2.csv,REC001825,REC001826,0,0,1,1,0,0,0,0.28,1,0,0,0.2857,0,0,0.7213,0,1,1,0,0,0,0.4551,0.4551,0.0,0.0,1,0.2619,1,0.4365,0.4556,0.4365,0.4556,0,0,0,0,0,0,7
mukerrer_veri_seti_v2.csv,REC000687,REC000688,1,1,0,1,1,1,1,1.0,1,1,1,1.0,1,1,1.0,0,1,1,1,1,1,1.0,1.0,1.0,1.0,1,1.0,1,1.0,1.0,1.0,1.0,1,1,1,0,0,0,7
mukerrer_veri_seti_v2.csv,REC000125,REC000126,1,1,0,1,1,1,1,1.0,1,1,1,1.0,1,1,1.0,0,1,1,0,0,0,0.96,0.96,0.96,0.5455,1,1.0,1,0.75,1.0,0.75,1.0,0,1,1,0,0,0,7
mukerrer_veri_seti_v2.csv,REC001173,REC001174,0,0,1,1,0,0,0,0.21,1,0,0,0.1739,1,1,0.6636,0,1,1,0,0,0,0.74,0.74,0.8933,0.8,1,0.1568,1,0.7867,1.0,0.7867,1.0,0,1,0,0,0,1,7
mukerrer_veri_seti_v2.csv,REC000987,REC000988,1,0,0,0,1,1,1,1.0,1,1,1,1.0,1,1,1.0,0,1,1,1,1,1,1.0,1.0,1.0,1.0,1,1.0,1,1.0,1.0,1.0,1.0,1,1,1,0,0,0,6
mukerrer_veri_seti_v2.csv,REC001385,REC001386,0,0,1,1,0,0,0,0.28,1,0,1,0.5455,0,0,0.6786,0,1,1,0,0,0,0.6564,0.6564,0.0,0.1667,1,0.6364,1,0.64,0.6389,0.64,0.6389,0,0,0,0,0,0,7
mukerrer_veri_seti_v2.csv,REC000091,REC000092,1,1,0,1,1,1,1,1.0,1,1,1,1.0,1,1,1.0,0,1,1,0,0,0,0.9556,0.9556,0.9533,0.7778,1,1.0,1,1.0,0.9067,1.0,0.9067,1,0,1,0,0,0,7
mukerrer_veri_seti_v2.csv,REC000483,REC000484,1,1,0,1,1,1,1,1.0,1,1,1,1.0,1,1,1.0,0,1,1,1,1,1,1.0,1.0,1.0,1.0,1,1.0,1,1.0,1.0,1.0,1.0,1,1,1,0,0,0,7
mukerrer_veri_seti_v2.csv,REC000045,REC000046,1,1,0,1,1,1,1,1.0,1,1,1,1.0,1,1,1.0,0,1,1,0,0,0,0.96,0.96,0.96,0.7778,1,1.0,1,0.8,1.0,0.8,1.0,0,1,1,0,0,0,7
mukerrer_veri_seti_v2.csv,REC001875,REC001876,0,0,1,1,0,0,0,0.28,1,0,0,0.1379,0,0,0.5897,0,1,1,0,0,0,0.3706,0.3706,0.0,0.0,1,0.1853,1,0.1538,0.0,0.0,0.0,0,0,0,0,0,0,7
mukerrer_veri_seti_v2.csv,REC001753,REC001754,0,0,1,1,0,0,0,0.28,1,0,0,0.2727,0,0,0.78,0,1,1,0,0,0,0.5732,0.5732,0.0,0.0833,1,0.2369,1,0.4556,0.2,0.4556,0.0,0,0,0,0,0,0,7
mukerrer_veri_seti_v2.csv,REC001731,REC001732,0,0,1,1,0,0,0,0.28,1,0,0,0.4615,0,0,0.811,0,1,1,0,0,0,0.5889,0.5889,0.4,0.3333,1,0.4482,1,0.2,0.8,0.0,0.8,0,0,0,0,0,0,7
mukerrer_veri_seti_v2.csv,REC001581,REC001582,0,0,1,1,0,0,0,0.35,1,0,0,0.1818,0,0,0.8477,0,1,1,0,0,0,0.5926,0.5926,0.3611,0.1667,1,0.2866,1,0.7222,0.4476,0.7222,0.4476,0,0,0,0,0,0,7
mukerrer_veri_seti_v2.csv,REC000349,REC000350,1,1,0,1,1,1,1,1.0,1,1,1,1.0,1,1,1.0,0,1,1,1,0,1,0.9636,0.9636,0.96,0.9091,1,1.0,1,1.0,0.92,1.0,0.92,1,0,1,0,0,0,7
mukerrer_veri_seti_v2.csv,REC000809,REC000810,1,1,0,1,1,1,1,1.0,1,1,1,1.0,1,1,1.0,0,1,1,1,1,1,1.0,1.0,1.0,1.0,1,1.0,1,1.0,1.0,1.0,1.0,1,1,1,0,0,0,7
mukerrer_veri_seti_v2.csv,REC000985,REC000986,1,1,0,1,1,1,1,1.0,1,1,1,1.0,1,1,1.0,0,1,1,1,1,1,1.0,1.0,1.0,1.0,1,1.0,1,1.0,1.0,1.0,1.0,1,1,1,0,0,0,7
mukerrer_veri_seti_v2.csv,REC000791,REC000792,1,1,0,1,1,1,1,1.0,1,1,1,1.0,1,1,0.9474,0,1,1,1,1,1,1.0,1.0,1.0,1.0,1,1.0,1,1.0,1.0,1.0,1.0,1,1,1,0,0,0,7
mukerrer_veri_seti_v2.csv,REC000669,REC000670,1,1,0,1,1,1,1,1.0,1,1,1,1.0,1,1,1.0,0,1,1,1,1,1,1.0,1.0,1.0,1.0,1,1.0,1,1.0,1.0,1.0,1.0,1,1,1,0,0,0,7
mukerrer_veri_seti_v2.csv,REC001271,REC001272,0,0,1,1,0,0,0,0.21,1,0,0,0.3636,0,0,0.7273,0,1,1,1,1,1,1.0,1.0,1.0,1.0,1,0.4014,1,1.0,1.0,1.0,1.0,1,1,0,0,0,0,7
mukerrer_veri_seti_v2.csv,REC000339,REC000340,1,1,0,1,1,1,1,1.0,1,1,1,1.0,1,1,1.0,0,1,1,0,0,0,0.5,0.5,0.5,0.4545,1,1.0,1,0.4667,1.0,0.4667,1.0,0,1,1,1,1,0,7
mukerrer_veri_seti_v2.csv,REC000969,REC000970,1,1,0,1,1,1,1,1.0,1,1,1,1.0,1,1,0.9312,0,1,1,1,1,1,1.0,1.0,1.0,1.0,1,1.0,1,1.0,1.0,1.0,1.0,1,1,1,0,0,0,7
mukerrer_veri_seti_v2.csv,REC001965,REC001966,0,0,1,1,0,0,0,0.14,1,0,0,0.2609,0,0,0.6543,0,1,1,0,0,0,0.4606,0.4606,0.0,0.3636,1,0.242,1,0.2,0.0,0.0,0.0,0,0,0,0,0,0,7
mukerrer_veri_seti_v2.csv,REC000121,REC000122,1,1,0,1,1,1,1,1.0,1,1,1,1.0,1,1,1.0,0,1,1,1,0,1,0.74,0.74,0.6667,0.8462,1,1.0,1,0.76,1.0,0.76,1.0,0,1,1,0,0,1,7
mukerrer_veri_seti_v2.csv,REC001041,REC001042,0,0,1,1,0,0,0,0.35,1,0,0,0.2759,0,0,0.7333,0,1,1,1,1,1,1.0,1.0,1.0,1.0,1,0.2383,1,1.0,1.0,1.0,1.0,1,1,0,0,0,0,7
mukerrer_veri_seti_v2.csv,REC000869,REC000870,1,0,0,0,1,1,1,1.0,1,1,1,1.0,1,1,1.0,0,1,1,0,0,0,0.9334,0.9334,0.9334,0.9091,1,1.0,1,0.0,0.0,0.0,0.0,0,0,1,0,0,0,6
mukerrer_veri_seti_v2.csv,REC000769,REC000770,1,1,0,1,1,1,1,1.0,1,1,1,1.0,1,1,0.9284,0,1,1,1,1,1,1.0,1.0,1.0,1.0,1,1.0,1,1.0,1.0,1.0,1.0,1,1,1,0,0,0,7
mukerrer_veri_seti_v2.csv,REC000083,REC000084,1,1,0,1,1,1,1,1.0,1,1,1,1.0,1,1,1.0,0,1,1,1,1,1,0.98,0.98,0.98,0.9,1,1.0,1,1.0,0.96,1.0,0.96,1,0,1,0,0,0,7
mukerrer_veri_seti_v2.csv,REC000531,REC000532,1,1,0,1,1,1,1,1.0,1,1,1,1.0,1,1,1.0,0,1,1,0,0,0,0.9667,0.9667,0.9667,0.9,1,1.0,1,0.9333,1.0,0.9333,1.0,0,1,1,0,0,0,7
mukerrer_veri_seti_v2.csv,REC001163,REC001164,0,0,1,1,0,0,0,0.28,1,0,0,0.25,0,0,0.629,0,1,1,0,0,0,0.5758,0.5758,0.0,0.0909,1,0.29,1,0.4444,0.4556,0.0,0.4556,0,0,0,0,0,0,7
mukerrer_veri_seti_v2.csv,REC000603,REC000604,1,1,0,1,1,1,1,1.0,1,0,0,0.0,1,1,1.0,0,1,1,1,1,1,1.0,1.0,1.0,1.0,1,0.0,0,1.0,1.0,1.0,1.0,1,1,1,0,0,0,6
mukerrer_veri_seti_v2.csv,REC000777,REC000778,1,1,0,1,1,1,1,1.0,1,1,1,1.0,1,1,1.0,0,1,1,0,0,0,0.9515,0.9515,0.9466,0.9091,1,1.0,1,0.8933,1.0,0.8933,1.0,0,1,1,0,0,0,7
mukerrer_veri_seti_v2.csv,REC001009,REC001010,0,0,1,1,0,0,0,0.21,1,0,0,0.25,1,1,0.7488,0,1,1,0,0,0,0.6014,0.6014,0.5,0.6667,1,0.2571,1,0.63,0.4722,0.63,0.4722,0,0,0,0,0,0,7
mukerrer_veri_seti_v2.csv,REC001507,REC001508,0,0,1,1,0,0,0,0.42,1,0,1,0.4545,0,0,0.601,0,1,1,0,0,0,0.5333,0.5333,0.0,0.1,1,0.5636,1,0.6333,0.0,0.6333,0.0,0,0,0,0,0,0,7
mukerrer_veri_seti_v2.csv,REC001781,REC001782,0,0,1,1,0,0,0,0.28,1,0,0,0.087,0,0,0.6019,0,1,1,0,0,0,0.3576,0.3576,0.0,0.0909,1,0.0883,1,0.0,0.0,0.0,0.0,0,0,0,0,0,0,7
mukerrer_veri_seti_v2.csv,REC000311,REC000312,1,1,0,1,1,1,1,1.0,1,0,1,0.9091,1,1,1.0,0,1,1,1,1,1,1.0,1.0,1.0,1.0,1,0.9273,1,1.0,1.0,1.0,1.0,1,1,1,0,0,0,7
mukerrer_veri_seti_v2.csv,REC001671,REC001672,0,0,1,1,0,0,0,0.14,1,0,1,0.2222,1,1,0.6486,0,1,1,0,0,0,0.7043,0.7043,0.5,0.5714,1,0.3778,1,0.4365,1.0,0.4365,1.0,0,1,0,0,0,1,7
mukerrer_veri_seti_v2.csv,REC001715,REC001716,0,0,1,1,0,0,0,0.21,1,0,0,0.32,0,0,0.8582,0,1,1,0,0,0,0.5483,0.5483,0.0,0.3077,1,0.3393,1,0.6151,0.4667,0.6151,0.4667,0,0,0,0,0,0,7
mukerrer_veri_seti_v2.csv,REC001489,REC001490,0,0,1,1,0,0,0,0.28,1,0,1,0.48,0,0,0.6181,0,1,1,0,0,0,0.5131,0.5131,0.0,0.0769,1,0.584,1,0.1667,0.4667,0.0,0.4667,0,0,0,0,0,0,7
mukerrer_veri_seti_v2.csv,REC001401,REC001402,0,0,1,1,0,0,0,0.35,1,0,0,0.4,0,0,0.8829,0,1,1,0,0,0,0.74,0.74,0.5,0.5556,1,0.4147,1,0.64,1.0,0.64,1.0,0,1,0,0,0,1,7
mukerrer_veri_seti_v2.csv,REC000811,REC000812,1,1,0,1,1,1,1,1.0,1,1,1,1.0,1,1,1.0,0,1,1,1,1,1,1.0,1.0,1.0,1.0,1,1.0,1,1.0,1.0,1.0,1.0,1,1,1,0,0,0,7
mukerrer_veri_seti_v2.csv,REC000345,REC000346,1,1,0,1,1,1,1,1.0,1,1,1,1.0,1,1,1.0,0,1,1,0,0,0,0.9111,0.9111,0.5,0.5556,1,1.0,1,1.0,0.5111,1.0,0.5111,1,0,1,0,0,0,7
mukerrer_veri_seti_v2.csv,REC000627,REC000628,1,0,0,0,1,1,1,1.0,1,0,0,0.0,1,1,1.0,0,1,1,1,1,1,1.0,1.0,1.0,1.0,1,0.0,0,1.0,1.0,1.0,1.0,1,1,1,0,0,0,5
mukerrer_veri_seti_v2.csv,REC001463,REC001464,0,0,1,1,0,0,0,0.35,1,0,0,0.5833,1,1,0.6596,0,1,1,1,1,1,1.0,1.0,1.0,1.0,1,0.5614,1,1.0,1.0,1.0,1.0,1,1,0,0,0,0,7
mukerrer_veri_seti_v2.csv,REC000713,REC000714,1,1,0,1,1,1,1,1.0,1,1,1,1.0,1,1,1.0,0,1,1,1,1,1,1.0,1.0,1.0,1.0,1,1.0,1,1.0,1.0,1.0,1.0,1,1,1,0,0,0,7
mukerrer_veri_seti_v2.csv,REC000733,REC000734,1,1,0,1,1,1,1,1.0,1,0,0,1.0,1,1,1.0,0,1,1,1,1,1,1.0,1.0,1.0,1.0,1,0.8176,1,1.0,1.0,1.0,1.0,1,1,1,0,0,0,7
mukerrer_veri_seti_v2.csv,REC001949,REC001950,0,0,1,1,0,0,0,0.28,1,0,0,0.2727,0,0,0.6342,0,1,1,0,0,0,0.5242,0.5242,0.0,0.1818,1,0.3015,1,0.4667,0.2222,0.4667,0.0,0,0,0,0,0,0,7
mukerrer_veri_seti_v2.csv,REC001747,REC001748,0,0,1,1,0,0,0,0.35,1,0,0,0.1667,0,0,0.7547,0,1,1,0,0,0,0.5778,0.5778,0.0,0.0833,1,0.2216,1,0.4556,0.6333,0.4556,0.6333,0,0,0,0,0,0,7
mukerrer_veri_seti_v2.csv,REC001737,REC001738,0,0,1,1,0,0,0,0.21,1,0,0,0.2,0,0,0.5777,0,1,1,0,0,0,0.6,0.6,0.0,0.2,1,0.2074,1,0.4667,0.25,0.4667,0.0,0,0,0,0,0,0,7
mukerrer_veri_seti_v2.csv,REC001037,REC001038,0,0,1,1,0,0,0,0.28,1,0,1,0.6364,0,0,0.6723,0,1,1,0,0,0,0.6414,0.6414,0.35,0.2727,1,0.7091,1,0.4833,0.7,0.4833,0.7,0,0,0,0,0,0,7
mukerrer_veri_seti_v2.csv,REC001239,REC001240,0,0,1,1,0,0,0,0.28,1,0,0,0.3333,0,0,0.6023,0,1,1,1,1,1,1.0,1.0,1.0,1.0,1,0.3456,1,1.0,1.0,1.0,1.0,1,1,0,0,0,0,7
mukerrer_veri_seti_v2.csv,REC000863,REC000864,1,1,0,1,1,1,1,1.0,1,1,1,1.0,1,1,0.9183,0,1,1,1,1,1,1.0,1.0,1.0,1.0,1,1.0,1,1.0,1.0,1.0,1.0,1,1,1,0,0,0,7
mukerrer_veri_seti_v2.csv,REC000073,REC000074,1,1,0,1,1,1,1,1.0,1,1,1,1.0,1,1,1.0,0,1,1,0,0,0,0.96,0.96,0.96,0.6923,1,1.0,1,0.76,1.0,0.76,1.0,0,1,1,0,0,0,7
mukerrer_veri_seti_v2.csv,REC001979,REC001980,0,0,1,1,0,0,0,0.28,1,0,0,0.2609,0,0,0.6688,0,1,1,0,0,0,0.4091,0.4091,0.0,0.0,1,0.3034,1,0.4556,0.0,0.4556,0.0,0,0,0,0,0,0,7
mukerrer_veri_seti_v2.csv,REC000019,REC000020,1,1,0,1,1,1,1,1.0,1,1,1,1.0,1,1,1.0,0,1,1,0,0,0,0.92,0.92,0.92,0.2727,1,1.0,1,0.76,0.76,0.76,0.76,0,0,1,0,0,0,7
mukerrer_veri_seti_v2.csv,REC000357,REC000358,1,1,0,1,1,1,1,1.0,1,1,1,1.0,1,1,1.0,0,1,1,0,0,0,0.9,0.9,0.5,0.5,1,1.0,1,1.0,0.5278,1.0,0.5278,1,0,1,0,0,0,7
mukerrer_veri_seti_v2.csv,REC001967,REC001968,0,0,1,1,0,0,0,0.28,1,0,0,0.2727,0,0,0.687,0,1,1,0,0,0,0.5167,0.5167,0.3666,0.3,1,0.2932,1,0.2222,0.4833,0.0,0.4833,0,0,0,0,0,0,7
mukerrer_veri_seti_v2.csv,REC001203,REC001204,0,0,1,1,0,0,0,0.28,1,0,0,0.4167,0,0,0.6781,0,1,1,0,0,0,0.5859,0.5859,0.0,0.4545,1,0.4048,1,0.6,0.6,0.6,0.6,0,0,0,0,0,0,7
mukerrer_veri_seti_v2.csv,REC000429,REC000430,1,1,0,1,1,1,1,1.0,1,1,1,1.0,1,1,1.0,0,1,1,1,1,1,1.0,1.0,1.0,1.0,1,1.0,1,1.0,1.0,1.0,1.0,1,1,1,0,0,0,7
mukerrer_veri_seti_v2.csv,REC001973,REC001974,0,0,1,1,0,0,0,0.21,1,0,0,0.1905,0,0,0.711,0,1,1,0,0,0,0.4333,0.4333,0.0,0.2,1,0.2053,1,0.0,0.4667,0.0,0.4667,0,0,0,0,0,0,7
mukerrer_veri_seti_v2.csv,REC000941,REC000942,1,1,0,1,1,1,1,1.0,1,1,1,1.0,1,1,1.0,0,1,1,1,1,1,1.0,1.0,1.0,1.0,1,1.0,1,1.0,1.0,1.0,1.0,1,1,1,0,0,0,7
mukerrer_veri_seti_v2.csv,REC000641,REC000642,1,1,0,1,1,1,1,1.0,1,1,1,1.0,1,1,1.0,0,1,1,1,1,1,1.0,1.0,1.0,1.0,1,1.0,1,1.0,1.0,1.0,1.0,1,1,1,0,0,0,7
mukerrer_veri_seti_v2.csv,REC001241,REC001242,0,0,1,1,0,0,0,0.28,1,0,1,0.6,0,0,0.6722,0,1,1,0,0,0,0.4741,0.4741,0.0,0.2,1,0.68,1,0.4833,0.0,0.4833,0.0,0,0,0,0,0,0,7
mukerrer_veri_seti_v2.csv,REC000387,REC000388,1,1,0,1,1,1,1,1.0,1,1,1,1.0,1,1,1.0,0,1,1,1,1,1,1.0,1.0,1.0,1.0,1,1.0,1,1.0,1.0,1.0,1.0,1,1,1,0,0,0,7
mukerrer_veri_seti_v2.csv,REC001159,REC001160,0,0,1,1,0,0,0,0.35,1,0,0,0.3333,0,0,0.7083,0,1,1,0,0,0,0.4407,0.4407,0.0,0.3333,1,0.3567,1,0.2,0.0,0.0,0.0,0,0,0,0,0,0,7
mukerrer_veri_seti_v2.csv,REC001555,REC001556,0,0,1,1,0,0,0,0.49,1,0,0,0.1667,0,0,0.5972,0,1,1,1,1,1,1.0,1.0,1.0,1.0,1,0.151,1,1.0,1.0,1.0,1.0,1,1,0,0,0,0,7
mukerrer_veri_seti_v2.csv,REC001277,REC001278,0,0,1,1,0,0,0,0.35,1,0,0,0.4348,1,1,0.6584,0,1,1,0,0,0,0.7153,0.7153,0.5,0.5833,1,0.4378,1,0.4667,1.0,0.4667,1.0,0,1,0,0,0,1,7
mukerrer_veri_seti_v2.csv,REC000499,REC000500,1,1,0,1,1,1,1,1.0,1,1,1,1.0,1,1,1.0,0,1,1,1,1,1,1.0,1.0,1.0,1.0,1,1.0,1,1.0,1.0,1.0,1.0,1,1,1,0,0,0,7
mukerrer_veri_seti_v2.csv,REC000393,REC000394,1,1,0,1,1,1,1,1.0,1,1,1,1.0,1,1,1.0,0,1,1,0,0,0,0.8727,0.8727,0.5,0.3636,1,1.0,1,1.0,0.0,1.0,0.0,1,0,1,0,0,0,7
mukerrer_veri_seti_v2.csv,REC001899,REC001900,0,0,1,1,0,0,0,0.35,1,0,0,0.0952,0,0,0.5827,0,1,1,0,0,0,0.4667,0.4667,0.0,0.0,1,0.1644,1,0.2222,0.0,0.0,0.0,0,0,0,0,0,0,7
mukerrer_veri_seti_v2.csv,REC000813,REC000814,1,1,0,1,0,0,1,0.8,1,1,1,1.0,1,1,1.0,0,1,1,1,1,1,1.0,1.0,1.0,1.0,1,1.0,1,1.0,1.0,1.0,1.0,1,1,1,0,0,0,7
mukerrer_veri_seti_v2.csv,REC000951,REC000952,1,1,0,1,1,1,1,1.0,1,0,0,1.0,1,1,1.0,0,1,1,1,1,1,1.0,1.0,1.0,1.0,1,0.8882,1,1.0,1.0,1.0,1.0,1,1,1,0,0,0,7
mukerrer_veri_seti_v2.csv,REC001001,REC001002,0,0,1,1,0,0,0,0.28,1,0,0,0.2222,1,1,0.7131,0,1,1,0,0,0,0.6282,0.6282,0.0,0.3077,1,0.2528,1,0.3636,0.68,0.0,0.68,0,0,0,0,0,0,7
mukerrer_veri_seti_v2.csv,REC000655,REC000656,1,1,0,1,1,1,1,1.0,1,1,1,1.0,1,1,1.0,0,1,1,0,0,0,0.9576,0.9576,0.9533,0.9091,1,1.0,1,0.9067,1.0,0.9067,1.0,0,1,1,0,0,0,7
mukerrer_veri_seti_v2.csv,REC000347,REC000348,1,1,0,1,1,1,1,1.0,1,1,1,1.0,1,1,1.0,0,1,1,1,0,1,0.9692,0.9692,0.9667,0.9231,1,1.0,1,1.0,0.9333,1.0,0.9333,1,0,1,0,0,0,7
mukerrer_veri_seti_v2.csv,REC001675,REC001676,0,0,1,1,0,0,0,0.14,1,0,0,0.25,1,1,0.7778,0,1,1,0,0,0,0.74,0.74,0.8933,0.8333,1,0.2333,1,0.7867,1.0,0.7867,1.0,0,1,0,0,0,1,7
mukerrer_veri_seti_v2.csv,REC000301,REC000302,1,1,0,1,1,1,1,1.0,1,1,1,1.0,1,1,1.0,0,1,1,0,0,0,0.8727,0.8727,0.5,0.3636,1,1.0,1,1.0,0.0,1.0,0.0,1,0,1,0,0,0,7
mukerrer_veri_seti_v2.csv,REC001701,REC001702,0,0,1,1,0,0,0,0.21,1,0,0,0.1667,0,0,0.9714,0,1,1,0,0,0,0.4517,0.4517,0.0,0.2143,1,0.2596,1,0.4444,0.0,0.4444,0.0,0,0,0,0,0,0,7
mukerrer_veri_seti_v2.csv,REC000977,REC000978,1,1,0,1,1,1,1,1.0,1,1,1,1.0,1,1,0.9372,0,1,1,1,1,1,1.0,1.0,1.0,1.0,1,1.0,1,1.0,1.0,1.0,1.0,1,1,1,0,0,0,7
mukerrer_veri_seti_v2.csv,REC000137,REC000138,1,1,0,1,1,1,1,1.0,1,1,1,1.0,1,1,1.0,0,1,1,1,0,1,0.96,0.96,0.96,0.6364,1,1.0,1,1.0,0.76,1.0,0.76,1,0,1,0,0,0,7
mukerrer_veri_seti_v2.csv,REC000577,REC000578,1,1,0,1,0,0,0,0.63,1,1,1,1.0,1,1,1.0,0,1,1,1,1,1,1.0,1.0,1.0,1.0,1,1.0,1,1.0,1.0,1.0,1.0,1,1,1,0,0,0,7
mukerrer_veri_seti_v2.csv,REC000247,REC000248,1,1,0,1,1,1,1,1.0,1,1,1,1.0,1,1,1.0,0,1,1,1,0,1,0.96,0.96,0.96,0.6364,1,1.0,1,1.0,0.76,1.0,0.76,1,0,1,0,0,0,7
mukerrer_veri_seti_v2.csv,REC000219,REC000220,1,1,0,1,1,1,1,1.0,1,1,1,1.0,1,1,1.0,0,1,1,0,0,0,0.96,0.96,0.96,0.7143,1,1.0,1,0.76,1.0,0.76,1.0,0,1,1,0,0,0,7
mukerrer_veri_seti_v2.csv,REC000465,REC000466,1,1,0,1,1,1,1,1.0,1,1,1,1.0,1,1,1.0,0,1,1,0,0,0,0.9417,0.9417,0.9416,0.875,1,1.0,1,0.8833,1.0,0.8833,1.0,0,1,1,0,0,0,7
mukerrer_veri_seti_v2.csv,REC000455,REC000456,1,1,0,1,1,1,1,1.0,1,1,1,1.0,1,1,1.0,0,1,1,1,1,1,1.0,1.0,1.0,1.0,1,1.0,1,1.0,1.0,1.0,1.0,1,1,1,0,0,0,7
mukerrer_veri_seti_v2.csv,REC001107,REC001108,0,0,1,1,0,0,0,0.21,1,0,0,0.1905,1,1,0.6204,0,1,1,0,0,0,0.6722,0.6722,0.5,0.5,1,0.1857,1,0.2222,1.0,0.0,1.0,0,1,0,0,0,1,7
mukerrer_veri_seti_v2.csv,REC000281,REC000282,1,1,0,1,1,1,1,1.0,1,1,1,1.0,1,1,1.0,0,1,1,1,1,1,0.74,0.74,0.6667,0.8462,1,1.0,1,1.0,1.0,1.0,1.0,1,1,1,0,0,1,7
mukerrer_veri_seti_v2.csv,REC000537,REC000538,1,1,0,1,0,0,0,0.63,1,1,1,1.0,1,1,1.0,0,1,1,1,1,1,1.0,1.0,1.0,1.0,1,1.0,1,1.0,1.0,1.0,1.0,1,1,1,0,0,0,7
mukerrer_veri_seti_v2.csv,REC000005,REC000006,1,1,0,1,1,1,1,1.0,1,1,1,1.0,1,1,1.0,0,1,1,0,0,0,0.92,0.92,0.92,0.3,1,1.0,1,0.775,0.76,0.775,0.76,0,0,1,0,0,0,7
mukerrer_veri_seti_v2.csv,REC001391,REC001392,0,0,1,1,0,0,0,0.21,1,0,1,0.1481,0,0,0.7,0,1,1,0,0,0,0.74,0.74,0.3543,0.7692,1,0.3185,1,0.67,1.0,0.67,1.0,0,1,0,0,0,1,7
mukerrer_veri_seti_v2.csv,REC001451,REC001452,0,0,1,1,0,0,0,0.21,1,0,1,0.2857,0,0,0.6923,0,1,1,1,1,1,1.0,1.0,1.0,1.0,1,0.4286,1,1.0,1.0,1.0,1.0,1,1,0,0,0,0,7
mukerrer_veri_seti_v2.csv,REC000231,REC000232,1,1,0,1,1,1,1,1.0,1,1,1,1.0,1,1,1.0,0,1,1,0,0,0,0.7375,0.7375,0.46,0.375,1,1.0,1,0.8,0.775,0.8,0.775,0,0,1,0,0,0,7
mukerrer_veri_seti_v2.csv,REC001495,REC001496,0,0,1,1,0,0,0,0.21,1,0,0,0.3478,0,0,0.652,0,1,1,1,1,1,1.0,1.0,1.0,1.0,1,0.3616,1,1.0,1.0,1.0,1.0,1,1,0,0,0,0,7
mukerrer_veri_seti_v2.csv,REC001975,REC001976,0,0,1,1,0,0,0,0.28,1,0,0,0.0741,0,0,0.6398,0,1,1,0,0,0,0.5464,0.5464,0.0,0.1538,1,0.1493,1,0.5778,0.4111,0.5778,0.4111,0,0,0,0,0,0,7
mukerrer_veri_seti_v2.csv,REC001719,REC001720,0,0,1,1,0,0,0,0.28,1,0,0,0.2222,0,0,0.6663,0,1,1,0,0,0,0.3965,0.3965,0.0,0.25,1,0.2094,1,0.2,0.0,0.0,0.0,0,0,0,0,0,0,7
mukerrer_veri_seti_v2.csv,REC000971,REC000972,1,0,0,0,1,1,1,1.0,1,1,1,1.0,1,1,1.0,0,1,1,0,0,0,0.9556,0.9556,0.9334,0.8889,1,1.0,1,1.0,0.8667,1.0,0.8667,1,0,1,0,0,0,6
mukerrer_veri_seti_v2.csv,REC000657,REC000658,1,1,0,1,1,1,1,1.0,1,1,1,1.0,1,1,1.0,0,1,1,1,1,1,1.0,1.0,1.0,1.0,1,1.0,1,1.0,1.0,1.0,1.0,1,1,1,0,0,0,7
mukerrer_veri_seti_v2.csv,REC000705,REC000706,1,1,0,1,1,1,1,1.0,1,1,1,1.0,1,1,0.9284,0,1,1,1,1,1,1.0,1.0,1.0,1.0,1,1.0,1,1.0,1.0,1.0,1.0,1,1,1,0,0,0,7
mukerrer_veri_seti_v2.csv,REC000269,REC000270,1,1,0,1,1,1,1,1.0,1,1,1,1.0,1,1,1.0,0,1,1,1,0,1,0.9636,0.9636,0.6667,0.8182,1,1.0,1,1.0,0.0,1.0,0.0,1,0,1,0,0,0,7
mukerrer_veri_seti_v2.csv,REC001591,REC001592,0,0,1,1,0,0,0,0.21,1,0,0,0.32,0,0,0.5777,0,1,1,1,1,1,1.0,1.0,1.0,1.0,1,0.3274,1,1.0,1.0,1.0,1.0,1,1,0,0,0,0,7
mukerrer_veri_seti_v2.csv,REC000647,REC000648,1,0,0,0,1,1,1,1.0,1,0,0,0.0,1,1,1.0,0,1,1,1,1,1,1.0,1.0,1.0,1.0,1,0.0,0,1.0,1.0,1.0,1.0,1,1,1,0,0,0,5
mukerrer_veri_seti_v2.csv,REC001527,REC001528,0,0,1,1,0,0,0,0.35,1,0,0,0.16,0,0,0.7509,0,1,1,0,0,0,0.4637,0.4637,0.0,0.1538,1,0.2069,1,0.4444,0.4556,0.4444,0.4556,0,0,0,0,0,0,7
mukerrer_veri_seti_v2.csv,REC001563,REC001564,0,0,1,1,0,0,0,0.35,1,0,0,0.32,1,1,0.6989,0,1,1,0,0,0,0.74,0.74,0.5,0.6923,1,0.3507,1,0.6786,1.0,0.6786,1.0,0,1,0,0,0,1,7
mukerrer_veri_seti_v2.csv,REC001147,REC001148,0,0,1,1,0,0,0,0.14,1,0,0,0.4706,1,1,0.6694,0,1,1,0,0,0,0.5,0.5,0.5,0.7273,1,0.3941,1,0.2222,0.0,0.0,0.0,0,0,0,0,0,0,7
mukerrer_veri_seti_v2.csv,REC001921,REC001922,0,0,1,1,0,0,0,0.35,1,0,0,0.1538,0,0,0.5973,0,1,1,0,0,0,0.5707,0.5707,0.0,0.1667,1,0.1981,1,0.2222,0.5619,0.0,0.5619,0,0,0,0,0,0,7
mukerrer_veri_seti_v2.csv,REC000821,REC000822,1,1,0,1,1,1,1,1.0,1,1,1,1.0,1,1,1.0,0,1,1,1,1,1,1.0,1.0,1.0,1.0,1,1.0,1,1.0,1.0,1.0,1.0,1,1,1,0,0,0,7
mukerrer_veri_seti_v2.csv,REC000025,REC000026,1,1,0,1,1,1,1,1.0,1,1,1,1.0,1,1,1.0,0,1,1,0,0,0,0.92,0.92,0.92,0.2727,1,1.0,1,0.76,0.76,0.76,0.76,0,0,1,0,0,0,7
mukerrer_veri_seti_v2.csv,REC001803,REC001804,0,0,1,1,0,0,0,0.21,1,0,0,0.48,0,0,0.5651,0,1,1,0,0,0,0.6414,0.6414,0.3695,0.5455,1,0.4016,1,0.7389,0.4833,0.7389,0.4833,0,0,0,0,0,0,7
mukerrer_veri_seti_v2.csv,REC001303,REC001304,0,0,1,1,0,0,0,0.28,1,0,0,0.5217,0,0,0.8197,0,1,1,1,0,1,0.835,0.835,0.5,0.5385,1,0.4963,1,1.0,0.5029,1.0,0.5029,1,0,0,0,0,0,7
mukerrer_veri_seti_v2.csv,REC000267,REC000268,1,1,0,1,1,1,1,1.0,1,1,1,1.0,1,1,1.0,0,1,1,1,0,1,0.74,0.74,0.6667,0.8462,1,1.0,1,1.0,1.0,1.0,1.0,1,1,1,0,0,1,7
mukerrer_veri_seti_v2.csv,REC001845,REC001846,0,0,1,1,0,0,0,0.21,1,0,0,0.6364,0,0,0.6552,0,1,1,0,0,0,0.82,0.82,0.805,0.6,1,0.5924,1,0.805,0.805,0.805,0.805,0,0,0,0,0,0,7
mukerrer_veri_seti_v2.csv,REC000439,REC000440,1,1,0,1,1,1,1,1.0,1,1,1,1.0,1,1,1.0,0,1,1,1,1,1,1.0,1.0,1.0,1.0,1,1.0,1,1.0,1.0,1.0,1.0,1,1,1,0,0,0,7
mukerrer_veri_seti_v2.csv,REC000377,REC000378,1,1,0,1,1,1,1,1.0,1,1,1,1.0,1,1,1.0,0,1,1,1,1,1,1.0,1.0,1.0,1.0,1,1.0,1,1.0,1.0,1.0,1.0,1,1,1,0,0,0,7
mukerrer_veri_seti_v2.csv,REC000539,REC000540,1,1,0,1,1,1,1,1.0,1,1,1,1.0,1,1,1.0,0,1,1,0,0,0,0.5,0.5,0.5,0.3846,1,1.0,1,0.4476,1.0,0.4476,1.0,0,1,1,1,1,0,7
mukerrer_veri_seti_v2.csv,REC000915,REC000916,1,0,0,0,1,1,1,1.0,1,1,1,1.0,1,1,0.0,0,1,1,1,1,1,1.0,1.0,1.0,1.0,1,1.0,1,1.0,1.0,1.0,1.0,1,1,1,0,0,0,5
mukerrer_veri_seti_v2.csv,REC000617,REC000618,1,0,0,0,1,1,1,1.0,1,0,0,0.0,1,1,1.0,0,1,1,1,1,1,1.0,1.0,1.0,1.0,1,0.0,0,1.0,1.0,1.0,1.0,1,1,1,0,0,0,5
mukerrer_veri_seti_v2.csv,REC000509,REC000510,1,1,0,1,1,1,1,1.0,1,1,1,1.0,1,1,1.0,0,1,1,1,0,1,0.9636,0.9636,0.94,0.9091,1,1.0,1,1.0,0.88,1.0,0.88,1,0,1,0,0,0,7
mukerrer_veri_seti_v2.csv,REC001181,REC001182,0,0,1,1,0,0,0,0.21,1,0,1,0.1481,0,0,0.6822,0,1,1,1,1,1,1.0,1.0,1.0,1.0,1,0.3185,1,1.0,1.0,1.0,1.0,1,1,0,0,0,0,7
mukerrer_veri_seti_v2.csv,REC001497,REC001498,0,0,1,1,0,0,0,0.28,1,0,0,0.1538,0,0,0.6599,0,1,1,1,1,1,1.0,1.0,1.0,1.0,1,0.2064,1,1.0,1.0,1.0,1.0,1,1,0,0,0,0,7
mukerrer_veri_seti_v2.csv,REC001195,REC001196,0,0,1,1,0,0,0,0.14,1,0,0,0.3333,1,1,0.6087,0,1,1,0,0,0,0.5,0.5,0.5,0.6667,1,0.35,1,0.0,0.0,0.0,0.0,0,0,0,0,0,0,7
mukerrer_veri_seti_v2.csv,REC001023,REC001024,0,0,1,1,0,0,0,0.21,1,0,1,0.2,1,1,0.6598,0,1,1,0,0,0,0.74,0.74,0.5,0.6364,1,0.36,1,0.535,1.0,0.535,1.0,0,1,0,0,0,1,7
mukerrer_veri_seti_v2.csv,REC001423,REC001424,0,0,1,1,0,0,0,0.35,1,0,0,0.2308,0,0,0.8379,0,1,1,1,1,1,1.0,1.0,1.0,1.0,1,0.2636,1,1.0,1.0,1.0,1.0,1,1,0,0,0,0,7
mukerrer_veri_seti_v2.csv,REC001835,REC001836,0,0,1,1,0,0,0,0.42,1,0,0,0.2609,0,0,0.7273,0,1,1,0,0,0,0.4924,0.4924,0.0,0.1818,1,0.2987,1,0.4667,0.4667,0.4667,0.4667,0,0,0,0,0,0,7
mukerrer_veri_seti_v2.csv,REC001933,REC001934,0,0,1,1,0,0,0,0.21,1,0,1,0.2222,0,0,0.6818,0,1,1,0,0,0,0.4338,0.4338,0.0,0.0769,1,0.3778,1,0.0,0.5619,0.0,0.5619,0,0,0,0,0,0,7
mukerrer_veri_seti_v2.csv,REC001691,REC001692,0,0,1,1,0,0,0,0.28,1,0,0,0.2308,1,1,0.6087,0,1,1,0,0,0,0.74,0.74,0.5,0.6364,1,0.2801,1,0.52,1.0,0.52,1.0,0,1,0,0,0,1,7
mukerrer_veri_seti_v2.csv,REC000815,REC000816,1,1,0,1,0,0,0,0.63,1,1,1,1.0,1,1,0.9474,0,1,1,1,1,1,1.0,1.0,1.0,1.0,1,1.0,1,1.0,1.0,1.0,1.0,1,1,1,0,0,0,7
mukerrer_veri_seti_v2.csv,REC000513,REC000514,1,1,0,1,1,1,1,1.0,1,1,1,1.0,1,1,1.0,0,1,1,0,0,0,0.5,0.5,0.5,0.4615,1,1.0,1,0.6667,1.0,0.6667,1.0,0,1,1,0,1,0,7
mukerrer_veri_seti_v2.csv,REC001129,REC001130,0,0,1,1,0,0,0,0.35,1,0,0,0.2727,1,1,0.8331,0,1,1,0,0,0,0.8939,0.8939,0.5,0.5455,1,0.3136,1,1.0,0.4,1.0,0.0,1,0,0,0,0,0,7
mukerrer_veri_seti_v2.csv,REC001873,REC001874,0,0,1,1,0,0,0,0.21,1,0,1,0.087,0,0,0.7018,0,1,1,0,0,0,0.4513,0.4513,0.0,0.1538,1,0.2696,1,0.0,0.5029,0.0,0.5029,0,0,0,0,0,0,7
mukerrer_veri_seti_v2.csv,REC000911,REC000912,1,1,0,1,1,1,1,1.0,1,1,1,1.0,1,1,1.0,0,1,1,1,0,1,0.9636,0.9636,0.96,0.9091,1,1.0,1,1.0,0.92,1.0,0.92,1,0,1,0,0,0,7
mukerrer_veri_seti_v2.csv,REC000781,REC000782,1,1,0,1,1,1,1,1.0,1,1,1,1.0,1,1,1.0,0,1,1,1,1,1,1.0,1.0,1.0,1.0,1,1.0,1,1.0,1.0,1.0,1.0,1,1,1,0,0,0,7
mukerrer_veri_seti_v2.csv,REC000979,REC000980,1,1,0,1,1,1,1,1.0,1,1,1,1.0,1,1,0.931,0,1,1,1,1,1,1.0,1.0,1.0,1.0,1,1.0,1,1.0,1.0,1.0,1.0,1,1,1,0,0,0,7
mukerrer_veri_seti_v2.csv,REC001047,REC001048,0,0,1,1,0,0,0,0.14,1,0,0,0.0833,0,0,0.699,0,1,1,1,1,1,1.0,1.0,1.0,1.0,1,0.15,1,1.0,1.0,1.0,1.0,1,1,0,0,0,0,7
mukerrer_veri_seti_v2.csv,REC001365,REC001366,0,0,1,1,0,0,0,0.35,1,0,0,0.4167,0,0,0.7368,0,1,1,0,0,0,0.4904,0.4904,0.0,0.25,1,0.4083,1,0.0,0.4444,0.0,0.4444,0,0,0,0,0,0,7
mukerrer_veri_seti_v2.csv,REC001363,REC001364,0,0,1,1,0,0,0,0.35,1,0,0,0.3158,0,0,0.6204,0,1,1,1,1,1,1.0,1.0,1.0,1.0,1,0.3481,1,1.0,1.0,1.0,1.0,1,1,0,0,0,0,7
mukerrer_veri_seti_v2.csv,REC001133,REC001134,0,0,1,1,0,0,0,0.21,1,0,0,0.1905,0,0,0.6461,0,1,1,1,1,1,1.0,1.0,1.0,1.0,1,0.17,1,1.0,1.0,1.0,1.0,1,1,0,0,0,0,7
mukerrer_veri_seti_v2.csv,REC001673,REC001674,0,0,1,1,0,0,0,0.35,1,0,1,0.5556,0,0,0.6476,0,1,1,0,0,0,0.5315,0.5315,0.0,0.2,1,0.6444,1,0.0,0.6333,0.0,0.6333,0,0,0,0,0,0,7
mukerrer_veri_seti_v2.csv,REC001061,REC001062,0,0,1,1,0,0,0,0.28,1,0,0,0.0952,0,0,0.6772,0,1,1,1,0,1,0.8956,0.8956,0.8534,0.7,1,0.0929,1,1.0,0.7067,1.0,0.7067,1,0,0,0,0,0,7
mukerrer_veri_seti_v2.csv,REC001035,REC001036,0,0,1,1,0,0,0,0.28,1,0,0,0.3,0,0,0.6181,0,1,1,1,1,1,1.0,1.0,1.0,1.0,1,0.3257,1,1.0,1.0,1.0,1.0,1,1,0,0,0,0,7
mukerrer_veri_seti_v2.csv,REC000489,REC000490,1,1,0,1,1,1,1,1.0,1,1,1,1.0,1,1,1.0,0,1,1,0,0,0,0.9576,0.9576,0.9533,0.9091,1,1.0,1,0.9067,1.0,0.9067,1.0,0,1,1,0,0,0,7
mukerrer_veri_seti_v2.csv,REC000159,REC000160,1,1,0,1,1,1,1,1.0,1,1,1,1.0,1,1,1.0,0,1,1,1,0,1,0.74,0.74,0.6667,0.8462,1,1.0,1,1.0,1.0,1.0,1.0,1,1,1,0,0,1,7
mukerrer_veri_seti_v2.csv,REC001177,REC001178,0,0,1,1,0,0,0,0.35,1,0,0,0.2308,0,0,0.717,0,1,1,0,0,0,0.4924,0.4924,0.0,0.1818,1,0.2528,1,0.4833,0.4556,0.4833,0.4556,0,0,0,0,0,0,7
mukerrer_veri_seti_v2.csv,REC001703,REC001704,0,0,1,1,0,0,0,0.21,1,0,0,0.2308,0,0,0.669,0,1,1,0,0,0,0.5237,0.5237,0.0,0.1667,1,0.2703,1,0.4556,0.2,0.4556,0.0,0,0,0,0,0,0,7
mukerrer_veri_seti_v2.csv,REC000209,REC000210,1,1,0,1,1,1,1,1.0,1,1,1,1.0,1,1,1.0,0,1,1,0,0,0,0.96,0.96,0.96,0.6364,1,1.0,1,0.76,1.0,0.76,1.0,0,1,1,0,0,0,7
mukerrer_veri_seti_v2.csv,REC001955,REC001956,0,0,1,1,0,0,0,0.35,1,0,0,0.25,0,0,0.8571,0,1,1,0,0,0,0.5429,0.5429,0.0,0.25,1,0.2529,1,0.4833,0.5619,0.4833,0.5619,0,0,0,0,0,0,7
mukerrer_veri_seti_v2.csv,REC001523,REC001524,0,0,1,1,0,0,0,0.21,1,0,1,0.5455,0,0,0.6521,0,1,1,0,0,0,0.4936,0.4936,0.0,0.0769,1,0.6364,1,0.4667,0.0,0.4667,0.0,0,0,0,0,0,0,7
mukerrer_veri_seti_v2.csv,REC001889,REC001890,0,0,1,1,0,0,0,0.21,1,0,0,0.32,0,0,0.5764,0,1,1,0,0,0,0.5093,0.5093,0.0,0.0833,1,0.346,1,0.2,0.5,0.0,0.5,0,0,0,0,0,0,7
mukerrer_veri_seti_v2.csv,REC001985,REC001986,0,0,1,1,0,0,0,0.14,1,0,1,0.2727,0,0,0.6444,0,1,1,0,0,0,0.5315,0.5315,0.4,0.3,1,0.4182,1,0.0,0.8,0.0,0.8,0,0,0,0,0,0,7
mukerrer_veri_seti_v2.csv,REC001011,REC001012,0,0,1,1,0,0,0,0.21,1,0,1,0.6087,0,0,0.6225,0,1,1,0,0,0,0.5617,0.5617,0.0,0.2308,1,0.687,1,0.6057,0.4667,0.6057,0.4667,0,0,0,0,0,0,7
mukerrer_veri_seti_v2.csv,REC000675,REC000676,1,1,0,1,1,1,1,1.0,1,1,1,1.0,1,1,0.0,0,1,1,1,1,1,1.0,1.0,1.0,1.0,1,1.0,1,1.0,1.0,1.0,1.0,1,1,1,0,0,0,6
mukerrer_veri_seti_v2.csv,REC001821,REC001822,0,0,1,1,0,0,0,0.35,1,0,0,0.3333,0,0,0.6551,0,1,1,0,0,0,0.5985,0.5985,0.0,0.1667,1,0.3772,1,0.4667,0.4556,0.4667,0.4556,0,0,0,0,0,0,7
mukerrer_veri_seti_v2.csv,REC000707,REC000708,1,1,0,1,1,1,1,1.0,1,1,1,1.0,1,1,0.0,0,1,1,1,1,1,1.0,1.0,1.0,1.0,1,1.0,1,1.0,1.0,1.0,1.0,1,1,1,0,0,0,6
mukerrer_veri_seti_v2.csv,REC000285,REC000286,1,1,0,1,1,1,1,1.0,1,1,1,1.0,1,1,1.0,0,1,1,0,0,0,0.96,0.96,0.96,0.7,1,1.0,1,0.775,1.0,0.775,1.0,0,1,1,0,0,0,7
mukerrer_veri_seti_v2.csv,REC001097,REC001098,0,0,1,1,0,0,0,0.14,1,0,0,0.2609,0,0,0.7053,0,1,1,1,1,1,1.0,1.0,1.0,1.0,1,0.2801,1,1.0,1.0,1.0,1.0,1,1,0,0,0,0,7
mukerrer_veri_seti_v2.csv,REC001505,REC001506,0,0,1,1,0,0,0,0.35,1,0,0,0.16,1,1,0.663,0,1,1,0,0,0,0.5,0.5,0.5,0.4615,1,0.2113,1,0.4667,0.4476,0.4667,0.4476,0,0,0,0,0,0,7
mukerrer_veri_seti_v2.csv,REC000575,REC000576,1,1,0,1,1,1,1,1.0,1,1,1,1.0,1,1,1.0,0,1,1,0,0,0,0.8909,0.8909,0.5,0.4545,1,1.0,1,1.0,0.6,1.0,0.6,1,0,1,0,0,0,7
mukerrer_veri_seti_v2.csv,REC001227,REC001228,0,0,1,1,0,0,0,0.28,1,0,0,0.16,1,1,0.6863,0,1,1,1,0,1,0.8788,0.8788,0.5,0.6667,1,0.1912,1,1.0,0.535,1.0,0.535,1,0,0,0,0,0,7
mukerrer_veri_seti_v2.csv,REC001639,REC001640,0,0,1,1,0,0,0,0.35,1,0,0,0.087,1,1,0.6286,0,1,1,0,0,0,0.7222,0.7222,0.5,0.4444,1,0.1596,1,0.4667,1.0,0.4667,1.0,0,1,0,0,0,1,7
mukerrer_veri_seti_v2.csv,REC000717,REC000718,1,1,0,1,0,0,1,0.8,1,0,1,0.9524,1,1,1.0,0,1,1,1,1,1,1.0,1.0,1.0,1.0,1,0.9619,1,1.0,1.0,1.0,1.0,1,1,0,0,0,0,7
mukerrer_veri_seti_v2.csv,REC000677,REC000678,1,1,0,1,1,1,1,1.0,1,1,1,1.0,1,1,1.0,0,1,1,1,1,1,1.0,1.0,1.0,1.0,1,1.0,1,1.0,1.0,1.0,1.0,1,1,1,0,0,0,7
mukerrer_veri_seti_v2.csv,REC000407,REC000408,1,1,0,1,1,1,1,1.0,1,1,1,1.0,1,1,1.0,0,1,1,0,0,0,0.8833,0.8833,0.5,0.4167,1,1.0,1,1.0,0.1818,1.0,0.0,1,0,1,0,0,0,7
mukerrer_veri_seti_v2.csv,REC000009,REC000010,1,1,0,1,1,1,1,1.0,1,1,1,1.0,1,1,1.0,0,1,1,0,0,0,0.96,0.96,0.96,0.5455,1,1.0,1,0.75,1.0,0.75,1.0,0,1,1,0,0,0,7
mukerrer_veri_seti_v2.csv,REC001251,REC001252,0,0,1,1,0,0,0,0.35,1,0,0,0.2222,0,0,0.65,0,1,1,0,0,0,0.4815,0.4815,0.0,0.1111,1,0.2725,1,0.25,0.0,0.0,0.0,0,0,0,0,0,0,7
mukerrer_veri_seti_v2.csv,REC001265,REC001266,0,0,1,1,0,0,0,0.35,1,0,1,0.1905,1,1,0.6829,0,1,1,0,0,0,0.6596,0.6596,0.5,0.5455,1,0.3524,1,0.0,1.0,0.0,1.0,0,1,0,0,0,1,7
mukerrer_veri_seti_v2.csv,REC000055,REC000056,1,1,0,1,1,1,1,1.0,1,1,1,1.0,1,1,1.0,0,1,1,0,1,1,0.74,0.74,0.6667,0.8824,1,1.0,1,0.25,1.0,0.0,1.0,0,1,1,1,1,1,7
mukerrer_veri_seti_v2.csv,REC000279,REC000280,1,1,0,1,1,1,1,1.0,1,1,1,1.0,1,1,1.0,0,1,1,0,0,0,0.96,0.96,0.96,0.6364,1,1.0,1,0.76,1.0,0.76,1.0,0,1,1,0,0,0,7
mukerrer_veri_seti_v2.csv,REC001229,REC001230,0,0,1,1,0,0,0,0.21,1,0,0,0.1538,1,1,0.6157,0,1,1,0,0,0,0.74,0.74,0.5,0.6923,1,0.202,1,0.675,1.0,0.675,1.0,0,1,0,0,0,1,7
mukerrer_veri_seti_v2.csv,REC001121,REC001122,0,0,1,1,0,0,0,0.28,1,0,0,0.1538,0,0,0.5861,0,1,1,1,1,1,1.0,1.0,1.0,1.0,1,0.2494,1,1.0,1.0,1.0,1.0,1,1,0,0,0,0,7
mukerrer_veri_seti_v2.csv,REC000113,REC000114,1,1,0,1,1,1,1,1.0,1,1,1,1.0,1,1,1.0,0,1,1,0,0,0,0.96,0.96,0.96,0.6364,1,1.0,1,0.76,1.0,0.76,1.0,0,1,1,0,0,0,7
mukerrer_veri_seti_v2.csv,REC001429,REC001430,0,0,1,1,0,0,0,0.14,1,0,0,0.3478,0,0,0.6084,0,1,1,0,0,0,0.7051,0.7051,0.375,0.7273,1,0.3601,1,0.55,1.0,0.55,1.0,0,1,0,0,0,1,7
mukerrer_veri_seti_v2.csv,REC000475,REC000476,1,1,0,1,1,1,1,1.0,1,0,1,0.9474,1,1,1.0,0,1,1,1,1,1,1.0,1.0,1.0,1.0,1,0.9579,1,1.0,1.0,1.0,1.0,1,1,1,0,0,0,7
mukerrer_veri_seti_v2.csv,REC000831,REC000832,1,1,0,1,0,0,0,0.63,1,1,1,1.0,1,1,0.9231,0,1,1,1,1,1,1.0,1.0,1.0,1.0,1,1.0,1,1.0,1.0,1.0,1.0,1,1,1,0,0,0,7
mukerrer_veri_seti_v2.csv,REC001279,REC001280,0,0,1,1,0,0,0,0.21,1,0,0,0.24,1,1,0.7368,0,1,1,0,0,0,0.5278,0.5278,0.5,0.5,1,0.2867,1,0.0,1.0,0.0,1.0,0,1,0,0,0,1,7
mukerrer_veri_seti_v2.csv,REC001331,REC001332,0,0,1,1,0,0,0,0.21,1,0,0,0.3704,0,0,0.6313,0,1,1,1,1,1,1.0,1.0,1.0,1.0,1,0.3677,1,1.0,1.0,1.0,1.0,1,1,0,0,0,0,7
mukerrer_veri_seti_v2.csv,REC001861,REC001862,0,0,1,1,0,0,0,0.42,1,0,0,0.1818,0,0,0.7188,0,1,1,0,0,0,0.5167,0.5167,0.0,0.0,1,0.2288,1,0.5778,0.5278,0.5778,0.5278,0,0,0,0,0,0,7
mukerrer_veri_seti_v2.csv,REC001799,REC001800,0,0,1,1,0,0,0,0.28,1,0,1,0.1429,0,0,0.6815,0,1,1,0,0,0,0.4333,0.4333,0.0,0.0667,1,0.3143,1,0.4226,0.0,0.4226,0.0,0,0,0,0,0,0,7
mukerrer_veri_seti_v2.csv,REC001143,REC001144,0,0,1,1,0,0,0,0.28,1,0,0,0.1481,0,0,0.7333,0,1,1,1,1,1,1.0,1.0,1.0,1.0,1,0.1935,1,1.0,1.0,1.0,1.0,1,1,0,0,0,0,7
mukerrer_veri_seti_v2.csv,REC000955,REC000956,1,1,0,1,1,1,1,1.0,1,1,1,1.0,1,1,1.0,0,1,1,1,1,1,1.0,1.0,1.0,1.0,1,1.0,1,1.0,1.0,1.0,1.0,1,1,1,0,0,0,7
mukerrer_veri_seti_v2.csv,REC001545,REC001546,0,0,1,1,0,0,0,0.14,1,0,1,0.1538,0,0,0.7869,0,1,1,1,0,1,0.9846,0.9846,0.9733,0.9231,1,0.3231,1,1.0,0.9467,1.0,0.9467,1,0,0,0,0,0,7
mukerrer_veri_seti_v2.csv,REC001441,REC001442,0,0,1,1,0,0,0,0.35,1,0,0,0.1739,1,1,0.7586,0,1,1,0,0,0,0.8673,0.8673,0.5,0.6364,1,0.2106,1,1.0,0.6622,1.0,0.6622,1,0,0,0,0,0,7
mukerrer_veri_seti_v2.csv,REC000793,REC000794,1,1,0,1,1,1,1,1.0,1,0,0,0.0,1,1,1.0,0,1,1,1,1,1,1.0,1.0,1.0,1.0,1,0.0,0,1.0,1.0,1.0,1.0,1,1,1,0,0,0,6
mukerrer_veri_seti_v2.csv,REC000881,REC000882,1,1,0,1,1,1,1,1.0,1,1,1,1.0,1,1,1.0,0,1,1,1,1,1,1.0,1.0,1.0,1.0,1,1.0,1,1.0,1.0,1.0,1.0,1,1,1,0,0,0,7
mukerrer_veri_seti_v2.csv,REC000511,REC000512,1,1,0,1,1,1,1,1.0,1,1,1,1.0,1,1,1.0,0,1,1,1,1,1,1.0,1.0,1.0,1.0,1,1.0,1,1.0,1.0,1.0,1.0,1,1,1,0,0,0,7
mukerrer_veri_seti_v2.csv,REC000625,REC000626,1,1,0,1,1,1,1,1.0,1,1,1,1.0,1,1,1.0,0,1,1,1,1,1,1.0,1.0,1.0,1.0,1,1.0,1,1.0,1.0,1.0,1.0,1,1,1,0,0,0,7
mukerrer_veri_seti_v2.csv,REC001255,REC001256,0,0,1,1,0,0,0,0.28,1,0,1,0.5714,0,0,0.807,0,1,1,0,0,0,0.4629,0.4629,0.0,0.1818,1,0.6571,1,0.0,0.6333,0.0,0.6333,0,0,0,0,0,0,7
mukerrer_veri_seti_v2.csv,REC000309,REC000310,1,1,0,1,1,1,1,1.0,1,1,1,1.0,1,1,1.0,0,1,1,1,1,1,1.0,1.0,1.0,1.0,1,1.0,1,1.0,1.0,1.0,1.0,1,1,1,0,0,0,7
mukerrer_veri_seti_v2.csv,REC000567,REC000568,1,1,0,1,1,1,1,1.0,1,1,1,1.0,1,1,1.0,0,1,1,1,1,1,1.0,1.0,1.0,1.0,1,1.0,1,1.0,1.0,1.0,1.0,1,1,1,0,0,0,7
mukerrer_veri_seti_v2.csv,REC000079,REC000080,1,1,0,1,1,1,1,1.0,1,1,1,1.0,1,1,1.0,0,1,1,0,0,0,0.92,0.92,0.92,0.25,1,1.0,1,0.7429,0.775,0.7429,0.775,0,0,1,0,0,0,7
mukerrer_veri_seti_v2.csv,REC000459,REC000460,1,1,0,1,1,1,1,1.0,1,1,1,1.0,1,1,1.0,0,1,1,0,0,0,0.5531,0.5531,0.5,0.5385,1,1.0,1,0.5619,1.0,0.5619,1.0,0,1,1,0,1,0,7
mukerrer_veri_seti_v2.csv,REC000453,REC000454,1,1,0,1,1,1,1,1.0,1,1,1,1.0,1,1,1.0,0,1,1,0,0,0,0.9533,0.9533,0.9533,0.8889,1,1.0,1,0.9067,1.0,0.9067,1.0,0,1,1,0,0,0,7
mukerrer_veri_seti_v2.csv,REC001137,REC001138,0,0,1,1,0,0,0,0.35,1,0,0,0.3333,0,0,0.7859,0,1,1,1,1,1,1.0,1.0,1.0,1.0,1,0.3298,1,1.0,1.0,1.0,1.0,1,1,0,0,0,0,7
mukerrer_veri_seti_v2.csv,REC000197,REC000198,1,1,0,1,1,1,1,1.0,1,1,1,1.0,1,1,1.0,0,1,1,0,0,0,0.96,0.96,0.96,0.6667,1,1.0,1,0.76,1.0,0.76,1.0,0,1,1,0,0,0,7
mukerrer_veri_seti_v2.csv,REC001383,REC001384,0,0,1,1,0,0,0,0.28,1,0,0,0.1,0,0,0.6301,0,1,1,1,0,1,0.74,0.74,0.8825,0.7273,1,0.1633,1,0.765,1.0,0.765,1.0,0,1,0,0,0,1,7
mukerrer_veri_seti_v2.csv,REC001355,REC001356,0,0,1,1,0,0,0,0.28,1,0,0,0.2609,1,1,0.7458,0,1,1,0,0,0,0.6291,0.6291,0.5,0.5455,1,0.2876,1,0.64,0.4833,0.64,0.4833,0,0,0,0,0,0,7
mukerrer_veri_seti_v2.csv,REC001877,REC001878,0,0,1,1,0,0,0,0.28,1,0,0,0.25,0,0,0.8283,0,1,1,0,0,0,0.5467,0.5467,0.0,0.1538,1,0.2158,1,0.0,0.6,0.0,0.6,0,0,0,0,0,0,7
mukerrer_veri_seti_v2.csv,REC001149,REC001150,0,0,1,1,0,0,0,0.21,1,0,0,0.0952,0,0,0.6709,0,1,1,1,1,1,1.0,1.0,1.0,1.0,1,0.1662,1,1.0,1.0,1.0,1.0,1,1,0,0,0,0,7
mukerrer_veri_seti_v2.csv,REC000975,REC000976,1,1,0,1,1,1,1,1.0,1,0,1,0.9231,1,1,1.0,0,1,1,1,1,1,1.0,1.0,1.0,1.0,1,0.9385,1,1.0,1.0,1.0,1.0,1,1,1,0,0,0,7
mukerrer_veri_seti_v2.csv,REC000395,REC000396,1,1,0,1,1,1,1,1.0,1,1,1,1.0,1,1,1.0,0,1,1,0,0,0,0.96,0.96,0.96,0.6364,1,1.0,1,1.0,0.76,1.0,0.76,1,0,1,0,0,0,7
mukerrer_veri_seti_v2.csv,REC000745,REC000746,1,1,0,1,1,1,1,1.0,1,1,1,1.0,1,1,0.9133,0,1,1,1,1,1,1.0,1.0,1.0,1.0,1,1.0,1,1.0,1.0,1.0,1.0,1,1,1,0,0,0,7
mukerrer_veri_seti_v2.csv,REC001407,REC001408,0,0,1,1,0,0,0,0.28,1,0,1,0.6364,0,0,0.6106,0,1,1,0,0,0,0.3965,0.3965,0.0,0.25,1,0.7091,1,0.0,0.6,0.0,0.6,0,0,0,0,0,0,7
mukerrer_veri_seti_v2.csv,REC000595,REC000596,1,1,0,1,1,1,1,1.0,1,1,1,1.0,1,1,1.0,0,1,1,1,1,1,1.0,1.0,1.0,1.0,1,1.0,1,1.0,1.0,1.0,1.0,1,1,1,0,0,0,7
mukerrer_veri_seti_v2.csv,REC001915,REC001916,0,0,1,1,0,0,0,0.28,1,0,1,0.5185,1,1,0.6127,0,1,1,0,0,0,0.5,0.5,0.5,0.5,1,0.6148,1,0.4365,0.1818,0.4365,0.0,0,0,0,0,0,0,7
mukerrer_veri_seti_v2.csv,REC000611,REC000612,1,1,0,1,1,1,1,1.0,1,1,1,1.0,1,1,1.0,0,1,1,1,1,1,1.0,1.0,1.0,1.0,1,1.0,1,1.0,1.0,1.0,1.0,1,1,1,0,0,0,7
mukerrer_veri_seti_v2.csv,REC000529,REC000530,1,1,0,1,1,1,1,1.0,1,1,1,1.0,1,1,1.0,0,1,1,0,0,0,0.9667,0.9667,0.9667,0.9167,1,1.0,1,0.9333,1.0,0.9333,1.0,0,1,1,0,0,0,7
mukerrer_veri_seti_v2.csv,REC001539,REC001540,0,0,1,1,0,0,0,0.35,1,0,0,0.25,0,0,0.6769,0,1,1,0,0,0,0.74,0.74,0.5,0.6154,1,0.2158,1,0.51,1.0,0.51,1.0,0,1,0,0,0,1,7
mukerrer_veri_seti_v2.csv,REC000759,REC000760,1,1,0,1,0,0,1,0.8,1,1,1,1.0,1,1,1.0,0,1,1,1,1,1,1.0,1.0,1.0,1.0,1,1.0,1,1.0,1.0,1.0,1.0,1,1,1,0,0,0,7
mukerrer_veri_seti_v2.csv,REC000749,REC000750,1,1,0,1,1,1,1,1.0,1,1,1,1.0,1,1,1.0,0,1,1,1,1,1,1.0,1.0,1.0,1.0,1,1.0,1,1.0,1.0,1.0,1.0,1,1,1,0,0,0,7
mukerrer_veri_seti_v2.csv,REC001745,REC001746,0,0,1,1,0,0,0,0.35,1,0,0,0.24,0,0,0.8148,0,1,1,0,0,0,0.5754,0.5754,0.0,0.3571,1,0.292,1,0.4365,0.5778,0.4365,0.5778,0,0,0,0,0,0,7
mukerrer_veri_seti_v2.csv,REC001689,REC001690,0,0,1,1,0,0,0,0.35,1,0,1,0.3,1,1,0.7591,0,1,1,0,0,0,0.74,0.74,0.5,0.6364,1,0.44,1,0.65,1.0,0.65,1.0,0,1,0,0,0,1,7
mukerrer_veri_seti_v2.csv,REC000479,REC000480,1,1,0,1,1,1,1,1.0,1,1,1,1.0,1,1,1.0,0,1,1,0,0,0,0.96,0.96,0.96,0.6667,1,1.0,1,0.76,1.0,0.76,1.0,0,1,1,0,0,0,7
mukerrer_veri_seti_v2.csv,REC000241,REC000242,1,1,0,1,1,1,1,1.0,1,1,1,1.0,1,1,1.0,0,1,1,0,0,0,0.96,0.96,0.96,0.7273,1,1.0,1,0.775,1.0,0.775,1.0,0,1,1,0,0,0,7
mukerrer_veri_seti_v2.csv,REC000753,REC000754,1,1,0,1,1,1,1,1.0,1,1,1,1.0,1,1,0.9163,0,1,1,1,1,1,1.0,1.0,1.0,1.0,1,1.0,1,1.0,1.0,1.0,1.0,1,1,1,0,0,0,7
mukerrer_veri_seti_v2.csv,REC001957,REC001958,0,0,1,1,0,0,0,0.28,1,0,0,0.2,0,0,0.6782,0,1,1,0,0,0,0.5778,0.5778,0.0,0.25,1,0.25,1,0.5619,0.5,0.5619,0.5,0,0,0,0,0,0,7
mukerrer_veri_seti_v2.csv,REC000901,REC000902,1,1,0,1,1,1,1,1.0,1,1,1,1.0,1,1,0.9243,0,1,1,1,1,1,1.0,1.0,1.0,1.0,1,1.0,1,1.0,1.0,1.0,1.0,1,1,1,0,0,0,7
mukerrer_veri_seti_v2.csv,REC000299,REC000300,1,1,0,1,1,1,1,1.0,1,1,1,1.0,1,1,1.0,0,1,1,0,0,0,0.92,0.92,0.92,0.3,1,1.0,1,0.76,0.775,0.76,0.775,0,0,1,0,0,0,7
mukerrer_veri_seti_v2.csv,REC000925,REC000926,1,1,0,1,1,1,1,1.0,1,1,1,1.0,1,1,1.0,0,1,1,1,0,1,0.9636,0.9636,0.96,0.9091,1,1.0,1,1.0,0.92,1.0,0.92,1,0,1,0,0,0,7
mukerrer_veri_seti_v2.csv,REC001547,REC001548,0,0,1,1,0,0,0,0.28,1,0,0,0.2609,0,0,0.623,0,1,1,1,1,1,1.0,1.0,1.0,1.0,1,0.2801,1,1.0,1.0,1.0,1.0,1,1,0,0,0,0,7
mukerrer_veri_seti_v2.csv,REC001713,REC001714,0,0,1,1,0,0,0,0.21,1,0,0,0.2222,0,0,0.6976,0,1,1,0,0,0,0.5282,0.5282,0.0,0.2308,1,0.1936,1,0.4643,0.4667,0.4643,0.4667,0,0,0,0,0,0,7
mukerrer_veri_seti_v2.csv,REC000107,REC000108,1,1,0,1,1,1,1,1.0,1,1,1,1.0,1,1,1.0,0,1,1,1,0,1,0.95,0.95,0.95,0.7273,1,1.0,1,1.0,0.84,1.0,0.84,1,0,1,0,0,0,7
mukerrer_veri_seti_v2.csv,REC001999,REC002000,0,0,1,1,0,0,0,0.35,1,0,1,0.3846,0,0,0.754,0,1,1,0,0,0,0.5657,0.5657,0.0,0.3333,1,0.5077,1,0.4667,0.5778,0.4667,0.5778,0,0,0,0,0,0,7
mukerrer_veri_seti_v2.csv,REC000293,REC000294,1,1,0,1,1,1,1,1.0,1,1,1,1.0,1,1,1.0,0,1,1,0,0,0,0.96,0.96,0.96,0.5385,1,1.0,1,1.0,0.7429,1.0,0.7429,1,0,1,0,0,0,7
mukerrer_veri_seti_v2.csv,REC001213,REC001214,0,0,1,1,0,0,0,0.28,1,0,0,0.1905,1,1,0.852,0,1,1,0,0,0,0.6686,0.6686,0.5,0.4545,1,0.2357,1,0.5857,1.0,0.5857,1.0,0,1,0,0,0,1,7
mukerrer_veri_seti_v2.csv,REC000211,REC000212,1,1,0,1,1,1,1,1.0,1,1,1,1.0,1,1,1.0,0,1,1,1,1,1,0.74,0.74,0.6667,0.8462,1,1.0,1,1.0,1.0,1.0,1.0,1,1,1,0,0,1,7
mukerrer_veri_seti_v2.csv,REC001109,REC001110,0,0,1,1,0,0,0,0.21,1,0,0,0.2857,1,1,0.6872,0,1,1,0,0,0,0.74,0.74,0.5,0.6364,1,0.3036,1,0.56,1.0,0.56,1.0,0,1,0,0,0,1,7
mukerrer_veri_seti_v2.csv,REC000001,REC000002,1,1,0,1,1,1,1,1.0,1,1,1,1.0,1,1,1.0,0,1,1,0,0,0,0.96,0.96,0.96,0.75,1,1.0,1,0.775,1.0,0.775,1.0,0,1,1,0,0,0,7
mukerrer_veri_seti_v2.csv,REC000105,REC000106,1,1,0,1,1,1,1,1.0,1,1,1,1.0,1,1,1.0,0,1,1,0,0,0,0.96,0.96,0.95,0.8,1,1.0,1,1.0,0.8667,1.0,0.8667,1,0,1,0,0,0,7
mukerrer_veri_seti_v2.csv,REC001421,REC001422,0,0,1,1,0,0,0,0.35,1,0,0,0.1667,1,1,0.6429,0,1,1,0,0,0,0.5758,0.5758,0.0,0.2727,1,0.1491,1,0.4667,0.52,0.4667,0.52,0,0,0,0,0,0,7
mukerrer_veri_seti_v2.csv,REC000235,REC000236,1,1,0,1,1,1,1,1.0,1,1,1,1.0,1,1,1.0,0,1,1,0,0,0,0.96,0.96,0.96,0.7778,1,1.0,1,0.8,1.0,0.8,1.0,0,1,1,0,0,0,7
mukerrer_veri_seti_v2.csv,REC000615,REC000616,1,1,0,1,0,0,0,0.63,1,1,1,1.0,1,1,1.0,0,1,1,1,1,1,1.0,1.0,1.0,1.0,1,1.0,1,1.0,1.0,1.0,1.0,1,1,1,0,0,0,7
mukerrer_veri_seti_v2.csv,REC001683,REC001684,0,0,1,1,0,0,0,0.42,1,0,1,0.3333,1,1,0.6087,0,1,1,0,0,0,0.74,0.74,0.8933,0.8462,1,0.4667,1,0.7867,1.0,0.7867,1.0,0,1,0,0,0,1,7
mukerrer_veri_seti_v2.csv,REC001927,REC001928,0,0,1,1,0,0,0,0.21,1,0,0,0.0952,0,0,0.7368,0,1,1,0,0,0,0.4545,0.4545,0.0,0.0909,1,0.158,1,0.0,0.4556,0.0,0.4556,0,0,0,0,0,0,7
mukerrer_veri_seti_v2.csv,REC001307,REC001308,0,0,1,1,0,0,0,0.35,1,0,0,0.3,1,1,0.6699,0,1,1,0,0,0,0.6167,0.6167,0.5,0.6,1,0.315,1,0.0,1.0,0.0,1.0,0,1,0,0,0,1,7
mukerrer_veri_seti_v2.csv,REC001493,REC001494,0,0,1,1,0,0,0,0.35,1,0,1,0.5714,0,0,0.7105,0,1,1,0,0,0,0.57,0.57,0.0,0.0909,1,0.6571,1,0.4667,0.5111,0.4667,0.5111,0,0,0,0,0,0,7
mukerrer_veri_seti_v2.csv,REC001627,REC001628,0,0,1,1,0,0,0,0.28,1,0,0,0.25,0,0,0.6002,0,1,1,0,0,0,0.4924,0.4924,0.0,0.1818,1,0.2632,1,0.4833,0.4556,0.4833,0.4556,0,0,0,0,0,0,7
mukerrer_veri_seti_v2.csv,REC000297,REC000298,1,1,0,1,1,1,1,1.0,1,1,1,1.0,1,1,1.0,0,1,1,1,0,1,0.98,0.98,0.98,0.9,1,1.0,1,0.96,1.0,0.96,1.0,0,1,1,0,0,0,7
mukerrer_veri_seti_v2.csv,REC000265,REC000266,1,1,0,1,1,1,1,1.0,1,1,1,1.0,1,1,1.0,0,1,1,1,0,1,0.96,0.96,0.96,0.6364,1,1.0,1,1.0,0.76,1.0,0.76,1,0,1,0,0,0,7
mukerrer_veri_seti_v2.csv,REC000093,REC000094,1,1,0,1,1,1,1,1.0,1,1,1,1.0,1,1,1.0,0,1,1,0,0,0,0.92,0.92,0.92,0.2308,1,1.0,1,0.7429,0.76,0.7429,0.76,0,0,1,0,0,0,7
mukerrer_veri_seti_v2.csv,REC001571,REC001572,0,0,1,1,0,0,0,0.42,1,0,0,0.16,0,0,0.6619,0,1,1,0,0,0,0.5242,0.5242,0.0,0.1818,1,0.1456,1,0.4667,0.4833,0.4667,0.4833,0,0,0,0,0,0,7
mukerrer_veri_seti_v2.csv,REC000401,REC000402,1,1,0,1,0,0,0,0.63,1,0,1,0.963,1,1,1.0,0,1,1,1,1,1,1.0,1.0,1.0,1.0,1,0.9704,1,1.0,1.0,1.0,1.0,1,1,0,0,0,0,7
mukerrer_veri_seti_v2.csv,REC001347,REC001348,0,0,1,1,0,0,0,0.14,1,0,0,0.381,0,0,0.7056,0,1,1,0,0,0,0.9055,0.9055,0.5,0.6364,1,0.393,1,1.0,0.535,1.0,0.535,1,0,0,0,0,0,7
mukerrer_veri_seti_v2.csv,REC000543,REC000544,1,1,0,1,0,0,0,0.63,1,0,0,1.0,1,1,1.0,0,1,1,1,1,1,1.0,1.0,1.0,1.0,1,0.8632,1,1.0,1.0,1.0,1.0,1,1,0,0,0,0,7
mukerrer_veri_seti_v2.csv,REC001029,REC001030,0,0,1,1,0,0,0,0.28,1,0,1,0.2222,0,0,0.6318,0,1,1,1,1,1,1.0,1.0,1.0,1.0,1,0.3778,1,1.0,1.0,1.0,1.0,1,1,0,0,0,0,7
mukerrer_veri_seti_v2.csv,REC000035,REC000036,1,1,0,1,1,1,1,1.0,1,1,1,1.0,1,1,1.0,0,1,1,0,0,0,0.96,0.96,0.96,0.6667,1,1.0,1,0.76,1.0,0.76,1.0,0,1,1,0,0,0,7
mukerrer_veri_seti_v2.csv,REC001167,REC001168,0,0,1,1,0,0,0,0.14,1,0,0,0.0909,1,1,0.6347,0,1,1,0,0,0,0.6723,0.6723,0.5,0.5455,1,0.1061,1,0.4667,1.0,0.4667,1.0,0,1,0,0,0,1,7
mukerrer_veri_seti_v2.csv,REC001601,REC001602,0,0,1,1,0,0,0,0.21,1,0,0,0.24,0,0,0.7778,0,1,1,1,1,1,1.0,1.0,1.0,1.0,1,0.312,1,1.0,1.0,1.0,1.0,1,1,0,0,0,0,7
mukerrer_veri_seti_v2.csv,REC000059,REC000060,1,1,0,1,1,1,1,1.0,1,1,1,1.0,1,1,1.0,0,1,1,0,0,0,0.96,0.96,0.96,0.6364,1,1.0,1,0.76,1.0,0.76,1.0,0,1,1,0,0,0,7
mukerrer_veri_seti_v2.csv,REC001327,REC001328,0,0,1,1,0,0,0,0.21,1,0,0,0.2,1,1,0.7385,0,1,1,0,0,0,0.5333,0.5333,0.5,0.6667,1,0.1776,1,0.0,0.0,0.0,0.0,0,0,0,0,0,0,7
mukerrer_veri_seti_v2.csv,REC000409,REC000410,1,1,0,1,1,1,1,1.0,1,1,1,1.0,1,1,1.0,0,1,1,1,1,1,1.0,1.0,1.0,1.0,1,1.0,1,1.0,1.0,1.0,1.0,1,1,1,0,0,0,7
mukerrer_veri_seti_v2.csv,REC000919,REC000920,1,1,0,1,1,1,1,1.0,1,1,1,1.0,1,1,0.9455,0,1,1,1,1,1,1.0,1.0,1.0,1.0,1,1.0,1,1.0,1.0,1.0,1.0,1,1,1,0,0,0,7
mukerrer_veri_seti_v2.csv,REC000353,REC000354,1,1,0,1,1,1,1,1.0,1,1,1,1.0,1,1,1.0,0,1,1,1,1,1,1.0,1.0,1.0,1.0,1,1.0,1,1.0,1.0,1.0,1.0,1,1,1,0,0,0,7
mukerrer_veri_seti_v2.csv,REC000739,REC000740,1,1,0,1,1,1,1,1.0,1,0,0,0.0,1,1,1.0,0,1,1,1,1,1,1.0,1.0,1.0,1.0,1,0.0,0,1.0,1.0,1.0,1.0,1,1,1,0,0,0,6
mukerrer_veri_seti_v2.csv,REC000643,REC000644,1,1,0,1,1,1,1,1.0,1,1,1,1.0,1,1,1.0,0,1,1,1,1,1,1.0,1.0,1.0,1.0,1,1.0,1,1.0,1.0,1.0,1.0,1,1,1,0,0,0,7
mukerrer_veri_seti_v2.csv,REC001757,REC001758,0,0,1,1,0,0,0,0.42,1,0,0,0.087,0,0,0.6115,0,1,1,0,0,0,0.4528,0.4528,0.0,0.25,1,0.0883,1,0.4833,0.5778,0.4833,0.5778,0,0,0,0,0,0,7
mukerrer_veri_seti_v2.csv,REC001449,REC001450,0,0,1,1,0,0,0,0.14,1,0,1,0.3333,0,0,0.6313,0,1,1,1,1,1,1.0,1.0,1.0,1.0,1,0.4667,1,1.0,1.0,1.0,1.0,1,1,0,0,0,0,7
mukerrer_veri_seti_v2.csv,REC000271,REC000272,1,1,0,1,1,1,1,1.0,1,1,1,1.0,1,1,1.0,0,1,1,0,0,0,0.92,0.92,0.92,0.2308,1,1.0,1,0.75,0.75,0.75,0.75,0,0,1,0,0,0,7
mukerrer_veri_seti_v2.csv,REC000061,REC000062,1,1,0,1,1,1,1,1.0,1,1,1,1.0,1,1,1.0,0,1,1,0,0,0,0.92,0.92,0.92,0.2727,1,1.0,1,0.76,0.76,0.76,0.76,0,0,1,0,0,0,7
mukerrer_veri_seti_v2.csv,REC000447,REC000448,1,1,0,1,1,1,1,1.0,1,1,1,1.0,1,1,1.0,0,1,1,0,0,0,0.925,0.925,0.925,0.875,1,1.0,1,0.85,1.0,0.85,1.0,0,1,1,0,0,0,7
mukerrer_veri_seti_v2.csv,REC000723,REC000724,1,1,0,1,1,1,1,1.0,1,1,1,1.0,1,1,0.931,0,1,1,1,1,1,1.0,1.0,1.0,1.0,1,1.0,1,1.0,1.0,1.0,1.0,1,1,1,0,0,0,7
mukerrer_veri_seti_v2.csv,REC001905,REC001906,0,0,1,1,0,0,0,0.28,1,0,0,0.2,0,0,0.8108,0,1,1,0,0,0,0.463,0.463,0.35,0.25,1,0.2482,1,0.5111,0.0,0.5111,0.0,0,0,0,0,0,0,7
mukerrer_veri_seti_v2.csv,REC000503,REC000504,1,1,0,1,1,1,1,1.0,1,1,1,1.0,1,1,1.0,0,1,1,1,1,1,1.0,1.0,1.0,1.0,1,1.0,1,1.0,1.0,1.0,1.0,1,1,1,0,0,0,7
mukerrer_veri_seti_v2.csv,REC000719,REC000720,1,1,0,1,1,1,1,1.0,1,0,1,0.9286,1,1,1.0,0,1,1,1,1,1,1.0,1.0,1.0,1.0,1,0.9429,1,1.0,1.0,1.0,1.0,1,1,1,0,0,0,7
mukerrer_veri_seti_v2.csv,REC001153,REC001154,0,0,1,1,0,0,0,0.28,1,0,1,0.5217,0,0,0.6609,0,1,1,0,0,0,0.4056,0.4056,0.0,0.0833,1,0.6174,1,0.4722,0.4667,0.4722,0.4667,0,0,0,0,0,0,7
mukerrer_veri_seti_v2.csv,REC000983,REC000984,1,1,0,1,0,0,0,0.63,1,1,1,1.0,1,1,1.0,0,1,1,1,1,1,1.0,1.0,1.0,1.0,1,1.0,1,1.0,1.0,1.0,1.0,1,1,1,0,0,0,7
mukerrer_veri_seti_v2.csv,REC001361,REC001362,0,0,1,1,0,0,0,0.28,1,0,0,0.381,1,1,0.6513,0,1,1,0,0,0,0.74,0.74,0.5,0.5455,1,0.4153,1,0.4,1.0,0.0,1.0,0,1,0,0,0,1,7
mukerrer_veri_seti_v2.csv,REC000767,REC000768,1,1,0,1,1,1,1,1.0,1,1,1,1.0,1,1,1.0,0,1,1,1,1,1,1.0,1.0,1.0,1.0,1,1.0,1,1.0,1.0,1.0,1.0,1,1,1,0,0,0,7
mukerrer_veri_seti_v2.csv,REC000201,REC000202,1,1,0,1,1,1,1,1.0,1,1,1,1.0,1,1,1.0,0,1,1,0,0,0,0.92,0.92,0.92,0.2727,1,1.0,1,0.775,0.75,0.775,0.75,0,0,1,0,0,0,7
mukerrer_veri_seti_v2.csv,REC001299,REC001300,0,0,1,1,0,0,0,0.28,1,0,0,0.1739,0,0,0.6735,0,1,1,0,0,0,0.35,0.35,0.0,0.25,1,0.2391,1,0.0,0.4833,0.0,0.4833,0,0,0,0,0,0,7
mukerrer_veri_seti_v2.csv,REC000695,REC000696,1,1,0,1,1,1,1,1.0,1,1,1,1.0,1,1,1.0,0,1,1,1,1,1,1.0,1.0,1.0,1.0,1,1.0,1,1.0,1.0,1.0,1.0,1,1,1,0,0,0,7
mukerrer_veri_seti_v2.csv,REC001859,REC001860,0,0,1,1,0,0,0,0.28,1,0,0,0.1905,0,0,0.5944,0,1,1,0,0,0,0.5758,0.5758,0.0,0.1818,1,0.2357,1,0.4667,0.6,0.4667,0.6,0,0,0,0,0,0,7
mukerrer_veri_seti_v2.csv,REC001067,REC001068,0,0,1,1,0,0,0,0.28,1,0,0,0.381,1,1,0.6735,0,1,1,1,0,1,0.9467,0.9467,0.9028,0.6667,1,0.3837,1,1.0,0.8056,1.0,0.8056,1,0,0,0,0,0,7
mukerrer_veri_seti_v2.csv,REC001939,REC001940,0,0,1,1,0,0,0,0.42,1,0,0,0.1481,0,0,0.7761,0,1,1,0,0,0,0.5657,0.5657,0.0,0.25,1,0.2185,1,0.4,0.4556,0.0,0.4556,0,0,0,0,0,0,7
mukerrer_veri_seti_v2.csv,REC000277,REC000278,1,1,0,1,1,1,1,1.0,1,1,1,1.0,1,1,1.0,0,1,1,1,0,1,0.96,0.96,0.96,0.6364,1,1.0,1,0.76,1.0,0.76,1.0,0,1,1,0,0,0,7
mukerrer_veri_seti_v2.csv,REC001863,REC001864,0,0,1,1,0,0,0,0.28,1,0,0,0.2222,0,0,0.6584,0,1,1,0,0,0,0.6567,0.6567,0.0,0.3,1,0.2111,1,0.55,0.4833,0.55,0.4833,0,0,0,0,0,0,7
mukerrer_veri_seti_v2.csv,REC001411,REC001412,0,0,1,1,0,0,0,0.42,1,0,0,0.2609,0,0,0.6513,0,1,1,0,0,0,0.604,0.604,0.0,0.2727,1,0.2263,1,0.4667,0.4667,0.4667,0.4667,0,0,0,0,0,0,7
mukerrer_veri_seti_v2.csv,REC000157,REC000158,1,1,0,1,1,1,1,1.0,1,1,1,1.0,1,1,1.0,0,1,1,0,0,0,0.9818,0.9818,0.98,0.9091,1,1.0,1,0.96,1.0,0.96,1.0,0,1,1,0,0,0,7
mukerrer_veri_seti_v2.csv,REC001469,REC001470,0,0,1,1,0,0,0,0.35,1,0,0,0.1818,0,0,0.6551,0,1,1,1,1,1,1.0,1.0,1.0,1.0,1,0.2402,1,1.0,1.0,1.0,1.0,1,1,0,0,0,0,7
mukerrer_veri_seti_v2.csv,REC001841,REC001842,0,0,1,1,0,0,0,0.28,1,0,0,0.1905,0,0,0.6172,0,1,1,0,0,0,0.68,0.68,0.3533,0.1,1,0.2406,1,0.7067,0.4833,0.7067,0.4833,0,0,0,0,0,0,7
mukerrer_veri_seti_v2.csv,REC001549,REC001550,0,0,1,1,0,0,0,0.35,1,0,0,0.3846,0,0,0.7241,0,1,1,1,1,1,1.0,1.0,1.0,1.0,1,0.3827,1,1.0,1.0,1.0,1.0,1,1,0,0,0,0,7
mukerrer_veri_seti_v2.csv,REC000887,REC000888,1,0,0,0,1,1,1,1.0,1,1,1,1.0,1,1,1.0,0,1,1,0,0,0,0.9636,0.9636,0.94,0.9091,1,1.0,1,1.0,0.88,1.0,0.88,1,0,1,0,0,0,6
mukerrer_veri_seti_v2.csv,REC000673,REC000674,1,1,0,1,1,1,1,1.0,1,1,1,1.0,1,1,1.0,0,1,1,1,1,1,1.0,1.0,1.0,1.0,1,1.0,1,1.0,1.0,1.0,1.0,1,1,1,0,0,0,7
mukerrer_veri_seti_v2.csv,REC000191,REC000192,1,1,0,1,1,1,1,1.0,1,1,1,1.0,1,1,1.0,0,1,1,1,0,1,0.9667,0.9667,0.6667,0.8333,1,1.0,1,1.0,0.75,1.0,0.75,1,0,1,0,0,0,7
mukerrer_veri_seti_v2.csv,REC001793,REC001794,0,0,1,1,0,0,0,0.42,1,0,0,0.3077,0,0,0.6046,0,1,1,0,0,0,0.6949,0.6949,0.0,0.3333,1,0.3319,1,0.6389,0.6389,0.6389,0.6389,0,0,0,0,0,0,7
mukerrer_veri_seti_v2.csv,REC000525,REC000526,1,1,0,1,1,1,1,1.0,1,0,1,0.963,1,1,1.0,0,1,1,1,1,1,1.0,1.0,1.0,1.0,1,0.9704,1,1.0,1.0,1.0,1.0,1,1,1,0,0,0,7
mukerrer_veri_seti_v2.csv,REC001503,REC001504,0,0,1,1,0,0,0,0.28,1,0,1,0.3333,0,0,0.7,0,1,1,0,0,0,0.4551,0.4551,0.0,0.3846,1,0.4667,1,0.5619,0.0,0.5619,0.0,0,0,0,0,0,0,7
mukerrer_veri_seti_v2.csv,REC001187,REC001188,0,0,1,1,0,0,0,0.28,1,0,0,0.3478,0,0,0.6699,0,1,1,1,1,1,1.0,1.0,1.0,1.0,1,0.373,1,1.0,1.0,1.0,1.0,1,1,0,0,0,0,7
mukerrer_veri_seti_v2.csv,REC001981,REC001982,0,0,1,1,0,0,0,0.28,1,0,0,0.3077,0,0,0.6576,0,1,1,0,0,0,0.4859,0.4859,0.0,0.3077,1,0.3143,1,0.4722,0.4556,0.4722,0.4556,0,0,0,0,0,0,7
mukerrer_veri_seti_v2.csv,REC001403,REC001404,0,0,1,1,0,0,0,0.35,1,0,0,0.1667,0,0,0.6528,0,1,1,0,0,0,0.88,0.88,0.5,0.7,1,0.219,1,1.0,0.55,1.0,0.55,1,0,0,0,0,0,7
mukerrer_veri_seti_v2.csv,REC000949,REC000950,1,1,0,1,1,1,1,1.0,1,0,0,0.9565,1,1,1.0,0,1,1,1,1,1,1.0,1.0,1.0,1.0,1,0.8486,1,1.0,1.0,1.0,1.0,1,1,1,0,0,0,7
mukerrer_veri_seti_v2.csv,REC000273,REC000274,1,1,0,1,1,1,1,1.0,1,1,1,1.0,1,1,1.0,0,1,1,1,0,1,0.96,0.96,0.96,0.6,1,1.0,1,1.0,0.76,1.0,0.76,1,0,1,0,0,0,7
mukerrer_veri_seti_v2.csv,REC001189,REC001190,0,0,1,1,0,0,0,0.21,1,0,0,0.2143,0,0,0.7478,0,1,1,0,0,0,0.7327,0.7327,0.5,0.6923,1,0.2396,1,0.62,1.0,0.62,1.0,0,1,0,0,0,1,7
mukerrer_veri_seti_v2.csv,REC000947,REC000948,1,1,0,1,1,1,1,1.0,1,0,0,0.0,1,1,0.0,0,1,1,1,1,1,1.0,1.0,1.0,1.0,1,0.0,0,1.0,1.0,1.0,1.0,1,1,1,0,0,0,5
mukerrer_veri_seti_v2.csv,REC001375,REC001376,0,0,1,1,0,0,0,0.21,1,0,0,0.087,1,1,0.7333,0,1,1,0,0,0,0.6263,0.6263,0.5,0.5,1,0.1578,1,0.4667,0.7,0.4667,0.7,0,0,0,0,0,0,7
mukerrer_veri_seti_v2.csv,REC000957,REC000958,1,0,0,0,1,1,1,1.0,1,1,1,1.0,1,1,0.0,0,1,1,1,1,1,1.0,1.0,1.0,1.0,1,1.0,1,1.0,1.0,1.0,1.0,1,1,1,0,0,0,5
mukerrer_veri_seti_v2.csv,REC001943,REC001944,0,0,1,1,0,0,0,0.35,1,0,0,0.1905,0,0,0.6495,0,1,1,0,0,0,0.7343,0.7343,0.7167,0.3,1,0.2357,1,0.7,0.7333,0.7,0.7333,0,0,0,0,0,0,7
mukerrer_veri_seti_v2.csv,REC001603,REC001604,0,0,1,1,0,0,0,0.28,1,0,1,0.9167,0,0,0.7162,0,1,1,0,0,0,0.5364,0.5364,0.5,0.5455,1,0.9333,1,0.4667,0.6,0.4667,0.6,0,0,0,0,0,0,7
mukerrer_veri_seti_v2.csv,REC001353,REC001354,0,0,1,1,0,0,0,0.28,1,0,0,0.2609,0,0,0.7213,0,1,1,1,1,1,1.0,1.0,1.0,1.0,1,0.2769,1,1.0,1.0,1.0,1.0,1,1,0,0,0,0,7
mukerrer_veri_seti_v2.csv,REC001065,REC001066,0,0,1,1,0,0,0,0.21,1,0,1,0.6957,0,0,0.6321,0,1,1,0,0,0,0.6027,0.6027,0.0,0.1818,1,0.7565,1,0.2222,0.55,0.0,0.55,0,0,0,0,0,0,7
mukerrer_veri_seti_v2.csv,REC000787,REC000788,1,1,0,1,1,1,1,1.0,1,0,1,0.9524,1,1,1.0,0,1,1,1,1,1,1.0,1.0,1.0,1.0,1,0.9619,1,1.0,1.0,1.0,1.0,1,1,1,0,0,0,7
mukerrer_veri_seti_v2.csv,REC000147,REC000148,1,1,0,1,1,1,1,1.0,1,1,1,1.0,1,1,1.0,0,1,1,0,0,0,0.96,0.96,0.96,0.6364,1,1.0,1,0.76,1.0,0.76,1.0,0,1,1,0,0,0,7
mukerrer_veri_seti_v2.csv,REC000317,REC000318,1,1,0,1,1,1,1,1.0,1,1,1,1.0,1,1,1.0,0,1,1,1,1,1,1.0,1.0,1.0,1.0,1,1.0,1,1.0,1.0,1.0,1.0,1,1,1,0,0,0,7
mukerrer_veri_seti_v2.csv,REC000761,REC000762,1,1,0,1,1,1,1,1.0,1,0,0,1.0,1,1,1.0,0,1,1,1,1,1,1.0,1.0,1.0,1.0,1,0.875,1,1.0,1.0,1.0,1.0,1,1,1,0,0,0,7
mukerrer_veri_seti_v2.csv,REC001869,REC001870,0,0,1,1,0,0,0,0.35,1,0,0,0.1481,0,0,0.6218,0,1,1,0,0,0,0.55,0.55,0.0,0.25,1,0.2019,1,0.5,0.4667,0.5,0.4667,0,0,0,0,0,0,7
mukerrer_veri_seti_v2.csv,REC001005,REC001006,0,0,1,1,0,0,0,0.28,1,0,0,0.4167,0,0,0.7043,0,1,1,1,1,1,1.0,1.0,1.0,1.0,1,0.4596,1,1.0,1.0,1.0,1.0,1,1,0,0,0,0,7
mukerrer_veri_seti_v2.csv,REC001665,REC001666,0,0,1,1,0,0,0,0.28,1,0,0,0.4167,1,1,0.6584,0,1,1,1,1,1,1.0,1.0,1.0,1.0,1,0.3491,1,1.0,1.0,1.0,1.0,1,1,0,0,0,0,7
mukerrer_veri_seti_v2.csv,REC001631,REC001632,0,0,1,1,0,0,0,0.28,1,0,1,0.8,0,0,0.6296,0,1,1,0,0,0,0.7038,0.7038,0.3956,0.3846,1,0.84,1,0.7911,0.5778,0.7911,0.5778,0,0,0,0,0,0,7
mukerrer_veri_seti_v2.csv,REC000381,REC000382,1,1,0,1,1,1,1,1.0,1,1,1,1.0,1,1,1.0,0,1,1,1,1,1,1.0,1.0,1.0,1.0,1,1.0,1,1.0,1.0,1.0,1.0,1,1,1,0,0,0,7
mukerrer_veri_seti_v2.csv,REC001847,REC001848,0,0,1,1,0,0,0,0.28,1,0,0,0.1667,0,0,0.7797,0,1,1,0,0,0,0.404,0.404,0.0,0.0909,1,0.2083,1,0.4111,0.0,0.4111,0.0,0,0,0,0,0,0,7
mukerrer_veri_seti_v2.csv,REC001585,REC001586,0,0,1,1,0,0,0,0.28,1,0,0,0.2308,1,1,0.8647,0,1,1,0,0,0,0.6721,0.6721,0.5,0.6154,1,0.2679,1,0.5857,1.0,0.5857,1.0,0,1,0,0,0,1,7
mukerrer_veri_seti_v2.csv,REC000727,REC000728,1,1,0,1,1,1,1,1.0,1,1,1,1.0,1,1,1.0,0,1,1,0,0,0,0.9467,0.9467,0.9466,0.9,1,1.0,1,0.8933,1.0,0.8933,1.0,0,1,1,0,0,0,7
mukerrer_veri_seti_v2.csv,REC000497,REC000498,1,1,0,1,1,1,1,1.0,1,1,1,1.0,1,1,1.0,0,1,1,0,0,0,0.5,0.5,0.5,0.4167,1,1.0,1,0.4556,1.0,0.4556,1.0,0,1,1,1,1,0,7
mukerrer_veri_seti_v2.csv,REC000181,REC000182,1,1,0,1,1,1,1,1.0,1,1,1,1.0,1,1,1.0,0,1,1,0,0,0,0.96,0.96,0.96,0.6364,1,1.0,1,0.76,0.68,0.76,0.68,0,0,1,0,0,0,7
mukerrer_veri_seti_v2.csv,REC001655,REC001656,0,0,1,1,0,0,0,0.21,1,0,0,0.0909,0,0,0.5837,0,1,1,1,1,1,1.0,1.0,1.0,1.0,1,0.1257,1,1.0,1.0,1.0,1.0,1,1,0,0,0,0,7
mukerrer_veri_seti_v2.csv,REC001543,REC001544,0,0,1,1,0,0,0,0.21,1,0,0,0.2727,1,1,0.846,0,1,1,0,0,0,0.8909,0.8909,0.5,0.7273,1,0.3064,1,1.0,0.6,1.0,0.6,1,0,0,0,0,0,7
mukerrer_veri_seti_v2.csv,REC000685,REC000686,1,1,0,1,0,0,1,0.8,1,1,1,1.0,1,1,1.0,0,1,1,1,1,1,1.0,1.0,1.0,1.0,1,1.0,1,1.0,1.0,1.0,1.0,1,1,1,0,0,0,7
mukerrer_veri_seti_v2.csv,REC000731,REC000732,1,1,0,1,1,1,1,1.0,1,0,0,1.0,1,1,1.0,0,1,1,1,1,1,1.0,1.0,1.0,1.0,1,0.8714,1,1.0,1.0,1.0,1.0,1,1,1,0,0,0,7
mukerrer_veri_seti_v2.csv,REC001533,REC001534,0,0,1,1,0,0,0,0.28,1,0,0,0.1176,0,0,0.7416,0,1,1,1,1,1,1.0,1.0,1.0,1.0,1,0.1775,1,1.0,1.0,1.0,1.0,1,1,0,0,0,0,7
mukerrer_veri_seti_v2.csv,REC000351,REC000352,1,1,0,1,1,1,1,1.0,1,1,1,1.0,1,1,1.0,0,1,1,0,0,0,0.96,0.96,0.96,0.6364,1,1.0,1,1.0,0.76,1.0,0.76,1,0,1,0,0,0,7
mukerrer_veri_seti_v2.csv,REC000699,REC000700,1,1,0,1,1,1,1,1.0,1,1,1,1.0,1,1,0.9231,0,1,1,1,1,1,1.0,1.0,1.0,1.0,1,1.0,1,1.0,1.0,1.0,1.0,1,1,1,0,0,0,7
mukerrer_veri_seti_v2.csv,REC001217,REC001218,0,0,1,1,0,0,0,0.42,1,0,0,0.1333,0,0,0.8667,0,1,1,0,0,0,0.583,0.583,0.0,0.0714,1,0.1781,1,0.6057,0.4365,0.6057,0.4365,0,0,0,0,0,0,7
mukerrer_veri_seti_v2.csv,REC000581,REC000582,1,1,0,1,1,1,1,1.0,1,1,1,1.0,1,1,1.0,0,1,1,0,0,0,0.5222,0.5222,0.5,0.5,1,1.0,1,0.6333,1.0,0.6333,1.0,0,1,1,0,1,0,7
mukerrer_veri_seti_v2.csv,REC000535,REC000536,1,1,0,1,1,1,1,1.0,1,1,1,1.0,1,1,1.0,0,1,1,0,0,0,0.8833,0.8833,0.5,0.4167,1,1.0,1,1.0,0.4556,1.0,0.4556,1,0,1,0,0,0,7
mukerrer_veri_seti_v2.csv,REC001055,REC001056,0,0,1,1,0,0,0,0.21,1,0,0,0.2857,0,0,0.6903,0,1,1,1,1,1,1.0,1.0,1.0,1.0,1,0.3119,1,1.0,1.0,1.0,1.0,1,1,0,0,0,0,7
mukerrer_veri_seti_v2.csv,REC001925,REC001926,0,0,1,1,0,0,0,0.28,1,0,0,0.3333,0,0,0.6583,0,1,1,0,0,0,0.5364,0.5364,0.0,0.0909,1,0.3549,1,0.4833,0.5778,0.4833,0.5778,0,0,0,0,0,0,7
mukerrer_veri_seti_v2.csv,REC001389,REC001390,0,0,1,1,0,0,0,0.28,1,0,0,0.3478,1,1,0.6217,0,1,1,0,0,0,0.74,0.74,0.8695,0.75,1,0.3533,1,0.7389,1.0,0.7389,1.0,0,1,0,0,0,1,7
mukerrer_veri_seti_v2.csv,REC001185,REC001186,0,0,1,1,0,0,0,0.28,1,0,0,0.3636,0,0,0.5796,0,1,1,0,0,0,0.7057,0.7057,0.5,0.6667,1,0.3086,1,0.62,1.0,0.62,1.0,0,1,0,0,0,1,7
mukerrer_veri_seti_v2.csv,REC001007,REC001008,0,0,1,1,0,0,0,0.35,1,0,0,0.25,0,0,0.8778,0,1,1,0,0,0,0.6364,0.6364,0.0,0.1818,1,0.32,1,0.6,0.64,0.6,0.64,0,0,0,0,0,0,7
mukerrer_veri_seti_v2.csv,REC000129,REC000130,1,1,0,1,1,1,1,1.0,1,1,1,1.0,1,1,1.0,0,1,1,0,0,0,0.92,0.92,0.92,0.25,1,1.0,1,0.76,0.75,0.76,0.75,0,0,1,0,0,0,7
mukerrer_veri_seti_v2.csv,REC001767,REC001768,0,0,1,1,0,0,0,0.28,1,0,1,0.3529,0,0,0.6373,0,1,1,0,0,0,0.4898,0.4898,0.0,0.2,1,0.4824,1,0.2222,0.5,0.0,0.5,0,0,0,0,0,0,7
mukerrer_veri_seti_v2.csv,REC001161,REC001162,0,0,1,1,0,0,0,0.28,1,0,0,0.2727,0,0,0.7124,0,1,1,1,1,1,1.0,1.0,1.0,1.0,1,0.2498,1,1.0,1.0,1.0,1.0,1,1,0,0,0,0,7
mukerrer_veri_seti_v2.csv,REC000359,REC000360,1,1,0,1,1,1,1,1.0,1,1,1,1.0,1,1,1.0,0,1,1,1,1,1,1.0,1.0,1.0,1.0,1,1.0,1,1.0,1.0,1.0,1.0,1,1,1,0,0,0,7
mukerrer_veri_seti_v2.csv,REC000067,REC000068,1,1,0,1,1,1,1,1.0,1,1,1,1.0,1,1,1.0,0,1,1,0,0,0,0.73,0.73,0.46,0.3,1,1.0,1,0.775,0.76,0.775,0.76,0,0,1,0,0,0,7
mukerrer_veri_seti_v2.csv,REC001131,REC001132,0,0,1,1,0,0,0,0.14,1,0,0,0.1818,0,0,0.7458,0,1,1,0,0,0,0.88,0.88,0.5,0.7,1,0.1788,1,1.0,0.55,1.0,0.55,1,0,0,0,0,0,7
mukerrer_veri_seti_v2.csv,REC000593,REC000594,1,1,0,1,1,1,1,1.0,1,1,1,1.0,1,1,1.0,0,1,1,1,0,1,0.96,0.96,0.96,0.5833,1,1.0,1,1.0,0.75,1.0,0.75,1,0,1,0,0,0,7
mukerrer_veri_seti_v2.csv,REC000523,REC000524,1,1,0,1,1,1,1,1.0,1,1,1,1.0,1,1,1.0,0,1,1,1,1,1,1.0,1.0,1.0,1.0,1,1.0,1,1.0,1.0,1.0,1.0,1,1,1,0,0,0,7
mukerrer_veri_seti_v2.csv,REC001623,REC001624,0,0,1,1,0,0,0,0.35,1,0,0,0.1739,0,0,0.6759,0,1,1,0,0,0,0.74,0.74,0.5,0.6,1,0.2141,1,0.64,1.0,0.64,1.0,0,1,0,0,0,1,7
mukerrer_veri_seti_v2.csv,REC000335,REC000336,1,1,0,1,1,1,1,1.0,1,1,1,1.0,1,1,1.0,0,1,1,0,0,0,0.9455,0.9455,0.925,0.9091,1,1.0,1,0.85,1.0,0.85,1.0,0,1,1,0,0,0,7
mukerrer_veri_seti_v2.csv,REC001091,REC001092,0,0,1,1,0,0,0,0.14,1,0,0,0.1818,1,1,0.6822,0,1,1,0,0,0,0.74,0.74,0.5,0.6154,1,0.2244,1,0.6086,1.0,0.6086,1.0,0,1,0,0,0,1,7
mukerrer_veri_seti_v2.csv,REC000095,REC000096,1,1,0,1,1,1,1,1.0,1,1,1,1.0,1,1,1.0,0,1,1,0,0,0,0.92,0.92,0.92,0.25,1,1.0,1,0.76,0.75,0.76,0.75,0,0,1,0,0,0,7
mukerrer_veri_seti_v2.csv,REC000847,REC000848,1,1,0,1,1,1,1,1.0,1,1,1,1.0,1,1,0.9231,0,1,1,1,1,1,1.0,1.0,1.0,1.0,1,1.0,1,1.0,1.0,1.0,1.0,1,1,1,0,0,0,7
mukerrer_veri_seti_v2.csv,REC000257,REC000258,1,1,0,1,1,1,1,1.0,1,1,1,1.0,1,1,1.0,0,1,1,0,0,0,0.96,0.96,0.96,0.5385,1,1.0,1,0.7429,1.0,0.7429,1.0,0,1,1,0,0,0,7
mukerrer_veri_seti_v2.csv,REC000373,REC000374,1,1,0,1,1,1,1,1.0,1,1,1,1.0,1,1,1.0,0,1,1,1,1,1,1.0,1.0,1.0,1.0,1,1.0,1,1.0,1.0,1.0,1.0,1,1,1,0,0,0,7
mukerrer_veri_seti_v2.csv,REC001339,REC001340,0,0,1,1,0,0,0,0.21,1,0,0,0.1176,0,0,0.6121,0,1,1,1,1,1,1.0,1.0,1.0,1.0,1,0.1415,1,1.0,1.0,1.0,1.0,1,1,0,0,0,0,7
mukerrer_veri_seti_v2.csv,REC001283,REC001284,0,0,1,1,0,0,0,0.28,1,0,0,0.1818,0,0,0.6537,0,1,1,0,0,0,0.74,0.74,0.5,0.75,1,0.2337,1,0.67,1.0,0.67,1.0,0,1,0,0,0,1,7
mukerrer_veri_seti_v2.csv,REC001311,REC001312,0,0,1,1,0,0,0,0.28,1,0,0,0.16,0,0,0.8909,0,1,1,1,1,1,1.0,1.0,1.0,1.0,1,0.218,1,1.0,1.0,1.0,1.0,1,1,0,0,0,0,7
mukerrer_veri_seti_v2.csv,REC000343,REC000344,1,1,0,1,1,1,1,1.0,1,1,1,1.0,1,1,1.0,0,1,1,0,0,0,0.96,0.96,0.96,0.6923,1,1.0,1,0.76,1.0,0.76,1.0,0,1,1,0,0,0,7
mukerrer_veri_seti_v2.csv,REC001509,REC001510,0,0,1,1,0,0,0,0.28,1,0,0,0.3333,1,1,0.7736,0,1,1,1,0,1,0.9136,0.9136,0.85,0.75,1,0.35,1,1.0,0.7,1.0,0.7,1,0,0,0,0,0,7
mukerrer_veri_seti_v2.csv,REC000661,REC000662,1,1,0,1,1,1,1,1.0,1,1,1,1.0,1,1,1.0,0,1,1,1,1,1,1.0,1.0,1.0,1.0,1,1.0,1,1.0,1.0,1.0,1.0,1,1,1,0,0,0,7
mukerrer_veri_seti_v2.csv,REC000051,REC000052,1,1,0,1,1,1,1,1.0,1,1,1,1.0,1,1,1.0,0,1,1,1,0,1,0.9636,0.9636,0.9533,0.8182,1,1.0,1,1.0,0.9067,1.0,0.9067,1,0,1,0,0,0,7
mukerrer_veri_seti_v2.csv,REC001951,REC001952,0,0,1,1,0,0,0,0.21,1,0,0,0.24,0,0,0.7273,0,1,1,0,0,0,0.5571,0.5571,0.0,0.0769,1,0.2777,1,0.5778,0.4556,0.5778,0.4556,0,0,0,0,0,0,7
mukerrer_veri_seti_v2.csv,REC000421,REC000422,1,1,0,1,1,1,1,1.0,1,1,1,1.0,1,1,1.0,0,1,1,1,1,1,1.0,1.0,1.0,1.0,1,1.0,1,1.0,1.0,1.0,1.0,1,1,1,0,0,0,7
mukerrer_veri_seti_v2.csv,REC000519,REC000520,1,1,0,1,1,1,1,1.0,1,1,1,1.0,1,1,1.0,0,1,1,1,1,1,1.0,1.0,1.0,1.0,1,1.0,1,1.0,1.0,1.0,1.0,1,1,1,0,0,0,7
mukerrer_veri_seti_v2.csv,REC000855,REC000856,1,1,0,1,0,0,1,0.8,1,1,1,1.0,1,1,1.0,0,1,1,1,1,1,1.0,1.0,1.0,1.0,1,1.0,1,1.0,1.0,1.0,1.0,1,1,1,0,0,0,7
mukerrer_veri_seti_v2.csv,REC000109,REC000110,1,1,0,1,1,1,1,1.0,1,1,1,1.0,1,1,1.0,0,1,1,1,0,1,0.96,0.96,0.96,0.6429,1,1.0,1,0.7429,0.5857,0.7429,0.5857,0,0,1,0,0,0,7
mukerrer_veri_seti_v2.csv,REC000237,REC000238,1,1,0,1,1,1,1,1.0,1,1,1,1.0,1,1,1.0,0,1,1,0,1,1,0.74,0.74,0.6667,0.8333,1,1.0,1,0.0,1.0,0.0,1.0,0,1,1,1,1,1,7
mukerrer_veri_seti_v2.csv,REC001813,REC001814,0,0,1,1,0,0,0,0.28,1,0,0,0.24,0,0,0.6401,0,1,1,0,0,0,0.373,0.373,0.0,0.2143,1,0.3332,1,0.5619,0.0,0.5619,0.0,0,0,0,0,0,0,7
mukerrer_veri_seti_v2.csv,REC001395,REC001396,0,0,1,1,0,0,0,0.14,1,0,0,0.1818,0,0,0.6595,0,1,1,1,1,1,1.0,1.0,1.0,1.0,1,0.177,1,1.0,1.0,1.0,1.0,1,1,0,0,0,0,7
mukerrer_veri_seti_v2.csv,REC001191,REC001192,0,0,1,1,0,0,0,0.21,1,0,1,0.5714,0,0,0.7013,0,1,1,0,0,0,0.404,0.404,0.0,0.0909,1,0.6571,1,0.0,0.0,0.0,0.0,0,0,0,0,0,0,7
mukerrer_veri_seti_v2.csv,REC000645,REC000646,1,1,0,1,1,1,1,1.0,1,0,0,0.0,1,1,0.0,0,1,1,1,1,1,1.0,1.0,1.0,1.0,1,0.0,0,1.0,1.0,1.0,1.0,1,1,1,0,0,0,5
mukerrer_veri_seti_v2.csv,REC000015,REC000016,1,1,0,1,1,1,1,1.0,1,1,1,1.0,1,1,1.0,0,1,1,1,1,1,0.9818,0.9818,0.98,0.9091,1,1.0,1,1.0,0.96,1.0,0.96,1,0,1,0,0,0,7
mukerrer_veri_seti_v2.csv,REC000245,REC000246,1,1,0,1,1,1,1,1.0,1,1,1,1.0,1,1,1.0,0,1,1,1,0,1,0.9538,0.9538,0.95,0.7692,1,1.0,1,1.0,0.84,1.0,0.84,1,0,1,0,0,0,7
mukerrer_veri_seti_v2.csv,REC000307,REC000308,1,1,0,1,0,0,0,0.63,1,1,1,1.0,1,1,1.0,0,1,1,1,1,1,1.0,1.0,1.0,1.0,1,1.0,1,1.0,1.0,1.0,1.0,1,1,1,0,0,0,7
mukerrer_veri_seti_v2.csv,REC000895,REC000896,1,0,0,0,1,1,1,1.0,1,0,0,0.0,1,1,1.0,0,1,1,1,1,1,1.0,1.0,1.0,1.0,1,0.0,0,1.0,1.0,1.0,1.0,1,1,1,0,0,0,5
mukerrer_veri_seti_v2.csv,REC001215,REC001216,0,0,1,1,0,0,0,0.21,1,0,1,0.7273,0,0,0.6474,0,1,1,0,0,0,0.4167,0.4167,0.0,0.25,1,0.7818,1,0.4556,0.5111,0.4556,0.5111,0,0,0,0,0,0,7
mukerrer_veri_seti_v2.csv,REC001483,REC001484,0,0,1,1,0,0,0,0.21,1,0,0,0.2609,1,1,0.6731,0,1,1,1,0,1,0.8,0.8,0.5,0.5,1,0.2263,1,1.0,0.0,1.0,0.0,1,0,0,0,0,0,7
mukerrer_veri_seti_v2.csv,REC000195,REC000196,1,1,0,1,1,1,1,1.0,1,1,1,1.0,1,1,1.0,0,1,1,0,0,0,0.92,0.92,0.92,0.25,1,1.0,1,0.76,0.75,0.76,0.75,0,0,1,0,0,0,7
mukerrer_veri_seti_v2.csv,REC000789,REC000790,1,1,0,1,1,1,1,1.0,1,1,1,1.0,1,1,1.0,0,1,1,1,0,1,0.9636,0.9636,0.96,0.9091,1,1.0,1,1.0,0.92,1.0,0.92,1,0,1,0,0,0,7
mukerrer_veri_seti_v2.csv,REC001823,REC001824,0,0,1,1,0,0,0,0.21,1,0,0,0.2,0,0,0.6597,0,1,1,0,0,0,0.5242,0.5242,0.0,0.1818,1,0.2433,1,0.5,0.4556,0.5,0.4556,0,0,0,0,0,0,7
mukerrer_veri_seti_v2.csv,REC000365,REC000366,1,1,0,1,1,1,1,1.0,1,1,1,1.0,1,1,1.0,0,1,1,1,1,1,1.0,1.0,1.0,1.0,1,1.0,1,1.0,1.0,1.0,1.0,1,1,1,0,0,0,7
mukerrer_veri_seti_v2.csv,REC001827,REC001828,0,0,1,1,0,0,0,0.28,1,0,0,0.3478,0,0,0.6199,0,1,1,0,0,0,0.6364,0.6364,0.0,0.2727,1,0.3601,1,0.4833,0.6622,0.4833,0.6622,0,0,0,0,0,0,7
mukerrer_veri_seti_v2.csv,REC000609,REC000610,1,1,0,1,1,1,1,1.0,1,1,1,1.0,1,1,1.0,0,1,1,1,1,1,1.0,1.0,1.0,1.0,1,1.0,1,1.0,1.0,1.0,1.0,1,1,1,0,0,0,7
mukerrer_veri_seti_v2.csv,REC000259,REC000260,1,1,0,1,1,1,1,1.0,1,1,1,1.0,1,1,1.0,0,1,1,0,0,0,0.92,0.92,0.92,0.25,1,1.0,1,0.75,0.76,0.75,0.76,0,0,1,0,0,0,7
mukerrer_veri_seti_v2.csv,REC000929,REC000930,1,1,0,1,1,1,1,1.0,1,1,1,1.0,1,1,1.0,0,1,1,1,1,1,1.0,1.0,1.0,1.0,1,1.0,1,1.0,1.0,1.0,1.0,1,1,1,0,0,0,7
mukerrer_veri_seti_v2.csv,REC001333,REC001334,0,0,1,1,0,0,0,0.28,1,0,1,0.5217,0,0,0.7097,0,1,1,0,0,0,0.5103,0.5103,0.0,0.1538,1,0.6174,1,0.4722,0.4556,0.4722,0.4556,0,0,0,0,0,0,7
mukerrer_veri_seti_v2.csv,REC000689,REC000690,1,1,0,1,1,1,1,1.0,1,1,1,1.0,1,1,1.0,0,1,1,1,1,1,1.0,1.0,1.0,1.0,1,1.0,1,1.0,1.0,1.0,1.0,1,1,1,0,0,0,7
mukerrer_veri_seti_v2.csv,REC000897,REC000898,1,1,0,1,1,1,1,1.0,1,1,1,1.0,1,1,0.0,0,1,1,1,1,1,1.0,1.0,1.0,1.0,1,1.0,1,1.0,1.0,1.0,1.0,1,1,1,0,0,0,6
mukerrer_veri_seti_v2.csv,REC001705,REC001706,0,0,1,1,0,0,0,0.21,1,0,0,0.1111,0,0,0.6741,0,1,1,0,0,0,0.5333,0.5333,0.0,0.2,1,0.1639,1,0.2222,0.4833,0.0,0.4833,0,0,0,0,0,0,7
mukerrer_veri_seti_v2.csv,REC000903,REC000904,1,1,0,1,1,1,1,1.0,1,0,0,0.0,1,1,0.0,0,1,1,1,1,1,1.0,1.0,1.0,1.0,1,0.0,0,1.0,1.0,1.0,1.0,1,1,1,0,0,0,5
mukerrer_veri_seti_v2.csv,REC001475,REC001476,0,0,1,1,0,0,0,0.35,1,0,0,0.2857,0,0,0.5905,0,1,1,0,0,0,0.6412,0.6412,0.0,0.2143,1,0.3,1,0.4722,0.6627,0.4722,0.6627,0,0,0,0,0,0,7
mukerrer_veri_seti_v2.csv,REC001455,REC001456,0,0,1,1,0,0,0,0.28,1,0,0,0.3636,1,1,0.6644,0,1,1,1,0,1,0.8685,0.8685,0.5,0.6154,1,0.3742,1,1.0,0.4722,1.0,0.4722,1,0,0,0,0,0,7
mukerrer_veri_seti_v2.csv,REC001313,REC001314,0,0,1,1,0,0,0,0.14,1,0,0,0.2308,0,0,0.5777,0,1,1,1,1,1,1.0,1.0,1.0,1.0,1,0.2528,1,1.0,1.0,1.0,1.0,1,1,0,0,0,0,7
mukerrer_veri_seti_v2.csv,REC000053,REC000054,1,1,0,1,1,1,1,1.0,1,1,1,1.0,1,1,1.0,0,1,1,1,0,1,0.96,0.96,0.96,0.6,1,1.0,1,1.0,0.76,1.0,0.76,1,0,1,0,0,0,7
mukerrer_veri_seti_v2.csv,REC000563,REC000564,1,1,0,1,1,1,1,1.0,1,1,1,1.0,1,1,1.0,0,1,1,1,0,1,0.94,0.94,0.94,0.9,1,1.0,1,1.0,0.88,1.0,0.88,1,0,1,0,0,0,7
mukerrer_veri_seti_v2.csv,REC000089,REC000090,1,1,0,1,1,1,1,1.0,1,1,1,1.0,1,1,1.0,0,1,1,1,0,1,0.96,0.96,0.96,0.7273,1,1.0,1,1.0,0.775,1.0,0.775,1,0,1,0,0,0,7
mukerrer_veri_seti_v2.csv,REC001699,REC001700,0,0,1,1,0,0,0,0.14,1,0,0,0.2727,1,1,0.8086,0,1,1,0,0,0,0.7037,0.7037,0.5,0.5556,1,0.3015,1,0.4667,1.0,0.4667,1.0,0,1,0,0,0,1,7
mukerrer_veri_seti_v2.csv,REC001997,REC001998,0,0,1,1,0,0,0,0.28,1,0,0,0.3636,0,0,0.6298,0,1,1,0,0,0,0.5697,0.5697,0.0,0.1818,1,0.3727,1,0.4667,0.4,0.4667,0.0,0,0,0,0,0,0,7
mukerrer_veri_seti_v2.csv,REC000935,REC000936,1,1,0,1,1,1,1,1.0,1,1,1,1.0,1,1,1.0,0,1,1,1,0,1,0.9636,0.9636,0.9334,0.9091,1,1.0,1,1.0,0.8667,1.0,0.8667,1,0,1,0,0,0,7
mukerrer_veri_seti_v2.csv,REC001909,REC001910,0,0,1,1,0,0,0,0.14,1,0,0,0.3,1,1,0.6513,0,1,1,0,0,0,0.5315,0.5315,0.0,0.2,1,0.2929,1,0.4833,0.5111,0.4833,0.5111,0,0,0,0,0,0,7
mukerrer_veri_seti_v2.csv,REC001829,REC001830,0,0,1,1,0,0,0,0.21,1,0,0,0.2727,0,0,0.6946,0,1,1,0,0,0,0.4222,0.4222,0.0,0.0,1,0.3182,1,0.2,0.5,0.0,0.5,0,0,0,0,0,0,7
mukerrer_veri_seti_v2.csv,REC000973,REC000974,1,1,0,1,1,1,1,1.0,1,1,1,1.0,1,1,1.0,0,1,1,1,1,1,1.0,1.0,1.0,1.0,1,1.0,1,1.0,1.0,1.0,1.0,1,1,1,0,0,0,7
mukerrer_veri_seti_v2.csv,REC000233,REC000234,1,1,0,1,1,1,1,1.0,1,1,1,1.0,1,1,1.0,0,1,1,0,0,0,0.96,0.96,0.96,0.6364,1,1.0,1,0.76,1.0,0.76,1.0,0,1,1,0,0,0,7
mukerrer_veri_seti_v2.csv,REC001759,REC001760,0,0,1,1,0,0,0,0.35,1,0,1,0.2609,0,0,0.8,0,1,1,0,0,0,0.4924,0.4924,0.0,0.1818,1,0.4087,1,0.4556,0.4833,0.4556,0.4833,0,0,0,0,0,0,7
mukerrer_veri_seti_v2.csv,REC001169,REC001170,0,0,1,1,0,0,0,0.21,1,0,0,0.3636,0,0,0.6757,0,1,1,0,0,0,0.9136,0.9136,0.88,0.75,1,0.3766,1,1.0,0.76,1.0,0.76,1,0,0,0,0,0,7
mukerrer_veri_seti_v2.csv,REC000249,REC000250,1,1,0,1,1,1,1,1.0,1,1,1,1.0,1,1,1.0,0,1,1,0,1,1,0.74,0.74,0.6667,0.8571,1,1.0,1,0.0,1.0,0.0,1.0,0,1,1,1,1,1,7
mukerrer_veri_seti_v2.csv,REC001049,REC001050,0,0,1,1,0,0,0,0.35,1,0,1,0.6087,0,0,0.5902,0,1,1,0,0,0,0.3901,0.3901,0.0,0.2308,1,0.687,1,0.4556,0.4556,0.4556,0.4556,0,0,0,0,0,0,7
mukerrer_veri_seti_v2.csv,REC001805,REC001806,0,0,1,1,0,0,0,0.21,1,0,0,0.3478,0,0,0.7033,0,1,1,0,0,0,0.3074,0.3074,0.0,0.2,1,0.3533,1,0.0,0.0,0.0,0.0,0,0,0,0,0,0,7
mukerrer_veri_seti_v2.csv,REC001983,REC001984,0,0,1,1,0,0,0,0.14,1,0,0,0.2857,0,0,0.8656,0,1,1,0,0,0,0.5317,0.5317,0.0,0.2857,1,0.3104,1,0.5397,0.5889,0.5397,0.5889,0,0,0,0,0,0,7
mukerrer_veri_seti_v2.csv,REC001485,REC001486,0,0,1,1,0,0,0,0.28,1,0,0,0.1739,1,1,0.6649,0,1,1,0,0,0,0.74,0.74,0.5,0.5833,1,0.1963,1,0.4722,1.0,0.4722,1.0,0,1,0,0,0,1,7
mukerrer_veri_seti_v2.csv,REC000933,REC000934,1,1,0,1,1,1,1,1.0,1,1,1,1.0,1,1,0.9412,0,1,1,1,1,1,1.0,1.0,1.0,1.0,1,1.0,1,1.0,1.0,1.0,1.0,1,1,1,0,0,0,7
mukerrer_veri_seti_v2.csv,REC001885,REC001886,0,0,1,1,0,0,0,0.42,1,0,0,0.1739,0,0,0.6222,0,1,1,0,0,0,0.4823,0.4823,0.0,0.0833,1,0.2181,1,0.0,0.4556,0.0,0.4556,0,0,0,0,0,0,7
mukerrer_veri_seti_v2.csv,REC000555,REC000556,1,1,0,1,1,1,1,1.0,1,1,1,1.0,1,1,1.0,0,1,1,0,0,0,0.92,0.92,0.92,0.2727,1,1.0,1,0.76,0.76,0.76,0.76,0,0,1,0,0,0,7
mukerrer_veri_seti_v2.csv,REC001599,REC001600,0,0,1,1,0,0,0,0.28,1,0,1,0.5833,1,1,0.6284,0,1,1,1,1,1,1.0,1.0,1.0,1.0,1,0.6667,1,1.0,1.0,1.0,1.0,1,1,0,0,0,0,7
mukerrer_veri_seti_v2.csv,REC000945,REC000946,1,1,0,1,1,1,1,1.0,1,0,0,0.0,1,1,1.0,0,1,1,1,1,1,1.0,1.0,1.0,1.0,1,0.0,0,1.0,1.0,1.0,1.0,1,1,1,0,0,0,6
mukerrer_veri_seti_v2.csv,REC000007,REC000008,1,1,0,1,1,1,1,1.0,1,1,1,1.0,1,1,1.0,0,1,1,0,0,0,0.74,0.74,0.6667,0.8462,1,1.0,1,0.0,1.0,0.0,1.0,0,1,1,1,1,1,7
mukerrer_veri_seti_v2.csv,REC000305,REC000306,1,1,0,1,1,1,1,1.0,1,1,1,1.0,1,1,1.0,0,1,1,1,1,1,1.0,1.0,1.0,1.0,1,1.0,1,1.0,1.0,1.0,1.0,1,1,1,0,0,0,7
mukerrer_veri_seti_v2.csv,REC001709,REC001710,0,0,1,1,0,0,0,0.35,1,0,0,0.1739,0,0,0.7119,0,1,1,0,0,0,0.5857,0.5857,0.0,0.1538,1,0.2803,1,0.6,0.5619,0.6,0.5619,0,0,0,0,0,0,7
mukerrer_veri_seti_v2.csv,REC000337,REC000338,1,1,0,1,1,1,1,1.0,1,1,1,1.0,1,1,1.0,0,1,1,1,1,1,1.0,1.0,1.0,1.0,1,1.0,1,1.0,1.0,1.0,1.0,1,1,1,0,0,0,7
mukerrer_veri_seti_v2.csv,REC000773,REC000774,1,1,0,1,1,1,1,1.0,1,1,1,1.0,1,1,1.0,0,1,1,1,1,1,1.0,1.0,1.0,1.0,1,1.0,1,1.0,1.0,1.0,1.0,1,1,1,0,0,0,7
mukerrer_veri_seti_v2.csv,REC001027,REC001028,0,0,1,1,0,0,0,0.35,1,0,1,0.4545,0,0,0.726,0,1,1,0,0,0,0.5278,0.5278,0.0,0.0833,1,0.5636,1,0.4667,0.0,0.4667,0.0,0,0,0,0,0,0,7
mukerrer_veri_seti_v2.csv,REC000865,REC000866,1,1,0,1,1,1,1,1.0,1,1,1,1.0,1,1,1.0,0,1,1,1,1,1,1.0,1.0,1.0,1.0,1,1.0,1,1.0,1.0,1.0,1.0,1,1,1,0,0,0,7
mukerrer_veri_seti_v2.csv,REC001013,REC001014,0,0,1,1,0,0,0,0.28,1,0,1,0.4348,0,0,0.6909,0,1,1,0,0,0,0.5376,0.5376,0.0,0.1429,1,0.5478,1,0.5952,0.4722,0.5952,0.4722,0,0,0,0,0,0,7
mukerrer_veri_seti_v2.csv,REC000507,REC000508,1,1,0,1,1,1,1,1.0,1,1,1,1.0,1,1,1.0,0,1,1,0,0,0,0.9455,0.9455,0.925,0.9091,1,1.0,1,0.85,1.0,0.85,1.0,0,1,1,0,0,0,7
mukerrer_veri_seti_v2.csv,REC000715,REC000716,1,1,0,1,1,1,1,1.0,1,1,1,1.0,1,1,0.9355,0,1,1,1,1,1,1.0,1.0,1.0,1.0,1,1.0,1,1.0,1.0,1.0,1.0,1,1,1,0,0,0,7
mukerrer_veri_seti_v2.csv,REC001435,REC001436,0,0,1,1,0,0,0,0.21,1,0,0,0.3,0,0,0.6291,0,1,1,1,1,1,1.0,1.0,1.0,1.0,1,0.2576,1,1.0,1.0,1.0,1.0,1,1,0,0,0,0,7
mukerrer_veri_seti_v2.csv,REC001371,REC001372,0,0,1,1,0,0,0,0.21,1,0,1,0.6364,0,0,0.7097,0,1,1,0,0,0,0.4508,0.4508,0.0,0.0,1,0.7091,1,0.5778,0.0,0.5778,0.0,0,0,0,0,0,0,7
mukerrer_veri_seti_v2.csv,REC000003,REC000004,1,1,0,1,1,1,1,1.0,1,1,1,1.0,1,1,1.0,0,1,1,0,0,0,0.95,0.95,0.95,0.8182,1,1.0,1,0.8667,1.0,0.8667,1.0,0,1,1,0,0,0,7
mukerrer_veri_seti_v2.csv,REC001597,REC001598,0,0,1,1,0,0,0,0.21,1,0,0,0.1538,0,0,0.7037,0,1,1,1,1,1,1.0,1.0,1.0,1.0,1,0.2185,1,1.0,1.0,1.0,1.0,1,1,0,0,0,0,7
mukerrer_veri_seti_v2.csv,REC001335,REC001336,0,0,1,1,0,0,0,0.28,1,0,0,0.2857,1,1,0.697,0,1,1,1,1,1,1.0,1.0,1.0,1.0,1,0.3186,1,1.0,1.0,1.0,1.0,1,1,0,0,0,0,7
mukerrer_veri_seti_v2.csv,REC000803,REC000804,1,1,0,1,1,1,1,1.0,1,1,1,1.0,1,1,1.0,0,1,1,1,1,1,1.0,1.0,1.0,1.0,1,1.0,1,1.0,1.0,1.0,1.0,1,1,1,0,0,0,7
mukerrer_veri_seti_v2.csv,REC001093,REC001094,0,0,1,1,0,0,0,0.42,1,0,0,0.3333,1,1,0.7136,0,1,1,0,0,0,0.6239,0.6239,0.5,0.5385,1,0.3614,1,0.5029,1.0,0.5029,1.0,0,1,0,0,0,1,7
mukerrer_veri_seti_v2.csv,REC000997,REC000998,1,1,0,1,1,1,1,1.0,1,1,1,1.0,1,1,1.0,0,1,1,1,1,1,1.0,1.0,1.0,1.0,1,1.0,1,1.0,1.0,1.0,1.0,1,1,1,0,0,0,7
mukerrer_veri_seti_v2.csv,REC000927,REC000928,1,1,0,1,1,1,1,1.0,1,1,1,1.0,1,1,1.0,0,1,1,1,0,1,0.94,0.94,0.94,0.9,1,1.0,1,0.88,1.0,0.88,1.0,0,1,1,0,0,0,7
mukerrer_veri_seti_v2.csv,REC001913,REC001914,0,0,1,1,0,0,0,0.35,1,0,0,0.5217,0,0,0.7114,0,1,1,0,0,0,0.76,0.76,0.76,0.4545,1,0.5031,1,0.7333,0.7867,0.7333,0.7867,0,0,0,0,0,0,7
mukerrer_veri_seti_v2.csv,REC000841,REC000842,1,1,0,1,1,1,1,1.0,1,1,1,1.0,1,1,0.9413,0,1,1,1,1,1,1.0,1.0,1.0,1.0,1,1.0,1,1.0,1.0,1.0,1.0,1,1,1,0,0,0,7
mukerrer_veri_seti_v2.csv,REC001477,REC001478,0,0,1,1,0,0,0,0.42,1,0,1,0.0833,0,0,0.7719,0,1,1,0,0,0,0.3901,0.3901,0.0,0.0769,1,0.2667,1,0.0,0.0,0.0,0.0,0,0,0,0,0,0,7
mukerrer_veri_seti_v2.csv,REC000355,REC000356,1,1,0,1,1,1,1,1.0,1,1,1,1.0,1,1,1.0,0,1,1,0,0,0,0.9636,0.9636,0.9466,0.9091,1,1.0,1,1.0,0.8933,1.0,0.8933,1,0,1,0,0,0,7
mukerrer_veri_seti_v2.csv,REC000119,REC000120,1,1,0,1,1,1,1,1.0,1,1,1,1.0,1,1,1.0,0,1,1,0,0,0,0.92,0.92,0.92,0.3,1,1.0,1,0.76,0.775,0.76,0.775,0,0,1,0,0,0,7
mukerrer_veri_seti_v2.csv,REC000417,REC000418,1,1,0,1,1,1,1,1.0,1,1,1,1.0,1,1,1.0,0,1,1,0,0,0,0.8727,0.8727,0.5,0.3636,1,1.0,1,1.0,0.4722,1.0,0.4722,1,0,1,0,0,0,7
mukerrer_veri_seti_v2.csv,REC001135,REC001136,0,0,1,1,0,0,0,0.35,1,0,1,0.5882,0,0,0.6751,0,1,1,0,0,0,0.5556,0.5556,0.0,0.3333,1,0.6706,1,0.25,0.5,0.0,0.5,0,0,0,0,0,0,7
mukerrer_veri_seti_v2.csv,REC001589,REC001590,0,0,1,1,0,0,0,0.21,1,0,0,0.1739,0,0,0.6506,0,1,1,1,1,1,1.0,1.0,1.0,1.0,1,0.2654,1,1.0,1.0,1.0,1.0,1,1,0,0,0,0,7
mukerrer_veri_seti_v2.csv,REC001457,REC001458,0,0,1,1,0,0,0,0.28,1,0,0,0.087,1,1,0.6691,0,1,1,0,0,0,0.74,0.74,0.8933,0.8182,1,0.1596,1,0.7867,1.0,0.7867,1.0,0,1,0,0,0,1,7
mukerrer_veri_seti_v2.csv,REC000057,REC000058,1,1,0,1,1,1,1,1.0,1,1,1,1.0,1,1,1.0,0,1,1,0,0,0,0.96,0.96,0.96,0.6,1,1.0,1,0.76,1.0,0.76,1.0,0,1,1,0,0,0,7
mukerrer_veri_seti_v2.csv,REC001481,REC001482,0,0,1,1,0,0,0,0.28,1,0,0,0.25,1,1,0.6984,0,1,1,1,0,1,0.8967,0.8967,0.5,0.7143,1,0.275,1,1.0,0.6622,1.0,0.6622,1,0,0,0,0,0,7
mukerrer_veri_seti_v2.csv,REC000097,REC000098,1,1,0,1,1,1,1,1.0,1,1,1,1.0,1,1,1.0,0,1,1,0,0,0,0.74,0.74,0.6667,0.8462,1,1.0,1,0.0,1.0,0.0,1.0,0,1,1,1,1,1,7
mukerrer_veri_seti_v2.csv,REC001425,REC001426,0,0,1,1,0,0,0,0.28,1,0,0,0.4211,1,1,0.6551,0,1,1,1,0,1,0.8533,0.8533,0.5,0.6,1,0.4202,1,1.0,0.535,1.0,0.535,1,0,0,0,0,0,7
mukerrer_veri_seti_v2.csv,REC000415,REC000416,1,1,0,1,1,1,1,1.0,1,1,1,1.0,1,1,1.0,0,1,1,1,1,1,1.0,1.0,1.0,1.0,1,1.0,1,1.0,1.0,1.0,1.0,1,1,1,0,0,0,7
mukerrer_veri_seti_v2.csv,REC001995,REC001996,0,0,1,1,0,0,0,0.21,1,0,0,0.1905,0,0,0.6698,0,1,1,0,0,0,0.5722,0.5722,0.0,0.0833,1,0.2357,1,0.0,0.4583,0.0,0.4583,0,0,0,0,0,0,7
mukerrer_veri_seti_v2.csv,REC001501,REC001502,0,0,1,1,0,0,0,0.28,1,0,0,0.1053,1,1,0.7407,0,1,1,1,0,1,0.8956,0.8956,0.5,0.6,1,0.1675,1,1.0,0.67,1.0,0.67,1,0,0,0,0,0,7
mukerrer_veri_seti_v2.csv,REC000659,REC000660,1,1,0,1,1,1,1,1.0,1,0,0,1.0,1,1,1.0,0,1,1,1,1,1,1.0,1.0,1.0,1.0,1,0.8947,1,1.0,1.0,1.0,1.0,1,1,1,0,0,0,7
mukerrer_veri_seti_v2.csv,REC000891,REC000892,1,1,0,1,1,1,1,1.0,1,1,1,1.0,1,1,1.0,0,1,1,1,1,1,1.0,1.0,1.0,1.0,1,1.0,1,1.0,1.0,1.0,1.0,1,1,1,0,0,0,7
mukerrer_veri_seti_v2.csv,REC000859,REC000860,1,1,0,1,1,1,1,1.0,1,1,1,1.0,1,1,1.0,0,1,1,1,1,1,1.0,1.0,1.0,1.0,1,1.0,1,1.0,1.0,1.0,1.0,1,1,1,0,0,0,7
mukerrer_veri_seti_v2.csv,REC000877,REC000878,1,1,0,1,1,1,1,1.0,1,1,1,1.0,1,1,1.0,0,1,1,0,0,0,0.74,0.74,0.8889,0.875,1,1.0,1,0.7778,1.0,0.7778,1.0,0,1,1,0,0,1,7
mukerrer_veri_seti_v2.csv,REC001787,REC001788,0,0,1,1,0,0,0,0.28,1,0,0,0.1667,0,0,0.6049,0,1,1,0,0,0,0.5048,0.5048,0.0,0.2143,1,0.2216,1,0.6111,0.0,0.6111,0.0,0,0,0,0,0,0,7
mukerrer_veri_seti_v2.csv,REC000701,REC000702,1,1,0,1,1,1,1,1.0,1,0,0,0.0,1,1,0.0,0,1,1,1,1,1,1.0,1.0,1.0,1.0,1,0.0,0,1.0,1.0,1.0,1.0,1,1,1,0,0,0,5
mukerrer_veri_seti_v2.csv,REC001123,REC001124,0,0,1,1,0,0,0,0.42,1,0,0,0.0952,1,1,0.6803,0,1,1,1,1,1,1.0,1.0,1.0,1.0,1,0.1512,1,1.0,1.0,1.0,1.0,1,1,0,0,0,0,7
mukerrer_veri_seti_v2.csv,REC000527,REC000528,1,1,0,1,1,1,1,1.0,1,1,1,1.0,1,1,1.0,0,1,1,1,1,1,0.9667,0.9667,0.96,0.9167,1,1.0,1,1.0,0.92,1.0,0.92,1,0,1,0,0,0,7
mukerrer_veri_seti_v2.csv,REC000569,REC000570,1,1,0,1,1,1,1,1.0,1,1,1,1.0,1,1,1.0,0,1,1,0,0,0,0.96,0.96,0.96,0.6364,1,1.0,1,1.0,0.76,1.0,0.76,1,0,1,0,0,0,7
mukerrer_veri_seti_v2.csv,REC001559,REC001560,0,0,1,1,0,0,0,0.28,1,0,0,0.16,1,1,0.6688,0,1,1,0,0,0,0.8831,0.8831,0.5,0.5385,1,0.203,1,1.0,0.4643,1.0,0.4643,1,0,0,0,0,0,7
mukerrer_veri_seti_v2.csv,REC000037,REC000038,1,1,0,1,1,1,1,1.0,1,1,1,1.0,1,1,1.0,0,1,1,0,0,0,0.92,0.92,0.92,0.3,1,1.0,1,0.775,0.76,0.775,0.76,0,0,1,0,0,0,7
mukerrer_veri_seti_v2.csv,REC001465,REC001466,0,0,1,1,0,0,0,0.35,1,0,0,0.3077,1,1,0.6837,0,1,1,1,0,1,0.9357,0.9357,0.5,0.7692,1,0.3362,1,1.0,0.56,1.0,0.56,1,0,0,0,0,0,7
mukerrer_veri_seti_v2.csv,REC000883,REC000884,1,1,0,1,1,1,1,1.0,1,1,1,1.0,1,1,0.9474,0,1,1,1,1,1,1.0,1.0,1.0,1.0,1,1.0,1,1.0,1.0,1.0,1.0,1,1,1,0,0,0,7
mukerrer_veri_seti_v2.csv,REC001323,REC001324,0,0,1,1,0,0,0,0.28,1,0,0,0.3,0,0,0.7241,0,1,1,1,1,1,1.0,1.0,1.0,1.0,1,0.36,1,1.0,1.0,1.0,1.0,1,1,0,0,0,0,7
mukerrer_veri_seti_v2.csv,REC001991,REC001992,0,0,1,1,0,0,0,0.21,1,0,0,0.3529,0,0,0.6495,0,1,1,0,0,0,0.5444,0.5444,0.0,0.3,1,0.3538,1,0.5,0.4833,0.5,0.4833,0,0,0,0,0,0,7
mukerrer_veri_seti_v2.csv,REC000517,REC000518,1,1,0,1,1,1,1,1.0,1,1,1,1.0,1,1,1.0,0,1,1,0,0,0,0.9,0.9,0.5,0.5,1,1.0,1,1.0,0.5278,1.0,0.5278,1,0,1,0,0,0,7
mukerrer_veri_seti_v2.csv,REC001139,REC001140,0,0,1,1,0,0,0,0.28,1,0,0,0.2,1,1,0.6876,0,1,1,0,0,0,0.7152,0.7152,0.5,0.5455,1,0.2482,1,0.0,1.0,0.0,1.0,0,1,0,0,0,1,7
mukerrer_veri_seti_v2.csv,REC000795,REC000796,1,1,0,1,1,1,1,1.0,1,1,1,1.0,1,1,1.0,0,1,1,1,1,1,1.0,1.0,1.0,1.0,1,1.0,1,1.0,1.0,1.0,1.0,1,1,1,0,0,0,7
mukerrer_veri_seti_v2.csv,REC000663,REC000664,1,1,0,1,1,1,1,1.0,1,1,1,1.0,1,1,1.0,0,1,1,1,1,1,1.0,1.0,1.0,1.0,1,1.0,1,1.0,1.0,1.0,1.0,1,1,1,0,0,0,7
mukerrer_veri_seti_v2.csv,REC001341,REC001342,0,0,1,1,0,0,0,0.28,1,0,0,0.2143,0,0,0.6676,0,1,1,1,0,1,0.8967,0.8967,0.5,0.7143,1,0.2548,1,1.0,0.6622,1.0,0.6622,1,0,0,0,0,0,7
mukerrer_veri_seti_v2.csv,REC001199,REC001200,0,0,1,1,0,0,0,0.35,1,0,0,0.2857,1,1,0.6934,0,1,1,0,0,0,0.74,0.74,0.88,0.8,1,0.3143,1,0.76,1.0,0.76,1.0,0,1,0,0,0,1,7
mukerrer_veri_seti_v2.csv,REC000547,REC000548,1,1,0,1,1,1,1,1.0,1,1,1,1.0,1,1,1.0,0,1,1,1,0,1,0.9636,0.9636,0.96,0.8182,1,1.0,1,1.0,0.8,1.0,0.8,1,0,1,0,0,0,7
mukerrer_veri_seti_v2.csv,REC001157,REC001158,0,0,1,1,0,0,0,0.28,1,0,0,0.2308,0,0,0.6769,0,1,1,1,0,1,0.74,0.74,0.8543,0.7143,1,0.2679,1,0.7086,1.0,0.7086,1.0,0,1,0,0,0,1,7
mukerrer_veri_seti_v2.csv,REC001727,REC001728,0,0,1,1,0,0,0,0.35,1,0,0,0.3077,0,0,0.7797,0,1,1,0,0,0,0.6447,0.6447,0.38,0.25,1,0.3344,1,0.4556,0.76,0.4556,0.76,0,0,0,0,0,0,7
mukerrer_veri_seti_v2.csv,REC001245,REC001246,0,0,1,1,0,0,0,0.35,1,0,1,0.56,0,0,0.6835,0,1,1,0,0,0,0.3214,0.3214,0.0,0.0714,1,0.648,1,0.0,0.1818,0.0,0.0,0,0,0,0,0,0,7
mukerrer_veri_seti_v2.csv,REC000959,REC000960,1,1,0,1,1,1,1,1.0,1,1,1,1.0,1,1,1.0,0,1,1,1,1,1,1.0,1.0,1.0,1.0,1,1.0,1,1.0,1.0,1.0,1.0,1,1,1,0,0,0,7
mukerrer_veri_seti_v2.csv,REC001359,REC001360,0,0,1,1,0,0,0,0.35,1,0,0,0.3478,0,0,0.5875,0,1,1,1,1,1,1.0,1.0,1.0,1.0,1,0.3256,1,1.0,1.0,1.0,1.0,1,1,0,0,0,0,7
mukerrer_veri_seti_v2.csv,REC000171,REC000172,1,1,0,1,1,1,1,1.0,1,1,1,1.0,1,1,1.0,0,1,1,0,0,0,0.96,0.96,0.96,0.5556,1,1.0,1,0.76,1.0,0.76,1.0,0,1,1,0,0,0,7
mukerrer_veri_seti_v2.csv,REC001667,REC001668,0,0,1,1,0,0,0,0.42,1,0,0,0.1818,0,0,0.7023,0,1,1,0,0,0,0.5926,0.5926,0.0,0.3333,1,0.2136,1,0.6667,0.4643,0.6667,0.4643,0,0,0,0,0,0,7
mukerrer_veri_seti_v2.csv,REC001183,REC001184,0,0,1,1,0,0,0,0.21,1,0,0,0.381,1,1,0.7541,0,1,1,0,0,0,0.74,0.74,0.35,0.6667,1,0.3619,1,0.6,1.0,0.6,1.0,0,1,0,0,0,1,7
mukerrer_veri_seti_v2.csv,REC001111,REC001112,0,0,1,1,0,0,0,0.21,1,0,1,0.2,1,1,0.6459,0,1,1,1,0,1,0.9333,0.9333,0.9222,0.8333,1,0.36,1,1.0,0.8444,1.0,0.8444,1,0,0,0,0,0,7
mukerrer_veri_seti_v2.csv,REC000207,REC000208,1,1,0,1,1,1,1,1.0,1,1,1,1.0,1,1,1.0,0,1,1,0,0,0,0.96,0.96,0.96,0.6667,1,1.0,1,0.76,1.0,0.76,1.0,0,1,1,0,0,0,7
mukerrer_veri_seti_v2.csv,REC000425,REC000426,1,1,0,1,1,1,1,1.0,1,1,1,1.0,1,1,1.0,0,1,1,0,0,0,0.9692,0.9692,0.9445,0.9231,1,1.0,1,1.0,0.8889,1.0,0.8889,1,0,1,0,0,0,7
mukerrer_veri_seti_v2.csv,REC000123,REC000124,1,1,0,1,1,1,1,1.0,1,1,1,1.0,1,1,1.0,0,1,1,0,0,0,0.9533,0.9533,0.9533,0.7778,1,1.0,1,0.9067,1.0,0.9067,1.0,0,1,1,0,0,0,7
mukerrer_veri_seti_v2.csv,REC001211,REC001212,0,0,1,1,0,0,0,0.14,1,0,1,0.5455,0,0,0.7678,0,1,1,0,0,0,0.404,0.404,0.0,0.0,1,0.6364,1,0.4476,0.25,0.4476,0.0,0,0,0,0,0,0,7
mukerrer_veri_seti_v2.csv,REC000379,REC000380,1,1,0,1,1,1,1,1.0,1,1,1,1.0,1,1,1.0,0,1,1,0,0,0,0.92,0.92,0.92,0.3,1,1.0,1,0.775,0.76,0.775,0.76,0,0,1,0,0,0,7
mukerrer_veri_seti_v2.csv,REC001269,REC001270,0,0,1,1,0,0,0,0.28,1,0,0,0.2727,0,0,0.6083,0,1,1,1,0,1,0.8788,0.8788,0.5,0.5833,1,0.2896,1,1.0,0.51,1.0,0.51,1,0,0,0,0,0,7
mukerrer_veri_seti_v2.csv,REC001857,REC001858,0,0,1,1,0,0,0,0.35,1,0,0,0.3636,0,0,0.7143,0,1,1,0,0,0,0.6364,0.6364,0.3666,0.1818,1,0.3699,1,0.7333,0.52,0.7333,0.52,0,0,0,0,0,0,7
mukerrer_veri_seti_v2.csv,REC000325,REC000326,1,1,0,1,1,1,1,1.0,1,1,1,1.0,1,1,1.0,0,1,1,0,0,0,0.5,0.5,0.5,0.4545,1,1.0,1,0.4667,1.0,0.4667,1.0,0,1,1,1,1,0,7
mukerrer_veri_seti_v2.csv,REC001025,REC001026,0,0,1,1,0,0,0,0.28,1,0,0,0.087,0,0,0.6463,0,1,1,0,0,0,0.52,0.52,0.0,0.1,1,0.1225,1,0.535,0.0,0.535,0.0,0,0,0,0,0,0,7
mukerrer_veri_seti_v2.csv,REC000671,REC000672,1,1,0,1,1,1,1,1.0,1,1,1,1.0,1,1,1.0,0,1,1,1,1,1,1.0,1.0,1.0,1.0,1,1.0,1,1.0,1.0,1.0,1.0,1,1,1,0,0,0,7
mukerrer_veri_seti_v2.csv,REC000861,REC000862,1,0,0,0,1,1,1,1.0,1,1,1,1.0,1,1,0.0,0,1,1,1,1,1,1.0,1.0,1.0,1.0,1,1.0,1,1.0,1.0,1.0,1.0,1,1,1,0,0,0,5
mukerrer_veri_seti_v2.csv,REC001801,REC001802,0,0,1,1,0,0,0,0.35,1,0,0,0.3333,0,0,0.6655,0,1,1,0,0,0,0.7012,0.7012,0.3666,0.3333,1,0.3381,1,0.56,0.5778,0.56,0.5778,0,0,0,0,0,0,7
mukerrer_veri_seti_v2.csv,REC001987,REC001988,0,0,1,1,0,0,0,0.21,1,0,0,0.2609,0,0,0.7285,0,1,1,0,0,0,0.4823,0.4823,0.0,0.0833,1,0.3287,1,0.2,0.1818,0.0,0.0,0,0,0,0,0,0,7
mukerrer_veri_seti_v2.csv,REC000931,REC000932,1,1,0,1,1,1,1,1.0,1,1,1,1.0,1,1,1.0,0,1,1,0,0,0,0.9611,0.9611,0.9533,0.9167,1,1.0,1,0.9067,1.0,0.9067,1.0,0,1,1,0,0,0,7
mukerrer_veri_seti_v2.csv,REC000323,REC000324,1,1,0,1,1,1,1,1.0,1,1,1,1.0,1,1,1.0,0,1,1,0,0,0,0.9334,0.9334,0.9334,0.9091,1,1.0,1,0.4667,0.4667,0.4667,0.4667,0,0,1,0,0,0,7
mukerrer_veri_seti_v2.csv,REC001309,REC001310,0,0,1,1,0,0,0,0.28,1,0,0,0.3636,1,1,0.9428,0,1,1,1,0,1,0.9185,0.9185,0.5,0.6923,1,0.3067,1,1.0,0.55,1.0,0.55,1,0,0,0,0,0,7
mukerrer_veri_seti_v2.csv,REC000889,REC000890,1,1,0,1,0,0,0,0.63,1,1,1,1.0,1,1,0.9269,0,1,1,1,1,1,1.0,1.0,1.0,1.0,1,1.0,1,1.0,1.0,1.0,1.0,1,1,1,0,0,0,7
mukerrer_veri_seti_v2.csv,REC000605,REC000606,1,1,0,1,0,0,0,0.63,1,1,1,1.0,1,1,1.0,0,1,1,1,1,1,1.0,1.0,1.0,1.0,1,1.0,1,1.0,1.0,1.0,1.0,1,1,1,0,0,0,7
mukerrer_veri_seti_v2.csv,REC000445,REC000446,1,1,0,1,1,1,1,1.0,1,1,1,1.0,1,1,1.0,0,1,1,1,1,1,1.0,1.0,1.0,1.0,1,1.0,1,1.0,1.0,1.0,1.0,1,1,1,0,0,0,7
mukerrer_veri_seti_v2.csv,REC000991,REC000992,1,1,0,1,1,1,1,1.0,1,0,0,1.0,1,1,1.0,0,1,1,1,1,1,1.0,1.0,1.0,1.0,1,0.8176,1,1.0,1.0,1.0,1.0,1,1,1,0,0,0,7
mukerrer_veri_seti_v2.csv,REC000049,REC000050,1,1,0,1,1,1,1,1.0,1,1,1,1.0,1,1,1.0,0,1,1,0,0,0,0.96,0.96,0.96,0.5833,1,1.0,1,0.75,1.0,0.75,1.0,0,1,1,0,0,0,7
mukerrer_veri_seti_v2.csv,REC001243,REC001244,0,0,1,1,0,0,0,0.35,1,0,1,0.5185,0,0,0.7619,0,1,1,0,0,0,0.3825,0.3825,0.0,0.0769,1,0.6148,1,0.0,0.5778,0.0,0.5778,0,0,0,0,0,0,7
mukerrer_veri_seti_v2.csv,REC001381,REC001382,0,0,1,1,0,0,0,0.21,1,0,0,0.2105,1,1,0.7586,0,1,1,0,0,0,0.5,0.5,0.5,0.5455,1,0.2474,1,0.4833,0.0,0.4833,0.0,0,0,0,0,0,0,7
mukerrer_veri_seti_v2.csv,REC001081,REC001082,0,0,1,1,0,0,0,0.35,1,0,0,0.2963,1,1,0.6441,0,1,1,1,0,1,0.8685,0.8685,0.5,0.5385,1,0.3228,1,1.0,0.4476,1.0,0.4476,1,0,0,0,0,0,7
mukerrer_veri_seti_v2.csv,REC001697,REC001698,0,0,1,1,0,0,0,0.21,1,0,0,0.24,1,1,0.752,0,1,1,0,0,0,0.6291,0.6291,0.5,0.5455,1,0.292,1,0.7867,0.0,0.7867,0.0,0,0,0,0,0,0,7
mukerrer_veri_seti_v2.csv,REC000451,REC000452,1,1,0,1,1,1,1,1.0,1,1,1,1.0,1,1,1.0,0,1,1,1,1,1,1.0,1.0,1.0,1.0,1,1.0,1,1.0,1.0,1.0,1.0,1,1,1,0,0,0,7
mukerrer_veri_seti_v2.csv,REC001075,REC001076,0,0,1,1,0,0,0,0.14,1,0,0,0.1429,0,0,0.5949,0,1,1,1,1,1,1.0,1.0,1.0,1.0,1,0.2025,1,1.0,1.0,1.0,1.0,1,1,0,0,0,0,7
mukerrer_veri_seti_v2.csv,REC001881,REC001882,0,0,1,1,0,0,0,0.14,1,0,0,0.4348,0,0,0.7176,0,1,1,0,0,0,0.65,0.65,0.0,0.4,1,0.4312,1,0.6,0.55,0.6,0.55,0,0,0,0,0,0,7
mukerrer_veri_seti_v2.csv,REC001415,REC001416,0,0,1,1,0,0,0,0.21,1,0,1,0.56,0,0,0.7541,0,1,1,0,0,0,0.4904,0.4904,0.0,0.1667,1,0.648,1,0.4667,0.1818,0.4667,0.0,0,0,0,0,0,0,7
mukerrer_veri_seti_v2.csv,REC000411,REC000412,1,1,0,1,1,1,1,1.0,1,1,1,1.0,1,1,1.0,0,1,1,1,0,1,0.96,0.96,0.96,0.6667,1,1.0,1,1.0,0.76,1.0,0.76,1,0,1,0,0,0,7
mukerrer_veri_seti_v2.csv,REC000313,REC000314,1,1,0,1,1,1,1,1.0,1,0,1,0.9167,1,1,1.0,0,1,1,1,1,1,1.0,1.0,1.0,1.0,1,0.9333,1,1.0,1.0,1.0,1.0,1,1,1,0,0,0,7
mukerrer_veri_seti_v2.csv,REC001471,REC001472,0,0,1,1,0,0,0,0.28,1,0,0,0.2,0,0,0.5727,0,1,1,0,0,0,0.5194,0.5194,0.0,0.1818,1,0.26,1,0.4833,0.5,0.4833,0.5,0,0,0,0,0,0,7
mukerrer_veri_seti_v2.csv,REC001151,REC001152,0,0,1,1,0,0,0,0.35,1,0,0,0.08,1,1,0.8123,0,1,1,0,0,0,0.5821,0.5821,0.5,0.5385,1,0.1903,1,0.0,1.0,0.0,1.0,0,1,0,0,0,1,7
mukerrer_veri_seti_v2.csv,REC001541,REC001542,0,0,1,1,0,0,0,0.21,1,0,0,0.24,0,0,0.6582,0,1,1,0,0,0,0.74,0.74,0.8838,0.7333,1,0.2802,1,0.7675,1.0,0.7675,1.0,0,1,0,0,0,1,7
mukerrer_veri_seti_v2.csv,REC000141,REC000142,1,1,0,1,1,1,1,1.0,1,1,1,1.0,1,1,1.0,0,1,1,0,0,0,0.96,0.96,0.96,0.7273,1,1.0,1,0.775,1.0,0.775,1.0,0,1,1,0,0,0,7
mukerrer_veri_seti_v2.csv,REC000501,REC000502,1,1,0,1,1,1,1,1.0,1,1,1,1.0,1,1,1.0,0,1,1,1,1,1,1.0,1.0,1.0,1.0,1,1.0,1,1.0,1.0,1.0,1.0,1,1,1,0,0,0,7
mukerrer_veri_seti_v2.csv,REC000139,REC000140,1,1,0,1,1,1,1,1.0,1,1,1,1.0,1,1,1.0,0,1,1,0,0,0,0.96,0.96,0.96,0.6667,1,1.0,1,0.76,1.0,0.76,1.0,0,1,1,0,0,0,7
mukerrer_veri_seti_v2.csv,REC001687,REC001688,0,0,1,1,0,0,0,0.21,1,0,0,0.3846,1,1,0.6319,0,1,1,1,1,1,1.0,1.0,1.0,1.0,1,0.3977,1,1.0,1.0,1.0,1.0,1,1,0,0,0,0,7
mukerrer_veri_seti_v2.csv,REC000203,REC000204,1,1,0,1,1,1,1,1.0,1,1,1,1.0,1,1,1.0,0,1,1,1,0,1,0.96,0.96,0.96,0.6364,1,1.0,1,1.0,0.76,1.0,0.76,1,0,1,0,0,0,7
mukerrer_veri_seti_v2.csv,REC000653,REC000654,1,1,0,1,0,0,0,0.63,1,1,1,1.0,1,1,0.9256,0,1,1,1,1,1,1.0,1.0,1.0,1.0,1,1.0,1,1.0,1.0,1.0,1.0,1,1,1,0,0,0,7
mukerrer_veri_seti_v2.csv,REC000579,REC000580,1,1,0,1,1,1,1,1.0,1,1,1,1.0,1,1,1.0,0,1,1,1,1,1,1.0,1.0,1.0,1.0,1,1.0,1,1.0,1.0,1.0,1.0,1,1,1,0,0,0,7
mukerrer_veri_seti_v2.csv,REC000457,REC000458,1,1,0,1,1,1,1,1.0,1,1,1,1.0,1,1,1.0,0,1,1,1,1,1,1.0,1.0,1.0,1.0,1,1.0,1,1.0,1.0,1.0,1.0,1,1,1,0,0,0,7
mukerrer_veri_seti_v2.csv,REC000635,REC000636,1,0,0,0,1,1,1,1.0,1,1,1,1.0,1,1,1.0,0,1,1,0,0,0,0.9576,0.9576,0.9533,0.9091,1,1.0,1,0.9067,1.0,0.9067,1.0,0,1,1,0,0,0,6
mukerrer_veri_seti_v2.csv,REC001839,REC001840,0,0,1,1,0,0,0,0.28,1,0,0,0.3,0,0,0.752,0,1,1,0,0,0,0.6148,0.6148,0.0,0.2,1,0.3233,1,0.5111,0.535,0.5111,0.535,0,0,0,0,0,0,7
mukerrer_veri_seti_v2.csv,REC001297,REC001298,0,0,1,1,0,0,0,0.14,1,0,0,0.4545,1,1,0.7636,0,1,1,1,1,1,1.0,1.0,1.0,1.0,1,0.5048,1,1.0,1.0,1.0,1.0,1,1,0,0,0,0,7
mukerrer_veri_seti_v2.csv,REC001659,REC001660,0,0,1,1,0,0,0,0.35,1,0,0,0.1,1,1,0.6239,0,1,1,0,0,0,0.8182,0.8182,0.5,0.5455,1,0.17,1,1.0,0.0,1.0,0.0,1,0,0,0,0,0,7
mukerrer_veri_seti_v2.csv,REC001059,REC001060,0,0,1,1,0,0,0,0.28,1,0,0,0.2069,1,1,0.6858,0,1,1,0,0,0,0.5,0.5,0.5,0.5833,1,0.2855,1,0.0,0.4556,0.0,0.4556,0,0,0,0,0,0,7
mukerrer_veri_seti_v2.csv,REC000341,REC000342,1,1,0,1,1,1,1,1.0,1,1,1,1.0,1,1,1.0,0,1,1,1,1,1,1.0,1.0,1.0,1.0,1,1.0,1,1.0,1.0,1.0,1.0,1,1,1,0,0,0,7
mukerrer_veri_seti_v2.csv,REC000463,REC000464,1,1,0,1,1,1,1,1.0,1,1,1,1.0,1,1,1.0,0,1,1,1,0,1,0.9091,0.9091,0.5,0.5455,1,1.0,1,1.0,0.4722,1.0,0.4722,1,0,1,0,0,0,7
mukerrer_veri_seti_v2.csv,REC001855,REC001856,0,0,1,1,0,0,0,0.28,1,0,0,0.2609,0,0,0.7031,0,1,1,0,0,0,0.4722,0.4722,0.38,0.25,1,0.3499,1,0.0,0.5889,0.0,0.5889,0,0,0,0,0,0,7
mukerrer_veri_seti_v2.csv,REC000561,REC000562,1,1,0,1,1,1,1,1.0,1,0,1,0.9655,1,1,1.0,0,1,1,1,1,1,1.0,1.0,1.0,1.0,1,0.9724,1,1.0,1.0,1.0,1.0,1,1,1,0,0,0,7
mukerrer_veri_seti_v2.csv,REC000111,REC000112,1,1,0,1,1,1,1,1.0,1,1,1,1.0,1,1,1.0,0,1,1,0,0,0,0.95,0.95,0.95,0.7273,1,1.0,1,1.0,0.84,1.0,0.84,1,0,1,0,0,0,7
mukerrer_veri_seti_v2.csv,REC000135,REC000136,1,1,0,1,1,1,1,1.0,1,1,1,1.0,1,1,1.0,0,1,1,1,0,1,0.96,0.96,0.96,0.6429,1,1.0,1,1.0,0.75,1.0,0.75,1,0,1,0,0,0,7
mukerrer_veri_seti_v2.csv,REC001373,REC001374,0,0,1,1,0,0,0,0.21,1,0,1,0.9,0,0,0.6761,0,1,1,0,0,0,0.5595,0.5595,0.375,0.2857,1,0.92,1,0.4667,0.4861,0.4667,0.4861,0,0,0,0,0,0,7
mukerrer_veri_seti_v2.csv,REC001083,REC001084,0,0,1,1,0,0,0,0.28,1,0,1,0.5517,0,0,0.5878,0,1,1,0,0,0,0.4913,0.4913,0.3705,0.1429,1,0.6414,1,0.4444,0.741,0.4444,0.741,0,0,0,0,0,0,7
mukerrer_veri_seti_v2.csv,REC001045,REC001046,0,0,1,1,0,0,0,0.42,1,0,0,0.1538,0,0,0.6861,0,1,1,0,0,0,0.5469,0.5469,0.0,0.2143,1,0.2494,1,0.4556,0.5619,0.4556,0.5619,0,0,0,0,0,0,7
mukerrer_veri_seti_v2.csv,REC001427,REC001428,0,0,1,1,0,0,0,0.21,1,0,0,0.2143,0,0,0.666,0,1,1,1,0,1,0.9,0.9,0.5,0.6667,1,0.2464,1,1.0,0.52,1.0,0.52,1,0,0,0,0,0,7
mukerrer_veri_seti_v2.csv,REC000167,REC000168,1,1,0,1,1,1,1,1.0,1,1,1,1.0,1,1,1.0,0,1,1,0,0,0,0.92,0.92,0.92,0.2727,1,1.0,1,0.76,0.76,0.76,0.76,0,0,1,0,0,0,7
mukerrer_veri_seti_v2.csv,REC000801,REC000802,1,1,0,1,1,1,1,1.0,1,1,1,1.0,1,1,1.0,0,1,1,0,0,0,0.9334,0.9334,0.9334,0.9091,1,1.0,1,0.0,0.0,0.0,0.0,0,0,1,0,0,0,7
mukerrer_veri_seti_v2.csv,REC001593,REC001594,0,0,1,1,0,0,0,0.35,1,0,0,0.25,1,1,0.6984,0,1,1,0,0,0,0.8439,0.8439,0.5,0.5,1,0.3263,1,1.0,0.4556,1.0,0.4556,1,0,0,0,0,0,7
mukerrer_veri_seti_v2.csv,REC001491,REC001492,0,0,1,1,0,0,0,0.21,1,0,0,0.32,1,1,0.6234,0,1,1,1,0,1,0.9023,0.9023,0.5,0.6364,1,0.3349,1,1.0,0.55,1.0,0.55,1,0,0,0,0,0,7
mukerrer_veri_seti_v2.csv,REC000485,REC000486,1,1,0,1,1,1,1,1.0,1,1,1,1.0,1,1,1.0,0,1,1,1,0,1,0.9077,0.9077,0.5,0.5385,1,1.0,1,1.0,0.3952,1.0,0.3952,1,0,1,0,0,0,7
mukerrer_veri_seti_v2.csv,REC001635,REC001636,0,0,1,1,0,0,0,0.21,1,0,0,0.0833,1,1,0.7667,0,1,1,1,0,1,0.9385,0.9385,0.8933,0.8462,1,0.1417,1,1.0,0.7867,1.0,0.7867,1,0,0,0,0,0,7
mukerrer_veri_seti_v2.csv,REC000587,REC000588,1,1,0,1,1,1,1,1.0,1,1,1,1.0,1,1,1.0,0,1,1,0,0,0,0.92,0.92,0.92,0.3333,1,1.0,1,0.76,0.8,0.76,0.8,0,0,1,0,0,0,7
mukerrer_veri_seti_v2.csv,REC001021,REC001022,0,0,1,1,0,0,0,0.21,1,0,0,0.2727,1,1,0.7463,0,1,1,1,0,1,0.8788,0.8788,0.5,0.6667,1,0.2711,1,1.0,0.4833,1.0,0.4833,1,0,0,0,0,0,7
mukerrer_veri_seti_v2.csv,REC001819,REC001820,0,0,1,1,0,0,0,0.28,1,0,0,0.1538,0,0,0.6574,0,1,1,0,0,0,0.3991,0.3991,0.3768,0.1538,1,0.1945,1,0.4476,0.4833,0.4476,0.4833,0,0,0,0,0,0,7
mukerrer_veri_seti_v2.csv,REC000557,REC000558,1,1,0,1,1,1,1,1.0,1,1,1,1.0,1,1,1.0,0,1,1,1,1,1,1.0,1.0,1.0,1.0,1,1.0,1,1.0,1.0,1.0,1.0,1,1,1,0,0,0,7
mukerrer_veri_seti_v2.csv,REC000725,REC000726,1,1,0,1,1,1,1,1.0,1,1,1,1.0,1,1,1.0,0,1,1,1,1,1,1.0,1.0,1.0,1.0,1,1.0,1,1.0,1.0,1.0,1.0,1,1,1,0,0,0,7
mukerrer_veri_seti_v2.csv,REC000165,REC000166,1,1,0,1,1,1,1,1.0,1,1,1,1.0,1,1,1.0,0,1,1,1,0,1,0.9636,0.9636,0.9533,0.8182,1,1.0,1,1.0,0.9067,1.0,0.9067,1,0,1,0,0,0,7
mukerrer_veri_seti_v2.csv,REC000263,REC000264,1,1,0,1,1,1,1,1.0,1,1,1,1.0,1,1,1.0,0,1,1,1,1,1,0.74,0.74,0.6667,0.8333,1,1.0,1,0.775,1.0,0.775,1.0,0,1,1,0,0,1,7
mukerrer_veri_seti_v2.csv,REC001963,REC001964,0,0,1,1,0,0,0,0.28,1,0,0,0.25,0,0,0.7302,0,1,1,0,0,0,0.4944,0.4944,0.0,0.3333,1,0.2947,1,0.4722,0.2,0.4722,0.0,0,0,0,0,0,0,7
mukerrer_veri_seti_v2.csv,REC001891,REC001892,0,0,1,1,0,0,0,0.35,1,0,0,0.25,0,0,0.951,0,1,1,0,0,0,0.6414,0.6414,0.0,0.0,1,0.32,1,0.6722,0.5778,0.6722,0.5778,0,0,0,0,0,0,7
mukerrer_veri_seti_v2.csv,REC001453,REC001454,0,0,1,1,0,0,0,0.28,1,0,1,0.7273,0,0,0.6297,0,1,1,0,0,0,0.3666,0.3666,0.3666,0.4545,1,0.7818,1,0.2222,0.2,0.0,0.0,0,0,0,0,0,0,7
mukerrer_veri_seti_v2.csv,REC001515,REC001516,0,0,1,1,0,0,0,0.35,1,0,0,0.6087,0,0,0.6172,0,1,1,1,0,1,0.8828,0.8828,0.5,0.5455,1,0.577,1,1.0,0.25,1.0,0.0,1,0,0,0,0,0,7
mukerrer_veri_seti_v2.csv,REC001751,REC001752,0,0,1,1,0,0,0,0.28,1,0,0,0.2609,0,0,0.5759,0,1,1,0,0,0,0.5241,0.5241,0.0,0.1667,1,0.2837,1,0.0,0.63,0.0,0.63,0,0,0,0,0,0,7
mukerrer_veri_seti_v2.csv,REC001887,REC001888,0,0,1,1,0,0,0,0.14,1,0,0,0.3158,0,0,0.6893,0,1,1,0,0,0,0.5598,0.5598,0.0,0.1818,1,0.3426,1,0.4833,0.5111,0.4833,0.5111,0,0,0,0,0,0,7
mukerrer_veri_seti_v2.csv,REC000013,REC000014,1,1,0,1,1,1,1,1.0,1,1,1,1.0,1,1,1.0,0,1,1,0,0,0,0.96,0.96,0.96,0.5833,1,1.0,1,0.75,1.0,0.75,1.0,0,1,1,0,0,0,7
mukerrer_veri_seti_v2.csv,REC001711,REC001712,0,0,1,1,0,0,0,0.14,1,0,0,0.0909,0,0,0.8613,0,1,1,0,0,0,0.5242,0.5242,0.0,0.0909,1,0.161,1,0.5,0.4556,0.5,0.4556,0,0,0,0,0,0,7
mukerrer_veri_seti_v2.csv,REC000077,REC000078,1,1,0,1,1,1,1,1.0,1,1,1,1.0,1,1,1.0,0,1,1,0,0,0,0.96,0.96,0.96,0.6,1,1.0,1,0.775,0.535,0.775,0.535,0,0,1,0,0,0,7
mukerrer_veri_seti_v2.csv,REC000081,REC000082,1,1,0,1,1,1,1,1.0,1,1,1,1.0,1,1,1.0,0,1,1,0,0,0,0.92,0.92,0.92,0.375,1,1.0,1,0.8,0.775,0.8,0.775,0,0,1,0,0,0,7
mukerrer_veri_seti_v2.csv,REC000493,REC000494,1,1,0,1,1,1,1,1.0,1,1,1,1.0,1,1,1.0,0,1,1,0,0,0,0.5833,0.5833,0.5,0.4444,1,1.0,1,0.6667,1.0,0.6667,1.0,0,1,1,0,1,0,7
mukerrer_veri_seti_v2.csv,REC000623,REC000624,1,1,0,1,1,1,1,1.0,1,1,1,1.0,1,1,1.0,0,1,1,1,1,1,1.0,1.0,1.0,1.0,1,1.0,1,1.0,1.0,1.0,1.0,1,1,1,0,0,0,7
mukerrer_veri_seti_v2.csv,REC000477,REC000478,1,1,0,1,1,1,1,1.0,1,1,1,1.0,1,1,1.0,0,1,1,0,0,0,0.96,0.96,0.96,0.6364,1,1.0,1,0.76,1.0,0.76,1.0,0,1,1,0,0,0,7
mukerrer_veri_seti_v2.csv,REC000175,REC000176,1,1,0,1,1,1,1,1.0,1,1,1,1.0,1,1,1.0,0,1,1,1,0,1,0.9667,0.9667,0.6667,0.8333,1,1.0,1,1.0,0.3333,1.0,0.0,1,0,1,0,0,0,7
mukerrer_veri_seti_v2.csv,REC000225,REC000226,1,1,0,1,1,1,1,1.0,1,1,1,1.0,1,1,1.0,0,1,1,0,0,0,0.96,0.96,0.96,0.6,1,1.0,1,0.76,1.0,0.76,1.0,0,1,1,0,0,0,7
mukerrer_veri_seti_v2.csv,REC000327,REC000328,1,1,0,1,1,1,1,1.0,1,1,1,1.0,1,1,1.0,0,1,1,0,0,0,0.5056,0.5056,0.5,0.4167,1,1.0,1,0.5889,1.0,0.5889,1.0,0,1,1,0,1,0,7
mukerrer_veri_seti_v2.csv,REC001431,REC001432,0,0,1,1,0,0,0,0.28,1,0,0,0.24,0,0,0.695,0,1,1,1,1,1,1.0,1.0,1.0,1.0,1,0.2867,1,1.0,1.0,1.0,1.0,1,1,0,0,0,0,7
mukerrer_veri_seti_v2.csv,REC000843,REC000844,1,1,0,1,1,1,1,1.0,1,1,1,1.0,1,1,0.9492,0,1,1,1,1,1,1.0,1.0,1.0,1.0,1,1.0,1,1.0,1.0,1.0,1.0,1,1,1,0,0,0,7
mukerrer_veri_seti_v2.csv,REC001769,REC001770,0,0,1,1,0,0,0,0.28,1,0,1,0.2609,1,1,0.8025,0,1,1,0,0,0,0.4904,0.4904,0.3666,0.25,1,0.4087,1,0.6,0.4556,0.6,0.4556,0,0,0,0,0,0,7
mukerrer_veri_seti_v2.csv,REC001907,REC001908,0,0,1,1,0,0,0,0.28,1,0,0,0.1818,0,0,0.6817,0,1,1,0,0,0,0.5242,0.5242,0.0,0.1818,1,0.2402,1,0.4833,0.525,0.4833,0.525,0,0,0,0,0,0,7
mukerrer_veri_seti_v2.csv,REC000875,REC000876,1,1,0,1,1,1,1,1.0,1,1,1,1.0,1,1,0.9284,0,1,1,1,1,1,1.0,1.0,1.0,1.0,1,1.0,1,1.0,1.0,1.0,1.0,1,1,1,0,0,0,7
mukerrer_veri_seti_v2.csv,REC001947,REC001948,0,0,1,1,0,0,0,0.21,1,0,0,0.1739,0,0,0.6741,0,1,1,0,0,0,0.3965,0.3965,0.0,0.1667,1,0.2654,1,0.0,0.6,0.0,0.6,0,0,0,0,0,0,7
mukerrer_veri_seti_v2.csv,REC000287,REC000288,1,1,0,1,1,1,1,1.0,1,1,1,1.0,1,1,1.0,0,1,1,1,0,1,0.9667,0.9667,0.6667,0.8333,1,1.0,1,1.0,0.0,1.0,0.0,1,0,1,0,0,0,7
mukerrer_veri_seti_v2.csv,REC001587,REC001588,0,0,1,1,0,0,0,0.28,1,0,0,0.1667,0,0,0.6283,0,1,1,1,1,1,1.0,1.0,1.0,1.0,1,0.1491,1,1.0,1.0,1.0,1.0,1,1,0,0,0,0,7
mukerrer_veri_seti_v2.csv,REC001749,REC001750,0,0,1,1,0,0,0,0.28,1,0,0,0.3333,0,0,0.6249,0,1,1,0,0,0,0.5242,0.5242,0.0,0.2727,1,0.393,1,0.4667,0.4833,0.4667,0.4833,0,0,0,0,0,0,7
mukerrer_veri_seti_v2.csv,REC000295,REC000296,1,1,0,1,1,1,1,1.0,1,1,1,1.0,1,1,1.0,0,1,1,1,0,1,0.96,0.96,0.96,0.6667,1,1.0,1,0.75,0.51,0.75,0.51,0,0,1,0,0,0,7
mukerrer_veri_seti_v2.csv,REC000303,REC000304,1,1,0,1,1,1,1,1.0,1,1,1,1.0,1,1,1.0,0,1,1,0,0,0,0.9481,0.9481,0.9416,0.8889,1,1.0,1,0.8833,1.0,0.8833,1.0,0,1,1,0,0,0,7
mukerrer_veri_seti_v2.csv,REC000145,REC000146,1,1,0,1,1,1,1,1.0,1,1,1,1.0,1,1,1.0,0,1,1,0,0,0,0.96,0.96,0.96,0.6364,1,1.0,1,0.76,1.0,0.76,1.0,0,1,1,0,0,0,7
mukerrer_veri_seti_v2.csv,REC000541,REC000542,1,1,0,1,1,1,1,1.0,1,1,1,1.0,1,1,1.0,0,1,1,0,0,0,0.9533,0.9533,0.9416,0.9,1,1.0,1,0.8833,1.0,0.8833,1.0,0,1,1,0,0,0,7
mukerrer_veri_seti_v2.csv,REC000533,REC000534,1,1,0,1,1,1,1,1.0,1,1,1,1.0,1,1,1.0,0,1,1,1,1,1,1.0,1.0,1.0,1.0,1,1.0,1,1.0,1.0,1.0,1.0,1,1,1,0,0,0,7
mukerrer_veri_seti_v2.csv,REC000667,REC000668,1,1,0,1,1,1,1,1.0,1,1,1,1.0,1,1,1.0,0,1,1,1,1,1,1.0,1.0,1.0,1.0,1,1.0,1,1.0,1.0,1.0,1.0,1,1,1,0,0,0,7
mukerrer_veri_seti_v2.csv,REC001517,REC001518,0,0,1,1,0,0,0,0.28,1,0,1,0.1538,1,1,0.6827,0,1,1,0,0,0,0.6117,0.6117,0.5,0.5714,1,0.3231,1,0.4476,0.6429,0.4476,0.6429,0,0,0,0,0,0,7
mukerrer_veri_seti_v2.csv,REC001883,REC001884,0,0,1,1,0,0,0,0.21,1,0,0,0.1538,0,0,0.5719,0,1,1,0,0,0,0.5571,0.5571,0.0,0.25,1,0.1981,1,0.4667,0.4556,0.4667,0.4556,0,0,0,0,0,0,7
mukerrer_veri_seti_v2.csv,REC000385,REC000386,1,1,0,1,1,1,1,1.0,1,1,1,1.0,1,1,1.0,0,1,1,1,1,1,1.0,1.0,1.0,1.0,1,1.0,1,1.0,1.0,1.0,1.0,1,1,1,0,0,0,7
mukerrer_veri_seti_v2.csv,REC001797,REC001798,0,0,1,1,0,0,0,0.21,1,0,0,0.24,0,0,0.8592,0,1,1,0,0,0,0.4259,0.4259,0.0,0.1667,1,0.2602,1,0.5,0.0,0.5,0.0,0,0,0,0,0,0,7
mukerrer_veri_seti_v2.csv,REC000063,REC000064,1,1,0,1,1,1,1,1.0,1,1,1,1.0,1,1,1.0,0,1,1,0,0,0,0.92,0.92,0.92,0.25,1,1.0,1,0.75,0.76,0.75,0.76,0,0,1,0,0,0,7
mukerrer_veri_seti_v2.csv,REC001171,REC001172,0,0,1,1,0,0,0,0.28,1,0,0,0.1667,1,1,0.6839,0,1,1,0,0,0,0.74,0.74,0.5,0.7,1,0.2167,1,0.64,1.0,0.64,1.0,0,1,0,0,0,1,7
mukerrer_veri_seti_v2.csv,REC000833,REC000834,1,1,0,1,0,0,0,0.63,1,1,1,1.0,1,1,1.0,0,1,1,1,1,1,1.0,1.0,1.0,1.0,1,1.0,1,1.0,1.0,1.0,1.0,1,1,1,0,0,0,7
mukerrer_veri_seti_v2.csv,REC000845,REC000846,1,1,0,1,1,1,1,1.0,1,1,1,1.0,1,1,1.0,0,1,1,1,1,1,1.0,1.0,1.0,1.0,1,1.0,1,1.0,1.0,1.0,1.0,1,1,1,0,0,0,7
mukerrer_veri_seti_v2.csv,REC000549,REC000550,1,1,0,1,1,1,1,1.0,1,1,1,1.0,1,1,1.0,0,1,1,1,1,1,1.0,1.0,1.0,1.0,1,1.0,1,1.0,1.0,1.0,1.0,1,1,1,0,0,0,7
mukerrer_veri_seti_v2.csv,REC001201,REC001202,0,0,1,1,0,0,0,0.28,1,0,0,0.4,1,1,0.6504,0,1,1,0,0,0,0.92,0.92,0.8933,0.7,1,0.4082,1,1.0,0.7867,1.0,0.7867,1,0,0,0,0,0,7
mukerrer_veri_seti_v2.csv,REC001695,REC001696,0,0,1,1,0,0,0,0.14,1,0,1,0.6087,0,0,0.6699,0,1,1,0,0,0,0.4212,0.4212,0.0,0.0909,1,0.687,1,0.0,0.5778,0.0,0.5778,0,0,0,0,0,0,7
mukerrer_veri_seti_v2.csv,REC001003,REC001004,0,0,1,1,0,0,0,0.14,1,0,1,0.5455,0,0,0.6225,0,1,1,0,0,0,0.5389,0.5389,0.0,0.25,1,0.6364,1,0.2,0.6111,0.0,0.6111,0,0,0,0,0,0,7
mukerrer_veri_seti_v2.csv,REC000551,REC000552,1,1,0,1,1,1,1,1.0,1,1,1,1.0,1,1,1.0,0,1,1,1,0,1,0.9667,0.9667,0.9533,0.9167,1,1.0,1,1.0,0.9067,1.0,0.9067,1,0,1,0,0,0,7
mukerrer_veri_seti_v2.csv,REC000289,REC000290,1,1,0,1,1,1,1,1.0,1,1,1,1.0,1,1,1.0,0,1,1,0,0,0,0.92,0.92,0.92,0.2143,1,1.0,1,0.7429,0.75,0.7429,0.75,0,0,1,0,0,0,7
mukerrer_veri_seti_v2.csv,REC000583,REC000584,1,1,0,1,1,1,1,1.0,1,1,1,1.0,1,1,1.0,0,1,1,0,0,0,0.9714,0.9714,0.9714,0.9091,1,1.0,1,1.0,0.9429,1.0,0.9429,1,0,1,0,0,0,7
mukerrer_veri_seti_v2.csv,REC001369,REC001370,0,0,1,1,0,0,0,0.28,1,0,0,0.3333,0,0,0.6037,0,1,1,1,1,1,1.0,1.0,1.0,1.0,1,0.3417,1,1.0,1.0,1.0,1.0,1,1,0,0,0,0,7
mukerrer_veri_seti_v2.csv,REC000829,REC000830,1,1,0,1,1,1,1,1.0,1,1,1,1.0,1,1,1.0,0,1,1,1,1,1,1.0,1.0,1.0,1.0,1,1.0,1,1.0,1.0,1.0,1.0,1,1,1,0,0,0,7
mukerrer_veri_seti_v2.csv,REC000177,REC000178,1,1,0,1,1,1,1,1.0,1,1,1,1.0,1,1,1.0,0,1,1,0,0,0,0.92,0.92,0.92,0.3333,1,1.0,1,0.76,0.8,0.76,0.8,0,0,1,0,0,0,7
mukerrer_veri_seti_v2.csv,REC001937,REC001938,0,0,1,1,0,0,0,0.21,1,0,0,0.0909,0,0,0.5524,0,1,1,0,0,0,0.5697,0.5697,0.0,0.0909,1,0.1517,1,0.4667,0.2,0.4667,0.0,0,0,0,0,0,0,7
mukerrer_veri_seti_v2.csv,REC000461,REC000462,1,1,0,1,1,1,1,1.0,1,1,1,1.0,1,1,1.0,0,1,1,1,1,1,1.0,1.0,1.0,1.0,1,1.0,1,1.0,1.0,1.0,1.0,1,1,1,0,0,0,7
mukerrer_veri_seti_v2.csv,REC001739,REC001740,0,0,1,1,0,0,0,0.28,1,0,0,0.6154,0,0,0.583,0,1,1,1,0,1,0.9136,0.9136,0.5,0.6667,1,0.5713,1,1.0,0.6333,1.0,0.6333,1,0,0,0,0,0,7
mukerrer_veri_seti_v2.csv,REC000637,REC000638,1,1,0,1,1,1,1,1.0,1,1,1,1.0,1,1,1.0,0,1,1,1,1,1,1.0,1.0,1.0,1.0,1,1.0,1,1.0,1.0,1.0,1.0,1,1,1,0,0,0,7
mukerrer_veri_seti_v2.csv,REC000433,REC000434,1,1,0,1,0,0,0,0.63,1,0,0,1.0,1,1,1.0,0,1,1,1,1,1,1.0,1.0,1.0,1.0,1,0.8833,1,1.0,1.0,1.0,1.0,1,1,0,0,0,0,7
mukerrer_veri_seti_v2.csv,REC001127,REC001128,0,0,1,1,0,0,0,0.21,1,0,1,0.2143,1,1,0.7048,0,1,1,0,0,0,0.8831,0.8831,0.5,0.6154,1,0.3714,1,1.0,0.6357,1.0,0.6357,1,0,0,0,0,0,7
mukerrer_veri_seti_v2.csv,REC001253,REC001254,0,0,1,1,0,0,0,0.35,1,0,0,0.2857,0,0,0.718,0,1,1,0,0,0,0.5604,0.5604,0.0,0.1429,1,0.3286,1,0.5139,0.5889,0.5139,0.5889,0,0,0,0,0,0,7
mukerrer_veri_seti_v2.csv,REC001663,REC001664,0,0,1,1,0,0,0,0.21,1,0,0,0.2609,0,0,0.6446,0,1,1,1,1,1,1.0,1.0,1.0,1.0,1,0.2905,1,1.0,1.0,1.0,1.0,1,1,0,0,0,0,7
mukerrer_veri_seti_v2.csv,REC001557,REC001558,0,0,1,1,0,0,0,0.21,1,0,0,0.2,1,1,0.7452,0,1,1,0,0,0,0.74,0.74,0.8933,0.8182,1,0.1788,1,0.7867,1.0,0.7867,1.0,0,1,0,0,0,1,7
mukerrer_veri_seti_v2.csv,REC001141,REC001142,0,0,1,1,0,0,0,0.28,1,0,0,0.25,1,1,0.6566,0,1,1,0,0,0,0.5185,0.5185,0.5,0.5,1,0.2833,1,0.0,1.0,0.0,1.0,0,1,0,0,0,1,7
mukerrer_veri_seti_v2.csv,REC000481,REC000482,1,1,0,1,1,1,1,1.0,1,1,1,1.0,1,1,1.0,0,1,1,1,1,1,1.0,1.0,1.0,1.0,1,1.0,1,1.0,1.0,1.0,1.0,1,1,1,0,0,0,7
mukerrer_veri_seti_v2.csv,REC000473,REC000474,1,1,0,1,1,1,1,1.0,1,1,1,1.0,1,1,1.0,0,1,1,1,1,1,1.0,1.0,1.0,1.0,1,1.0,1,1.0,1.0,1.0,1.0,1,1,1,0,0,0,7
mukerrer_veri_seti_v2.csv,REC000143,REC000144,1,1,0,1,1,1,1,1.0,1,1,1,1.0,1,1,1.0,0,1,1,1,0,1,0.9857,0.9857,0.9833,0.9286,1,1.0,1,1.0,0.9667,1.0,0.9667,1,0,1,0,0,0,7
mukerrer_veri_seti_v2.csv,REC001513,REC001514,0,0,1,1,0,0,0,0.21,1,0,0,0.2727,0,0,0.6059,0,1,1,1,1,1,1.0,1.0,1.0,1.0,1,0.3136,1,1.0,1.0,1.0,1.0,1,1,0,0,0,0,7
mukerrer_veri_seti_v2.csv,REC000839,REC000840,1,1,0,1,1,1,1,1.0,1,1,1,1.0,1,1,1.0,0,1,1,1,1,1,1.0,1.0,1.0,1.0,1,1.0,1,1.0,1.0,1.0,1.0,1,1,1,0,0,0,7
mukerrer_veri_seti_v2.csv,REC000817,REC000818,1,1,0,1,1,1,1,1.0,1,1,1,1.0,1,1,0.9455,0,1,1,1,1,1,1.0,1.0,1.0,1.0,1,1.0,1,1.0,1.0,1.0,1.0,1,1,1,0,0,0,7
mukerrer_veri_seti_v2.csv,REC001795,REC001796,0,0,1,1,0,0,0,0.28,1,0,0,0.2727,0,0,0.5838,0,1,1,0,0,0,0.4056,0.4056,0.0,0.0833,1,0.2369,1,0.5111,0.0,0.5111,0.0,0,0,0,0,0,0,7
mukerrer_veri_seti_v2.csv,REC000243,REC000244,1,1,0,1,1,1,1,1.0,1,1,1,1.0,1,1,1.0,0,1,1,0,0,0,0.95,0.95,0.95,0.6667,1,1.0,1,0.84,1.0,0.84,1.0,0,1,1,0,0,0,7
mukerrer_veri_seti_v2.csv,REC001785,REC001786,0,0,1,1,0,0,0,0.21,1,0,0,0.2,0,0,0.6493,0,1,1,0,0,0,0.4242,0.4242,0.0,0.1818,1,0.2433,1,0.4667,0.0,0.4667,0.0,0,0,0,0,0,0,7
mukerrer_veri_seti_v2.csv,REC000981,REC000982,1,1,0,1,1,1,1,1.0,1,1,1,1.0,1,1,1.0,0,1,1,1,1,1,1.0,1.0,1.0,1.0,1,1.0,1,1.0,1.0,1.0,1.0,1,1,1,0,0,0,7
mukerrer_veri_seti_v2.csv,REC000631,REC000632,1,1,0,1,1,1,1,1.0,1,0,1,1.0,1,1,1.0,0,1,1,1,1,1,1.0,1.0,1.0,1.0,1,1.0,1,1.0,1.0,1.0,1.0,1,1,1,0,0,0,7
mukerrer_veri_seti_v2.csv,REC000283,REC000284,1,1,0,1,1,1,1,1.0,1,1,1,1.0,1,1,1.0,0,1,1,1,0,1,0.9692,0.9692,0.9533,0.8462,1,1.0,1,1.0,0.9067,1.0,0.9067,1,0,1,0,0,0,7
mukerrer_veri_seti_v2.csv,REC000047,REC000048,1,1,0,1,1,1,1,1.0,1,1,1,1.0,1,1,1.0,0,1,1,0,0,0,0.96,0.96,0.96,0.6364,1,1.0,1,1.0,0.76,1.0,0.76,1,0,1,0,0,0,7
mukerrer_veri_seti_v2.csv,REC000397,REC000398,1,1,0,1,1,1,1,1.0,1,1,1,1.0,1,1,1.0,0,1,1,1,1,1,1.0,1.0,1.0,1.0,1,1.0,1,1.0,1.0,1.0,1.0,1,1,1,0,0,0,7
mukerrer_veri_seti_v2.csv,REC000291,REC000292,1,1,0,1,1,1,1,1.0,1,1,1,1.0,1,1,1.0,0,1,1,0,0,0,0.96,0.96,0.96,0.7,1,1.0,1,1.0,0.775,1.0,0.775,1,0,1,0,0,0,7
mukerrer_veri_seti_v2.csv,REC000151,REC000152,1,1,0,1,1,1,1,1.0,1,1,1,1.0,1,1,1.0,0,1,1,1,0,1,0.9667,0.9667,0.9667,0.8333,1,1.0,1,1.0,0.9333,1.0,0.9333,1,0,1,0,0,0,7
mukerrer_veri_seti_v2.csv,REC000199,REC000200,1,1,0,1,1,1,1,1.0,1,1,1,1.0,1,1,1.0,0,1,1,0,0,0,0.9818,0.9818,0.98,0.9091,1,1.0,1,0.96,1.0,0.96,1.0,0,1,1,0,0,0,7
mukerrer_veri_seti_v2.csv,REC000783,REC000784,1,1,0,1,1,1,1,1.0,1,0,0,0.0,1,1,1.0,0,1,1,1,1,1,1.0,1.0,1.0,1.0,1,0.0,0,1.0,1.0,1.0,1.0,1,1,1,0,0,0,6
mukerrer_veri_seti_v2.csv,REC001439,REC001440,0,0,1,1,0,0,0,0.35,1,0,0,0.2727,0,0,0.6188,0,1,1,1,1,1,1.0,1.0,1.0,1.0,1,0.3015,1,1.0,1.0,1.0,1.0,1,1,0,0,0,0,7
mukerrer_veri_seti_v2.csv,REC000029,REC000030,1,1,0,1,1,1,1,1.0,1,1,1,1.0,1,1,1.0,0,1,1,1,0,1,0.74,0.74,0.6667,0.8571,1,1.0,1,1.0,1.0,1.0,1.0,1,1,1,0,0,1,7
mukerrer_veri_seti_v2.csv,REC001651,REC001652,0,0,1,1,0,0,0,0.35,1,0,0,0.24,0,0,0.7053,0,1,1,1,1,1,0.9378,0.9378,0.9025,0.8,1,0.2867,1,1.0,0.805,1.0,0.805,1,0,0,0,0,0,7
mukerrer_veri_seti_v2.csv,REC000693,REC000694,1,1,0,1,1,1,1,1.0,1,1,1,1.0,1,1,1.0,0,1,1,1,1,1,1.0,1.0,1.0,1.0,1,1.0,1,1.0,1.0,1.0,1.0,1,1,1,0,0,0,7
mukerrer_veri_seti_v2.csv,REC001815,REC001816,0,0,1,1,0,0,0,0.28,1,0,0,0.1739,0,0,0.6385,0,1,1,0,0,0,0.5152,0.5152,0.0,0.1818,1,0.2225,1,0.4667,0.0,0.4667,0.0,0,0,0,0,0,0,7
mukerrer_veri_seti_v2.csv,REC001103,REC001104,0,0,1,1,0,0,0,0.35,1,0,0,0.3636,1,1,0.6291,0,1,1,0,0,0,0.74,0.74,0.5,0.5,1,0.3225,1,0.2222,1.0,0.0,1.0,0,1,0,0,0,1,7
mukerrer_veri_seti_v2.csv,REC001735,REC001736,0,0,1,1,0,0,0,0.35,1,0,0,0.4,0,0,0.7135,0,1,1,0,0,0,0.7788,0.7788,0.7777,0.3636,1,0.4147,1,0.8222,0.7333,0.8222,0.7333,0,0,0,0,0,0,7
mukerrer_veri_seti_v2.csv,REC001941,REC001942,0,0,1,1,0,0,0,0.35,1,0,0,0.1739,0,0,0.661,0,1,1,0,0,0,0.404,0.404,0.0,0.0,1,0.1558,1,0.0,0.4556,0.0,0.4556,0,0,0,0,0,0,7
mukerrer_veri_seti_v2.csv,REC001473,REC001474,0,0,1,1,0,0,0,0.21,1,0,0,0.4348,0,0,0.6721,0,1,1,1,1,1,1.0,1.0,1.0,1.0,1,0.3655,1,1.0,1.0,1.0,1.0,1,1,0,0,0,0,7
mukerrer_veri_seti_v2.csv,REC000205,REC000206,1,1,0,1,1,1,1,1.0,1,1,1,1.0,1,1,1.0,0,1,1,0,0,0,0.95,0.95,0.95,0.75,1,1.0,1,0.84,1.0,0.84,1.0,0,1,1,0,0,0,7
mukerrer_veri_seti_v2.csv,REC000553,REC000554,1,1,0,1,1,1,1,1.0,1,1,1,1.0,1,1,1.0,0,1,1,1,1,1,1.0,1.0,1.0,1.0,1,1.0,1,1.0,1.0,1.0,1.0,1,1,1,0,0,0,7
mukerrer_veri_seti_v2.csv,REC000849,REC000850,1,1,0,1,1,1,1,1.0,1,1,1,1.0,1,1,1.0,0,1,1,1,1,1,1.0,1.0,1.0,1.0,1,1.0,1,1.0,1.0,1.0,1.0,1,1,1,0,0,0,7
mukerrer_veri_seti_v2.csv,REC001329,REC001330,0,0,1,1,0,0,0,0.14,1,0,0,0.1667,0,0,0.5787,0,1,1,1,1,1,1.0,1.0,1.0,1.0,1,0.2083,1,1.0,1.0,1.0,1.0,1,1,0,0,0,0,7
mukerrer_veri_seti_v2.csv,REC000857,REC000858,1,1,0,1,1,1,1,1.0,1,1,1,1.0,1,1,1.0,0,1,1,1,1,1,1.0,1.0,1.0,1.0,1,1.0,1,1.0,1.0,1.0,1.0,1,1,1,0,0,0,7
mukerrer_veri_seti_v2.csv,REC000963,REC000964,1,1,0,1,1,1,1,1.0,1,1,1,1.0,1,1,1.0,0,1,1,0,0,0,0.9556,0.9556,0.9111,0.8889,1,1.0,1,1.0,0.8222,1.0,0.8222,1,0,1,0,0,0,7
mukerrer_veri_seti_v2.csv,REC000807,REC000808,1,1,0,1,1,1,1,1.0,1,1,1,1.0,1,1,1.0,0,1,1,1,1,1,1.0,1.0,1.0,1.0,1,1.0,1,1.0,1.0,1.0,1.0,1,1,1,0,0,0,7
mukerrer_veri_seti_v2.csv,REC001945,REC001946,0,0,1,1,0,0,0,0.28,1,0,1,0.1739,0,0,0.655,0,1,1,0,0,0,0.468,0.468,0.0,0.1818,1,0.3391,1,0.2,0.0,0.0,0.0,0,0,0,0,0,0,7
mukerrer_veri_seti_v2.csv,REC001125,REC001126,0,0,1,1,0,0,0,0.28,1,0,1,0.2,0,0,0.5978,0,1,1,1,1,1,1.0,1.0,1.0,1.0,1,0.36,1,1.0,1.0,1.0,1.0,1,1,0,0,0,0,7
mukerrer_veri_seti_v2.csv,REC001609,REC001610,0,0,1,1,0,0,0,0.28,1,0,0,0.1818,0,0,0.7854,0,1,1,1,1,1,1.0,1.0,1.0,1.0,1,0.2288,1,1.0,1.0,1.0,1.0,1,1,0,0,0,0,7
mukerrer_veri_seti_v2.csv,REC001317,REC001318,0,0,1,1,0,0,0,0.21,1,0,0,0.2308,1,1,0.6706,0,1,1,1,0,1,0.8967,0.8967,0.5,0.6429,1,0.2664,1,1.0,0.62,1.0,0.62,1,0,0,0,0,0,7
mukerrer_veri_seti_v2.csv,REC001263,REC001264,0,0,1,1,0,0,0,0.35,1,0,0,0.32,0,0,0.6137,0,1,1,0,0,0,0.7874,0.7874,0.3905,0.7692,1,0.331,1,0.781,0.6057,0.781,0.6057,0,0,0,0,0,0,7
mukerrer_veri_seti_v2.csv,REC000751,REC000752,1,1,0,1,1,1,1,1.0,1,1,1,1.0,1,1,1.0,0,1,1,1,0,1,0.9733,0.9733,0.9714,0.9333,1,1.0,1,1.0,0.9429,1.0,0.9429,1,0,1,0,0,0,7
mukerrer_veri_seti_v2.csv,REC000363,REC000364,1,1,0,1,1,1,1,1.0,1,1,1,1.0,1,1,1.0,0,1,1,1,1,1,1.0,1.0,1.0,1.0,1,1.0,1,1.0,1.0,1.0,1.0,1,1,1,0,0,0,7
mukerrer_veri_seti_v2.csv,REC001917,REC001918,0,0,1,1,0,0,0,0.28,1,0,0,0.2308,0,0,0.7541,0,1,1,0,0,0,0.5389,0.5389,0.0,0.1667,1,0.2376,1,0.0,0.5455,0.0,0.0,0,0,0,0,0,0,7
mukerrer_veri_seti_v2.csv,REC001565,REC001566,0,0,1,1,0,0,0,0.28,1,0,0,0.2727,1,1,0.6863,0,1,1,1,1,1,1.0,1.0,1.0,1.0,1,0.3082,1,1.0,1.0,1.0,1.0,1,1,0,0,0,0,7
mukerrer_veri_seti_v2.csv,REC000775,REC000776,1,0,0,0,1,1,1,1.0,1,1,1,1.0,1,1,1.0,0,1,1,1,0,1,0.9692,0.9692,0.9334,0.9231,1,1.0,1,1.0,0.8667,1.0,0.8667,1,0,1,0,0,0,6
mukerrer_veri_seti_v2.csv,REC001321,REC001322,0,0,1,1,0,0,0,0.28,1,0,0,0.5,1,1,0.602,0,1,1,0,0,0,0.8361,0.8361,0.5,0.5556,1,0.49,1,1.0,0.4833,1.0,0.4833,1,0,0,0,0,0,7
mukerrer_veri_seti_v2.csv,REC000043,REC000044,1,1,0,1,1,1,1,1.0,1,1,1,1.0,1,1,1.0,0,1,1,0,0,0,0.74,0.74,0.6667,0.8462,1,1.0,1,1.0,1.0,1.0,1.0,1,1,1,0,0,1,7
mukerrer_veri_seti_v2.csv,REC000917,REC000918,1,1,0,1,1,1,1,1.0,1,1,1,1.0,1,1,0.9455,0,1,1,1,1,1,1.0,1.0,1.0,1.0,1,1.0,1,1.0,1.0,1.0,1.0,1,1,1,0,0,0,7
mukerrer_veri_seti_v2.csv,REC000223,REC000224,1,1,0,1,1,1,1,1.0,1,1,1,1.0,1,1,1.0,0,1,1,1,0,1,0.74,0.74,0.6667,0.8462,1,1.0,1,0.775,1.0,0.775,1.0,0,1,1,0,0,1,7
mukerrer_veri_seti_v2.csv,REC000939,REC000940,1,1,0,1,1,1,1,1.0,1,1,1,1.0,1,1,0.0,0,1,1,1,1,1,1.0,1.0,1.0,1.0,1,1.0,1,1.0,1.0,1.0,1.0,1,1,1,0,0,0,6
mukerrer_veri_seti_v2.csv,REC000899,REC000900,1,0,0,0,1,1,1,1.0,1,0,0,0.0,1,1,1.0,0,1,1,1,1,1,1.0,1.0,1.0,1.0,1,0.0,0,1.0,1.0,1.0,1.0,1,1,1,0,0,0,5
mukerrer_veri_seti_v2.csv,REC000187,REC000188,1,1,0,1,1,1,1,1.0,1,1,1,1.0,1,1,1.0,0,1,1,1,0,1,0.96,0.96,0.96,0.6364,1,1.0,1,1.0,0.76,1.0,0.76,1,0,1,0,0,0,7
mukerrer_veri_seti_v2.csv,REC001717,REC001718,0,0,1,1,0,0,0,0.21,1,0,0,0.5185,0,0,0.6866,0,1,1,0,0,0,0.627,0.627,0.5,0.5,1,0.4938,1,0.1667,1.0,0.0,1.0,0,1,0,0,0,1,7
mukerrer_veri_seti_v2.csv,REC001087,REC001088,0,0,1,1,0,0,0,0.28,1,0,0,0.1818,1,1,0.7389,0,1,1,1,0,1,0.9136,0.9136,0.5,0.6667,1,0.2244,1,1.0,0.4833,1.0,0.4833,1,0,0,0,0,0,7
mukerrer_veri_seti_v2.csv,REC000017,REC000018,1,1,0,1,1,1,1,1.0,1,1,1,1.0,1,1,1.0,0,1,1,0,0,0,0.96,0.96,0.96,0.6667,1,1.0,1,0.775,1.0,0.775,1.0,0,1,1,0,0,0,7
mukerrer_veri_seti_v2.csv,REC001865,REC001866,0,0,1,1,0,0,0,0.28,1,0,0,0.2963,0,0,0.6188,0,1,1,0,0,0,0.515,0.515,0.0,0.3077,1,0.2528,1,0.4722,0.1538,0.4722,0.0,0,0,0,0,0,0,7
mukerrer_veri_seti_v2.csv,REC001301,REC001302,0,0,1,1,0,0,0,0.28,1,0,1,0.8333,0,0,0.6652,0,1,1,0,0,0,0.5611,0.5611,0.4445,0.5,1,0.8667,1,0.4556,0.2222,0.4556,0.0,0,0,0,0,0,0,7
mukerrer_veri_seti_v2.csv,REC000041,REC000042,1,1,0,1,1,1,1,1.0,1,1,1,1.0,1,1,1.0,0,1,1,0,0,0,0.92,0.92,0.92,0.2308,1,1.0,1,0.76,0.7429,0.76,0.7429,0,0,1,0,0,0,7
mukerrer_veri_seti_v2.csv,REC000021,REC000022,1,1,0,1,0,0,0,0.63,1,1,1,1.0,1,1,1.0,0,1,1,0,0,0,0.96,0.96,0.96,0.6364,1,1.0,1,0.76,1.0,0.76,1.0,0,1,1,0,0,0,7
mukerrer_veri_seti_v2.csv,REC001377,REC001378,0,0,1,1,0,0,0,0.21,1,0,0,0.25,0,0,0.6218,0,1,1,1,0,1,0.9485,0.9485,0.9025,0.8333,1,0.2857,1,1.0,0.805,1.0,0.805,1,0,0,0,0,0,7
mukerrer_veri_seti_v2.csv,REC001617,REC001618,0,0,1,1,0,0,0,0.14,1,0,1,0.5833,0,0,0.7034,0,1,1,0,0,0,0.5617,0.5617,0.0,0.3077,1,0.6667,1,0.62,0.4556,0.62,0.4556,0,0,0,0,0,0,7
mukerrer_veri_seti_v2.csv,REC001871,REC001872,0,0,1,1,0,0,0,0.35,1,0,0,0.25,0,0,0.6372,0,1,1,0,0,0,0.4823,0.4823,0.0,0.25,1,0.2833,1,0.4556,0.4667,0.4556,0.4667,0,0,0,0,0,0,7
mukerrer_veri_seti_v2.csv,REC000735,REC000736,1,1,0,1,1,1,1,1.0,1,1,1,1.0,1,1,0.9213,0,1,1,1,1,1,1.0,1.0,1.0,1.0,1,1.0,1,1.0,1.0,1.0,1.0,1,1,1,0,0,0,7
mukerrer_veri_seti_v2.csv,REC000183,REC000184,1,1,0,1,1,1,1,1.0,1,1,1,1.0,1,1,1.0,0,1,1,1,0,1,0.74,0.74,0.6667,0.8462,1,1.0,1,0.76,1.0,0.76,1.0,0,1,1,0,0,1,7
mukerrer_veri_seti_v2.csv,REC001529,REC001530,0,0,1,1,0,0,0,0.21,1,0,0,0.5217,0,0,0.7,0,1,1,1,1,1,1.0,1.0,1.0,1.0,1,0.5279,1,1.0,1.0,1.0,1.0,1,1,0,0,0,0,7
mukerrer_veri_seti_v2.csv,REC000649,REC000650,1,1,0,1,1,1,1,1.0,1,0,1,0.9677,1,1,1.0,0,1,1,1,1,1,1.0,1.0,1.0,1.0,1,0.9742,1,1.0,1.0,1.0,1.0,1,1,1,0,0,0,7
mukerrer_veri_seti_v2.csv,REC001113,REC001114,0,0,1,1,0,0,0,0.35,1,0,0,0.1818,0,0,0.5887,0,1,1,0,0,0,0.8667,0.8667,0.5,0.6667,1,0.2244,1,1.0,0.55,1.0,0.55,1,0,0,0,0,0,7
mukerrer_veri_seti_v2.csv,REC000185,REC000186,1,1,0,1,1,1,1,1.0,1,1,1,1.0,1,1,1.0,0,1,1,0,0,0,0.74,0.74,0.6667,0.8462,1,1.0,1,1.0,1.0,1.0,1.0,1,1,1,0,0,1,7
mukerrer_veri_seti_v2.csv,REC000737,REC000738,1,1,0,1,1,1,1,1.0,1,1,1,1.0,1,1,1.0,0,1,1,1,1,1,1.0,1.0,1.0,1.0,1,1.0,1,1.0,1.0,1.0,1.0,1,1,1,0,0,0,7
mukerrer_veri_seti_v2.csv,REC001849,REC001850,0,0,1,1,0,0,0,0.21,1,0,0,0.24,0,0,0.693,0,1,1,0,0,0,0.5483,0.5483,0.3631,0.1538,1,0.292,1,0.7262,0.2,0.7262,0.0,0,0,0,0,0,0,7
mukerrer_veri_seti_v2.csv,REC001077,REC001078,0,0,1,1,0,0,0,0.21,1,0,0,0.1818,0,0,0.7368,0,1,1,1,1,1,1.0,1.0,1.0,1.0,1,0.1928,1,1.0,1.0,1.0,1.0,1,1,0,0,0,0,7
mukerrer_veri_seti_v2.csv,REC001043,REC001044,0,0,1,1,0,0,0,0.35,1,0,0,0.0833,0,0,0.6268,0,1,1,0,0,0,0.74,0.74,0.5,0.7143,1,0.0843,1,0.6357,1.0,0.6357,1.0,0,1,0,0,0,1,7
mukerrer_veri_seti_v2.csv,REC001379,REC001380,0,0,1,1,0,0,0,0.14,1,0,1,0.5556,0,0,0.6051,0,1,1,0,0,0,0.5667,0.5667,0.3542,0.3571,1,0.6444,1,0.7083,0.4667,0.7083,0.4667,0,0,0,0,0,0,7
mukerrer_veri_seti_v2.csv,REC000913,REC000914,1,1,0,1,0,0,1,0.8,1,1,1,1.0,1,1,1.0,0,1,1,1,1,1,1.0,1.0,1.0,1.0,1,1.0,1,1.0,1.0,1.0,1.0,1,1,1,0,0,0,7
mukerrer_veri_seti_v2.csv,REC001809,REC001810,0,0,1,1,0,0,0,0.21,1,0,0,0.1667,0,0,0.5813,0,1,1,0,0,0,0.4528,0.4528,0.0,0.1667,1,0.2083,1,0.5556,0.0,0.5556,0.0,0,0,0,0,0,0,7
mukerrer_veri_seti_v2.csv,REC001911,REC001912,0,0,1,1,0,0,0,0.14,1,0,0,0.3077,0,0,0.7119,0,1,1,0,0,0,0.65,0.65,0.0,0.3333,1,0.3409,1,0.6625,0.5,0.6625,0.5,0,0,0,0,0,0,7
mukerrer_veri_seti_v2.csv,REC001419,REC001420,0,0,1,1,0,0,0,0.35,1,0,1,0.1667,0,0,0.7638,0,1,1,1,1,1,1.0,1.0,1.0,1.0,1,0.3333,1,1.0,1.0,1.0,1.0,1,1,0,0,0,0,7
mukerrer_veri_seti_v2.csv,REC001729,REC001730,0,0,1,1,0,0,0,0.28,1,0,0,0.1538,0,0,0.5986,0,1,1,0,0,0,0.5579,0.5579,0.0,0.1538,1,0.202,1,0.5889,0.4556,0.5889,0.4556,0,0,0,0,0,0,7
mukerrer_veri_seti_v2.csv,REC001567,REC001568,0,0,1,1,0,0,0,0.49,1,0,1,0.4348,0,0,0.6464,0,1,1,0,0,0,0.4697,0.4697,0.0,0.0909,1,0.5478,1,0.4667,0.0,0.4667,0.0,0,0,0,0,0,0,7
mukerrer_veri_seti_v2.csv,REC000469,REC000470,1,1,0,1,1,1,1,1.0,1,1,1,1.0,1,1,1.0,0,1,1,1,1,1,1.0,1.0,1.0,1.0,1,1.0,1,1.0,1.0,1.0,1.0,1,1,1,0,0,0,7
mukerrer_veri_seti_v2.csv,REC000467,REC000468,1,1,0,1,1,1,1,1.0,1,0,0,1.0,1,1,1.0,0,1,1,1,1,1,1.0,1.0,1.0,1.0,1,0.8333,1,1.0,1.0,1.0,1.0,1,1,1,0,0,0,7
mukerrer_veri_seti_v2.csv,REC000441,REC000442,1,1,0,1,1,1,1,1.0,1,1,1,1.0,1,1,1.0,0,1,1,0,0,0,0.9619,0.9619,0.9619,0.9231,1,1.0,1,0.9238,1.0,0.9238,1.0,0,1,1,0,0,0,7
mukerrer_veri_seti_v2.csv,REC000443,REC000444,1,1,0,1,1,1,1,1.0,1,1,1,1.0,1,1,1.0,0,1,1,1,1,1,1.0,1.0,1.0,1.0,1,1.0,1,1.0,1.0,1.0,1.0,1,1,1,0,0,0,7
mukerrer_veri_seti_v2.csv,REC000099,REC000100,1,1,0,1,1,1,1,1.0,1,1,1,1.0,1,1,1.0,0,1,1,0,0,0,0.92,0.92,0.92,0.25,1,1.0,1,0.76,0.75,0.76,0.75,0,0,1,0,0,0,7
mukerrer_veri_seti_v2.csv,REC001573,REC001574,0,0,1,1,0,0,0,0.42,1,0,0,0.2,0,0,0.6156,0,1,1,0,0,0,0.5242,0.5242,0.0,0.1818,1,0.2232,1,0.6,0.0,0.6,0.0,0,0,0,0,0,0,7
mukerrer_veri_seti_v2.csv,REC001685,REC001686,0,0,1,1,0,0,0,0.35,1,0,0,0.16,1,1,0.62,0,1,1,0,0,0,0.5,0.5,0.5,0.6364,1,0.203,1,0.0,0.4667,0.0,0.4667,0,0,0,0,0,0,7
mukerrer_veri_seti_v2.csv,REC000853,REC000854,1,1,0,1,1,1,1,1.0,1,1,1,1.0,1,1,1.0,0,1,1,1,1,1,1.0,1.0,1.0,1.0,1,1.0,1,1.0,1.0,1.0,1.0,1,1,1,0,0,0,7
mukerrer_veri_seti_v2.csv,REC001019,REC001020,0,0,1,1,0,0,0,0.35,1,0,1,0.5833,0,0,0.6217,0,1,1,0,0,0,0.6364,0.6364,0.3666,0.4545,1,0.6667,1,0.6,0.6,0.6,0.6,0,0,0,0,0,0,7
mukerrer_veri_seti_v2.csv,REC001437,REC001438,0,0,1,1,0,0,0,0.49,1,0,0,0.1905,0,0,0.6365,0,1,1,0,0,0,0.4222,0.4222,0.0,0.2,1,0.184,1,0.0,0.4667,0.0,0.4667,0,0,0,0,0,0,7
mukerrer_veri_seti_v2.csv,REC001085,REC001086,0,0,1,1,0,0,0,0.35,1,0,0,0.2069,0,0,0.7302,0,1,1,1,1,1,1.0,1.0,1.0,1.0,1,0.2473,1,1.0,1.0,1.0,1.0,1,1,0,0,0,0,7
mukerrer_veri_seti_v2.csv,REC000405,REC000406,1,1,0,1,1,1,1,1.0,1,1,1,1.0,1,1,1.0,0,1,1,1,1,1,1.0,1.0,1.0,1.0,1,1.0,1,1.0,1.0,1.0,1.0,1,1,1,0,0,0,7
mukerrer_veri_seti_v2.csv,REC001771,REC001772,0,0,1,1,0,0,0,0.28,1,0,0,0.1905,0,0,0.7188,0,1,1,0,0,0,0.5278,0.5278,0.0,0.1667,1,0.2424,1,0.2222,0.4722,0.0,0.4722,0,0,0,0,0,0,7
mukerrer_veri_seti_v2.csv,REC001919,REC001920,0,0,1,1,0,0,0,0.28,1,0,1,0.16,0,0,0.6774,0,1,1,0,0,0,0.5444,0.5444,0.0,0.1667,1,0.328,1,0.0,0.5778,0.0,0.5778,0,0,0,0,0,0,7
mukerrer_veri_seti_v2.csv,REC000805,REC000806,1,1,0,1,1,1,1,1.0,1,1,1,1.0,1,1,1.0,0,1,1,1,1,1,1.0,1.0,1.0,1.0,1,1.0,1,1.0,1.0,1.0,1.0,1,1,1,0,0,0,7
mukerrer_veri_seti_v2.csv,REC001791,REC001792,0,0,1,1,0,0,0,0.28,1,0,0,0.3478,0,0,0.7357,0,1,1,0,0,0,0.4857,0.4857,0.3631,0.3571,1,0.3116,1,0.4476,0.4722,0.4476,0.4722,0,0,0,0,0,0,7
mukerrer_veri_seti_v2.csv,REC001051,REC001052,0,0,1,1,0,0,0,0.35,1,0,0,0.2609,0,0,0.6917,0,1,1,1,1,1,1.0,1.0,1.0,1.0,1,0.2801,1,1.0,1.0,1.0,1.0,1,1,0,0,0,0,7
mukerrer_veri_seti_v2.csv,REC000571,REC000572,1,1,0,1,1,1,1,1.0,1,1,1,1.0,1,1,1.0,0,1,1,0,0,0,0.5,0.5,0.5,0.4545,1,1.0,1,0.2,1.0,0.0,1.0,0,1,1,1,1,0,7
mukerrer_veri_seti_v2.csv,REC000619,REC000620,1,1,0,1,1,1,1,1.0,1,1,1,1.0,1,1,0.9474,0,1,1,1,1,1,1.0,1.0,1.0,1.0,1,1.0,1,1.0,1.0,1.0,1.0,1,1,1,0,0,0,7
mukerrer_veri_seti_v2.csv,REC001743,REC001744,0,0,1,1,0,0,0,0.28,1,0,0,0.0741,0,0,0.6462,0,1,1,0,0,0,0.4735,0.4735,0.0,0.3125,1,0.1343,1,0.4476,0.6583,0.4476,0.6583,0,0,0,0,0,0,7
mukerrer_veri_seti_v2.csv,REC001459,REC001460,0,0,1,1,0,0,0,0.28,1,0,0,0.16,0,0,0.5726,0,1,1,1,1,1,1.0,1.0,1.0,1.0,1,0.228,1,1.0,1.0,1.0,1.0,1,1,0,0,0,0,7
mukerrer_veri_seti_v2.csv,REC001645,REC001646,0,0,1,1,0,0,0,0.28,1,0,0,0.0769,0,0,0.6259,0,1,1,0,0,0,0.74,0.74,0.5,0.6667,1,0.1187,1,0.64,1.0,0.64,1.0,0,1,0,0,0,1,7
mukerrer_veri_seti_v2.csv,REC001989,REC001990,0,0,1,1,0,0,0,0.28,1,0,1,0.1429,0,0,0.6429,0,1,1,0,0,0,0.3998,0.3998,0.0,0.2,1,0.3143,1,0.4365,0.4365,0.4365,0.4365,0,0,0,0,0,0,7
mukerrer_veri_seti_v2.csv,REC000585,REC000586,1,1,0,1,0,0,1,0.8,1,0,0,1.0,1,1,1.0,0,1,1,1,1,1,1.0,1.0,1.0,1.0,1,0.8833,1,1.0,1.0,1.0,1.0,1,1,0,0,0,0,7
mukerrer_veri_seti_v2.csv,REC000651,REC000652,1,1,0,1,1,1,1,1.0,1,1,1,1.0,1,1,0.0,0,1,1,1,1,1,1.0,1.0,1.0,1.0,1,1.0,1,1.0,1.0,1.0,1.0,1,1,1,0,0,0,6
mukerrer_veri_seti_v2.csv,REC001583,REC001584,0,0,1,1,0,0,0,0.28,1,0,0,0.1905,0,0,0.6672,0,1,1,1,1,1,1.0,1.0,1.0,1.0,1,0.17,1,1.0,1.0,1.0,1.0,1,1,0,0,0,0,7
mukerrer_veri_seti_v2.csv,REC001079,REC001080,0,0,1,1,0,0,0,0.28,1,0,0,0.1538,1,1,0.6337,0,1,1,0,0,0,0.74,0.74,0.8534,0.7692,1,0.1407,1,0.7067,1.0,0.7067,1.0,0,1,0,0,0,1,7
mukerrer_veri_seti_v2.csv,REC001853,REC001854,0,0,1,1,0,0,0,0.21,1,0,0,0.3478,1,1,0.6618,0,1,1,0,0,0,0.4848,0.4848,0.0,0.0909,1,0.3665,1,0.25,0.5778,0.0,0.5778,0,0,0,0,0,0,7
mukerrer_veri_seti_v2.csv,REC000621,REC000622,1,1,0,1,1,1,1,1.0,1,0,0,1.0,1,1,1.0,0,1,1,1,1,1,1.0,1.0,1.0,1.0,1,0.8882,1,1.0,1.0,1.0,1.0,1,1,1,0,0,0,7
mukerrer_veri_seti_v2.csv,REC001867,REC001868,0,0,1,1,0,0,0,0.42,1,0,0,0.3,0,0,0.6595,0,1,1,0,0,0,0.5045,0.5045,0.0,0.1818,1,0.3218,1,0.4833,0.2,0.4833,0.0,0,0,0,0,0,0,7
mukerrer_veri_seti_v2.csv,REC000837,REC000838,1,1,0,1,1,1,1,1.0,1,1,1,1.0,1,1,1.0,0,1,1,1,0,1,0.9636,0.9636,0.9533,0.9091,1,1.0,1,1.0,0.9067,1.0,0.9067,1,0,1,0,0,0,7
mukerrer_veri_seti_v2.csv,REC001413,REC001414,0,0,1,1,0,0,0,0.35,1,0,0,0.24,0,0,0.6137,0,1,1,0,0,0,0.4528,0.4528,0.3916,0.25,1,0.2709,1,0.0,0.7833,0.0,0.7833,0,0,0,0,0,0,7
mukerrer_veri_seti_v2.csv,REC001619,REC001620,0,0,1,1,0,0,0,0.28,1,0,0,0.1739,0,0,0.5703,0,1,1,1,1,1,1.0,1.0,1.0,1.0,1,0.2141,1,1.0,1.0,1.0,1.0,1,1,0,0,0,0,7
mukerrer_veri_seti_v2.csv,REC000239,REC000240,1,1,0,1,1,1,1,1.0,1,1,1,1.0,1,1,1.0,0,1,1,0,0,0,0.96,0.96,0.96,0.6154,1,1.0,1,0.75,1.0,0.75,1.0,0,1,1,0,0,0,7
mukerrer_veri_seti_v2.csv,REC001219,REC001220,0,0,1,1,0,0,0,0.28,1,0,0,0.3,0,0,0.6235,0,1,1,1,1,1,1.0,1.0,1.0,1.0,1,0.36,1,1.0,1.0,1.0,1.0,1,1,0,0,0,0,7
mukerrer_veri_seti_v2.csv,REC000599,REC000600,1,1,0,1,0,0,0,0.65,1,0,0,1.0,1,1,1.0,0,1,1,1,1,1,1.0,1.0,1.0,1.0,1,0.9412,1,1.0,1.0,1.0,1.0,1,1,0,0,0,0,7
mukerrer_veri_seti_v2.csv,REC000437,REC000438,1,1,0,1,1,1,1,1.0,1,1,1,1.0,1,1,1.0,0,1,1,1,1,1,1.0,1.0,1.0,1.0,1,1.0,1,1.0,1.0,1.0,1.0,1,1,1,0,0,0,7
mukerrer_veri_seti_v2.csv,REC000703,REC000704,1,1,0,1,1,1,1,1.0,1,0,1,0.9091,1,1,1.0,0,1,1,1,1,1,1.0,1.0,1.0,1.0,1,0.9273,1,1.0,1.0,1.0,1.0,1,1,1,0,0,0,7
mukerrer_veri_seti_v2.csv,REC001637,REC001638,0,0,1,1,0,0,0,0.21,1,0,0,0.3478,0,0,0.6654,0,1,1,1,1,1,1.0,1.0,1.0,1.0,1,0.3683,1,1.0,1.0,1.0,1.0,1,1,0,0,0,0,7
mukerrer_veri_seti_v2.csv,REC001039,REC001040,0,0,1,1,0,0,0,0.21,1,0,0,0.1739,1,1,0.6801,0,1,1,1,0,1,0.8831,0.8831,0.5,0.6154,1,0.2291,1,1.0,0.55,1.0,0.55,1,0,0,0,0,0,7
mukerrer_veri_seti_v2.csv,REC001613,REC001614,0,0,1,1,0,0,0,0.14,1,0,0,0.3478,0,0,0.6494,0,1,1,1,1,1,1.0,1.0,1.0,1.0,1,0.3665,1,1.0,1.0,1.0,1.0,1,1,0,0,0,0,7
mukerrer_veri_seti_v2.csv,REC001179,REC001180,0,0,1,1,0,0,0,0.21,1,0,0,0.2857,1,1,0.7091,0,1,1,1,0,1,0.9009,0.9009,0.8603,0.6154,1,0.2619,1,1.0,0.7206,1.0,0.7206,1,0,0,0,0,0,7
mukerrer_veri_seti_v2.csv,REC001649,REC001650,0,0,1,1,0,0,0,0.21,1,0,1,0.3333,0,0,0.6557,0,1,1,1,0,1,0.9055,0.9055,0.5,0.7273,1,0.4667,1,1.0,0.67,1.0,0.67,1,0,0,0,0,0,7
mukerrer_veri_seti_v2.csv,REC000851,REC000852,1,1,0,1,1,1,1,1.0,1,0,1,0.9167,1,1,1.0,0,1,1,1,1,1,1.0,1.0,1.0,1.0,1,0.9333,1,1.0,1.0,1.0,1.0,1,1,1,0,0,0,7
mukerrer_veri_seti_v2.csv,REC001249,REC001250,0,0,1,1,0,0,0,0.28,1,0,0,0.4,1,1,0.5869,0,1,1,0,0,0,0.7383,0.7383,0.5,0.6364,1,0.4155,1,0.6333,1.0,0.6333,1.0,0,1,0,0,0,1,7
mukerrer_veri_seti_v2.csv,REC000953,REC000954,1,0,0,0,1,1,1,1.0,1,1,1,1.0,1,1,1.0,0,1,1,1,1,1,1.0,1.0,1.0,1.0,1,1.0,1,1.0,1.0,1.0,1.0,1,1,1,0,0,0,6
mukerrer_veri_seti_v2.csv,REC001831,REC001832,0,0,1,1,0,0,0,0.28,1,0,0,0.2308,0,0,0.6171,0,1,1,0,0,0,0.5167,0.5167,0.0,0.1667,1,0.2679,1,0.55,0.0,0.55,0.0,0,0,0,0,0,0,7
mukerrer_veri_seti_v2.csv,REC000521,REC000522,1,1,0,1,1,1,1,1.0,1,1,1,1.0,1,1,1.0,0,1,1,1,1,1,1.0,1.0,1.0,1.0,1,1.0,1,1.0,1.0,1.0,1.0,1,1,1,0,0,0,7
mukerrer_veri_seti_v2.csv,REC001525,REC001526,0,0,1,1,0,0,0,0.35,1,0,0,0.1667,1,1,0.5985,0,1,1,1,0,1,0.835,0.835,0.5,0.5385,1,0.219,1,1.0,0.4476,1.0,0.4476,1,0,0,0,0,0,7
mukerrer_veri_seti_v2.csv,REC001807,REC001808,0,0,1,1,0,0,0,0.35,1,0,0,0.2308,0,0,0.6467,0,1,1,0,0,0,0.3965,0.3965,0.0,0.25,1,0.2596,1,0.4556,0.4667,0.4556,0.4667,0,0,0,0,0,0,7
mukerrer_veri_seti_v2.csv,REC001399,REC001400,0,0,1,1,0,0,0,0.21,1,0,0,0.1818,0,0,0.8618,0,1,1,1,1,1,1.0,1.0,1.0,1.0,1,0.2205,1,1.0,1.0,1.0,1.0,1,1,0,0,0,0,7
mukerrer_veri_seti_v2.csv,REC000633,REC000634,1,1,0,1,1,1,1,1.0,1,1,1,1.0,1,1,1.0,0,1,1,1,1,1,1.0,1.0,1.0,1.0,1,1.0,1,1.0,1.0,1.0,1.0,1,1,1,0,0,0,7
mukerrer_veri_seti_v2.csv,REC001953,REC001954,0,0,1,1,0,0,0,0.21,1,0,0,0.1667,0,0,0.8519,0,1,1,0,0,0,0.4495,0.4495,0.0,0.1667,1,0.2216,1,0.0,0.4556,0.0,0.4556,0,0,0,0,0,0,7
mukerrer_veri_seti_v2.csv,REC001165,REC001166,0,0,1,1,0,0,0,0.35,1,0,0,0.2727,0,0,0.7368,0,1,1,0,0,0,0.3991,0.3991,0.3916,0.3077,1,0.3,1,0.0,0.2,0.0,0.0,0,0,0,0,0,0,7
mukerrer_veri_seti_v2.csv,REC000871,REC000872,1,1,0,1,1,1,1,1.0,1,1,1,1.0,1,1,1.0,0,1,1,1,1,1,1.0,1.0,1.0,1.0,1,1.0,1,1.0,1.0,1.0,1.0,1,1,1,0,0,0,7
mukerrer_veri_seti_v2.csv,REC000755,REC000756,1,1,0,1,1,1,1,1.0,1,1,1,1.0,1,1,1.0,0,1,1,1,1,1,1.0,1.0,1.0,1.0,1,1.0,1,1.0,1.0,1.0,1.0,1,1,1,0,0,0,7
mukerrer_veri_seti_v2.csv,REC000893,REC000894,1,1,0,1,1,1,1,1.0,1,1,1,1.0,1,1,1.0,0,1,1,1,1,1,1.0,1.0,1.0,1.0,1,1.0,1,1.0,1.0,1.0,1.0,1,1,1,0,0,0,7
mukerrer_veri_seti_v2.csv,REC001531,REC001532,0,0,1,1,0,0,0,0.28,1,0,0,0.25,0,0,0.7719,0,1,1,0,0,0,0.5467,0.5467,0.0,0.3077,1,0.2833,1,0.0,0.5651,0.0,0.5651,0,0,0,0,0,0,7
mukerrer_veri_seti_v2.csv,REC000799,REC000800,1,1,0,1,1,1,1,1.0,1,1,1,1.0,1,1,0.9412,0,1,1,1,1,1,1.0,1.0,1.0,1.0,1,1.0,1,1.0,1.0,1.0,1.0,1,1,1,0,0,0,7
mukerrer_veri_seti_v2.csv,REC001033,REC001034,0,0,1,1,0,0,0,0.35,1,0,0,0.381,1,1,0.7241,0,1,1,0,0,0,0.725,0.725,0.5,0.6667,1,0.3866,1,0.55,1.0,0.55,1.0,0,1,0,0,0,1,7
mukerrer_veri_seti_v2.csv,REC000589,REC000590,1,1,0,1,1,1,1,1.0,1,1,1,1.0,1,1,1.0,0,1,1,0,0,0,0.6326,0.6326,0.3755,0.5556,1,1.0,1,0.7511,1.0,0.7511,1.0,0,1,1,0,0,0,7
mukerrer_veri_seti_v2.csv,REC001725,REC001726,0,0,1,1,0,0,0,0.14,1,0,0,0.4348,0,0,0.6457,0,1,1,0,0,0,0.5429,0.5429,0.4111,0.3333,1,0.4228,1,0.4833,0.5556,0.4833,0.5556,0,0,0,0,0,0,7
mukerrer_veri_seti_v2.csv,REC000193,REC000194,1,1,0,1,1,1,1,1.0,1,1,1,1.0,1,1,1.0,0,1,1,0,0,0,0.96,0.96,0.96,0.6667,1,1.0,1,0.76,1.0,0.76,1.0,0,1,1,0,0,0,7
mukerrer_veri_seti_v2.csv,REC001993,REC001994,0,0,1,1,0,0,0,0.28,1,0,0,0.1667,0,0,0.6229,0,1,1,0,0,0,0.404,0.404,0.0,0.1818,1,0.2123,1,0.2222,0.0,0.0,0.0,0,0,0,0,0,0,7
mukerrer_veri_seti_v2.csv,REC000565,REC000566,1,1,0,1,1,1,1,1.0,1,1,1,1.0,1,1,1.0,0,1,1,1,1,1,1.0,1.0,1.0,1.0,1,1.0,1,1.0,1.0,1.0,1.0,1,1,1,0,0,0,7
mukerrer_veri_seti_v2.csv,REC000023,REC000024,1,1,0,1,1,1,1,1.0,1,1,1,1.0,1,1,1.0,0,1,1,0,0,0,0.92,0.92,0.92,0.2727,1,1.0,1,0.76,0.76,0.76,0.76,0,0,1,0,0,0,7
mukerrer_veri_seti_v2.csv,REC000065,REC000066,1,1,0,1,0,0,0,0.63,1,1,1,1.0,1,1,1.0,0,1,1,0,0,0,0.96,0.96,0.96,0.6,1,1.0,1,0.76,1.0,0.76,1.0,0,1,1,0,0,0,7
mukerrer_veri_seti_v2.csv,REC001209,REC001210,0,0,1,1,0,0,0,0.21,1,0,1,0.4211,0,0,0.6272,0,1,1,0,0,0,0.4667,0.4667,0.0,0.1,1,0.5368,1,0.25,0.0,0.0,0.0,0,0,0,0,0,0,7
mukerrer_veri_seti_v2.csv,REC001755,REC001756,0,0,1,1,0,0,0,0.28,1,0,0,0.3478,0,0,0.693,0,1,1,0,0,0,0.4738,0.4738,0.0,0.3846,1,0.3665,1,0.5619,0.4667,0.5619,0.4667,0,0,0,0,0,0,7
mukerrer_veri_seti_v2.csv,REC001071,REC001072,0,0,1,1,0,0,0,0.42,1,0,0,0.1905,0,0,0.6605,0,1,1,1,1,1,1.0,1.0,1.0,1.0,1,0.2155,1,1.0,1.0,1.0,1.0,1,1,0,0,0,0,7
mukerrer_veri_seti_v2.csv,REC001721,REC001722,0,0,1,1,0,0,0,0.28,1,0,0,0.0833,1,1,0.8501,0,1,1,0,0,0,0.2828,0.2828,0.0,0.0833,1,0.1549,1,0.0,0.1667,0.0,0.0,0,0,0,0,0,0,7
mukerrer_veri_seti_v2.csv,REC000033,REC000034,1,1,0,1,1,1,1,1.0,1,1,1,1.0,1,1,1.0,0,1,1,0,0,0,0.92,0.92,0.92,0.2727,1,1.0,1,0.76,0.76,0.76,0.76,0,0,1,0,0,0,7
mukerrer_veri_seti_v2.csv,REC000221,REC000222,1,1,0,1,1,1,1,1.0,1,1,1,1.0,1,1,1.0,0,1,1,1,0,1,0.96,0.96,0.96,0.6667,1,1.0,1,1.0,0.76,1.0,0.76,1,0,1,0,0,0,7
mukerrer_veri_seti_v2.csv,REC000515,REC000516,1,1,0,1,1,1,1,1.0,1,1,1,1.0,1,1,1.0,0,1,1,1,1,1,1.0,1.0,1.0,1.0,1,1.0,1,1.0,1.0,1.0,1.0,1,1,1,0,0,0,7
mukerrer_veri_seti_v2.csv,REC000879,REC000880,1,1,0,1,1,1,1,1.0,1,1,1,1.0,1,1,1.0,0,1,1,1,1,1,1.0,1.0,1.0,1.0,1,1.0,1,1.0,1.0,1.0,1.0,1,1,1,0,0,0,7
mukerrer_veri_seti_v2.csv,REC001223,REC001224,0,0,1,1,0,0,0,0.35,1,0,0,0.25,1,1,0.7951,0,1,1,0,0,0,0.7275,0.7275,0.5,0.5833,1,0.29,1,0.65,1.0,0.65,1.0,0,1,0,0,0,1,7
mukerrer_veri_seti_v2.csv,REC001817,REC001818,0,0,1,1,0,0,0,0.28,1,0,0,0.24,0,0,0.6426,0,1,1,0,0,0,0.2939,0.2939,0.0,0.0909,1,0.2096,1,0.0,0.51,0.0,0.51,0,0,0,0,0,0,7
mukerrer_veri_seti_v2.csv,REC001175,REC001176,0,0,1,1,0,0,0,0.28,1,0,0,0.0909,0,0,0.6848,0,1,1,1,1,1,1.0,1.0,1.0,1.0,1,0.1561,1,1.0,1.0,1.0,1.0,1,1,0,0,0,0,7
mukerrer_veri_seti_v2.csv,REC000709,REC000710,1,1,0,1,1,1,1,1.0,1,1,1,1.0,1,1,1.0,0,1,1,1,1,1,1.0,1.0,1.0,1.0,1,1.0,1,1.0,1.0,1.0,1.0,1,1,1,0,0,0,7
mukerrer_veri_seti_v2.csv,REC001765,REC001766,0,0,1,1,0,0,0,0.28,1,0,0,0.3,0,0,0.6252,0,1,1,0,0,0,0.5333,0.5333,0.0,0.4,1,0.3233,1,0.4833,0.0,0.4833,0.0,0,0,0,0,0,0,7
mukerrer_veri_seti_v2.csv,REC000923,REC000924,1,1,0,1,1,1,1,1.0,1,0,0,1.0,1,1,1.0,0,1,1,1,1,1,1.0,1.0,1.0,1.0,1,0.875,1,1.0,1.0,1.0,1.0,1,1,1,0,0,0,7
mukerrer_veri_seti_v2.csv,REC000321,REC000322,1,1,0,1,1,1,1,1.0,1,1,1,1.0,1,1,1.0,0,1,1,1,1,1,1.0,1.0,1.0,1.0,1,1.0,1,1.0,1.0,1.0,1.0,1,1,1,0,0,0,7
mukerrer_veri_seti_v2.csv,REC001833,REC001834,0,0,1,1,0,0,0,0.21,1,0,0,0.4138,0,0,0.6905,0,1,1,0,0,0,0.5643,0.5643,0.3746,0.4,1,0.4144,1,0.4476,0.4365,0.4476,0.4365,0,0,0,0,0,0,7
mukerrer_veri_seti_v2.csv,REC000169,REC000170,1,1,0,1,1,1,1,1.0,1,1,1,1.0,1,1,1.0,0,1,1,0,0,0,0.74,0.74,0.6667,0.8182,1,1.0,1,1.0,1.0,1.0,1.0,1,1,1,0,0,1,7
mukerrer_veri_seti_v2.csv,REC001595,REC001596,0,0,1,1,0,0,0,0.35,1,0,1,0.2222,0,0,0.9411,0,1,1,0,0,0,0.4495,0.4495,0.0,0.25,1,0.3778,1,0.4556,0.0,0.4556,0.0,0,0,0,0,0,0,7
mukerrer_veri_seti_v2.csv,REC000315,REC000316,1,1,0,1,1,1,1,1.0,1,1,1,1.0,1,1,1.0,0,1,1,1,0,1,0.9231,0.9231,0.5,0.6154,1,1.0,1,1.0,0.4583,1.0,0.4583,1,0,1,0,0,0,7
mukerrer_veri_seti_v2.csv,REC000149,REC000150,1,1,0,1,1,1,1,1.0,1,1,1,1.0,1,1,1.0,0,1,1,0,0,0,0.96,0.96,0.96,0.6364,1,1.0,1,1.0,0.76,1.0,0.76,1,0,1,0,0,0,7
mukerrer_veri_seti_v2.csv,REC001285,REC001286,0,0,1,1,0,0,0,0.28,1,0,1,0.5217,0,0,0.6456,0,1,1,0,0,0,0.35,0.35,0.0,0.1667,1,0.6174,1,0.1818,0.0,0.0,0.0,0,0,0,0,0,0,7
mukerrer_veri_seti_v2.csv,REC000319,REC000320,1,1,0,1,1,1,1,1.0,1,1,1,1.0,1,1,1.0,0,1,1,0,0,0,0.9667,0.9667,0.96,0.9167,1,1.0,1,0.92,1.0,0.92,1.0,0,1,1,0,0,0,7
mukerrer_veri_seti_v2.csv,REC000885,REC000886,1,0,0,0,1,1,1,1.0,1,1,1,1.0,1,1,0.0,0,1,1,1,1,1,1.0,1.0,1.0,1.0,1,1.0,1,1.0,1.0,1.0,1.0,1,1,1,0,0,0,5
mukerrer_veri_seti_v2.csv,REC001629,REC001630,0,0,1,1,0,0,0,0.21,1,0,0,0.25,1,1,0.593,0,1,1,0,0,0,0.74,0.74,0.5,0.6364,1,0.29,1,0.535,1.0,0.535,1.0,0,1,0,0,0,1,7
mukerrer_veri_seti_v2.csv,REC001233,REC001234,0,0,1,1,0,0,0,0.21,1,0,0,0.3333,1,1,0.7119,0,1,1,0,0,0,0.8788,0.8788,0.5,0.5833,1,0.3614,1,1.0,0.51,1.0,0.51,1,0,0,0,0,0,7
mukerrer_veri_seti_v2.csv,REC001367,REC001368,0,0,1,1,0,0,0,0.28,1,0,0,0.25,0,0,0.8379,0,1,1,1,1,1,1.0,1.0,1.0,1.0,1,0.2833,1,1.0,1.0,1.0,1.0,1,1,0,0,0,0,7
mukerrer_veri_seti_v2.csv,REC001115,REC001116,0,0,1,1,0,0,0,0.35,1,0,1,0.5714,0,0,0.7018,0,1,1,0,0,0,0.5075,0.5075,0.0,0.25,1,0.6571,1,0.62,0.0,0.62,0.0,0,0,0,0,0,0,7
mukerrer_veri_seti_v2.csv,REC001101,REC001102,0,0,1,1,0,0,0,0.28,1,0,0,0.3333,1,1,0.665,0,1,1,0,0,0,0.5333,0.5333,0.5,0.6,1,0.35,1,0.2222,0.2222,0.0,0.0,0,0,0,0,0,0,7
mukerrer_veri_seti_v2.csv,REC001417,REC001418,0,0,1,1,0,0,0,0.21,1,0,0,0.0833,0,0,0.7619,0,1,1,1,1,1,1.0,1.0,1.0,1.0,1,0.1567,1,1.0,1.0,1.0,1.0,1,1,0,0,0,0,7
mukerrer_veri_seti_v2.csv,REC001443,REC001444,0,0,1,1,0,0,0,0.21,1,0,0,0.2857,0,0,0.6976,0,1,1,1,1,1,1.0,1.0,1.0,1.0,1,0.2619,1,1.0,1.0,1.0,1.0,1,1,0,0,0,0,7
mukerrer_veri_seti_v2.csv,REC001289,REC001290,0,0,1,1,0,0,0,0.14,1,0,0,0.1053,0,0,0.6308,0,1,1,1,1,1,1.0,1.0,1.0,1.0,1,0.1175,1,1.0,1.0,1.0,1.0,1,1,0,0,0,0,7
mukerrer_veri_seti_v2.csv,REC000371,REC000372,1,1,0,1,1,1,1,1.0,1,1,1,1.0,1,1,1.0,0,1,1,1,1,1,1.0,1.0,1.0,1.0,1,1.0,1,1.0,1.0,1.0,1.0,1,1,1,0,0,0,7
mukerrer_veri_seti_v2.csv,REC000213,REC000214,1,1,0,1,1,1,1,1.0,1,1,1,1.0,1,1,1.0,0,1,1,1,0,1,0.96,0.96,0.96,0.7273,1,1.0,1,1.0,0.775,1.0,0.775,1,0,1,0,0,0,7
mukerrer_veri_seti_v2.csv,REC001537,REC001538,0,0,1,1,0,0,0,0.28,1,0,0,0.1667,0,0,0.6452,0,1,1,1,0,1,0.8885,0.8885,0.5,0.6923,1,0.2281,1,1.0,0.535,1.0,0.535,1,0,0,0,0,0,7
mukerrer_veri_seti_v2.csv,REC000215,REC000216,1,1,0,1,1,1,1,1.0,1,1,1,1.0,1,1,1.0,0,1,1,0,0,0,0.92,0.92,0.92,0.25,1,1.0,1,0.75,0.76,0.75,0.76,0,0,1,0,0,0,7
mukerrer_veri_seti_v2.csv,REC000989,REC000990,1,1,0,1,1,1,1,1.0,1,1,1,1.0,1,1,0.0,0,1,1,1,1,1,1.0,1.0,1.0,1.0,1,1.0,1,1.0,1.0,1.0,1.0,1,1,1,0,0,0,6
mukerrer_veri_seti_v2.csv,REC000943,REC000944,1,1,0,1,1,1,1,1.0,1,1,1,1.0,1,1,1.0,0,1,1,1,1,1,1.0,1.0,1.0,1.0,1,1.0,1,1.0,1.0,1.0,1.0,1,1,1,0,0,0,7
mukerrer_veri_seti_v2.csv,REC001261,REC001262,0,0,1,1,0,0,0,0.35,1,0,0,0.2143,0,0,0.8893,0,1,1,1,1,1,1.0,1.0,1.0,1.0,1,0.2669,1,1.0,1.0,1.0,1.0,1,1,0,0,0,0,7
mukerrer_veri_seti_v2.csv,REC000679,REC000680,1,1,0,1,0,0,0,0.63,1,1,1,1.0,1,1,1.0,0,1,1,1,1,1,1.0,1.0,1.0,1.0,1,1.0,1,1.0,1.0,1.0,1.0,1,1,1,0,0,0,7
mukerrer_veri_seti_v2.csv,REC001287,REC001288,0,0,1,1,0,0,0,0.42,1,0,0,0.1818,0,0,0.7603,0,1,1,0,0,0,0.2884,0.2884,0.0,0.2143,1,0.1642,1,0.0,0.0,0.0,0.0,0,0,0,0,0,0,7
mukerrer_veri_seti_v2.csv,REC001015,REC001016,0,0,1,1,0,0,0,0.21,1,0,0,0.2,0,0,0.7258,0,1,1,1,1,1,1.0,1.0,1.0,1.0,1,0.25,1,1.0,1.0,1.0,1.0,1,1,0,0,0,0,7
mukerrer_veri_seti_v2.csv,REC001315,REC001316,0,0,1,1,0,0,0,0.28,1,0,0,0.4167,0,0,0.6148,0,1,1,0,0,0,0.8543,0.8543,0.5,0.5455,1,0.4333,1,1.0,0.4444,1.0,0.4444,1,0,0,0,0,0,7
mukerrer_veri_seti_v2.csv,REC001345,REC001346,0,0,1,1,0,0,0,0.28,1,0,1,0.6316,0,0,0.6279,0,1,1,0,0,0,0.5763,0.5763,0.0,0.2727,1,0.7053,1,0.6333,0.4667,0.6333,0.4667,0,0,0,0,0,0,7
mukerrer_veri_seti_v2.csv,REC000747,REC000748,1,1,0,1,1,1,1,1.0,1,1,1,1.0,1,1,0.0,0,1,1,1,1,1,1.0,1.0,1.0,1.0,1,1.0,1,1.0,1.0,1.0,1.0,1,1,1,0,0,0,6
mukerrer_veri_seti_v2.csv,REC001551,REC001552,0,0,1,1,0,0,0,0.35,1,0,0,0.24,0,0,0.7692,0,1,1,1,1,1,1.0,1.0,1.0,1.0,1,0.2753,1,1.0,1.0,1.0,1.0,1,1,0,0,0,0,7
mukerrer_veri_seti_v2.csv,REC000261,REC000262,1,1,0,1,1,1,1,1.0,1,1,1,1.0,1,1,1.0,0,1,1,0,0,0,0.92,0.92,0.92,0.2308,1,1.0,1,0.7429,0.76,0.7429,0.76,0,0,1,0,0,0,7
mukerrer_veri_seti_v2.csv,REC001117,REC001118,0,0,1,1,0,0,0,0.28,1,0,0,0.3478,1,1,0.6458,0,1,1,0,0,0,0.74,0.74,0.5,0.6364,1,0.3683,1,0.62,1.0,0.62,1.0,0,1,0,0,0,1,7
mukerrer_veri_seti_v2.csv,REC001095,REC001096,0,0,1,1,0,0,0,0.35,1,0,0,0.4348,0,0,0.75,0,1,1,1,1,1,1.0,1.0,1.0,1.0,1,0.3666,1,1.0,1.0,1.0,1.0,1,1,0,0,0,0,7
